"$469,900","24 GROVE CT , AUBURN, NH 03032"
"$639,900","102 HEATHER CIR , AUBURN, NH 03032"
"$479,900","55 PASTURE RD , AUBURN, NH 03032"
"$429,000","351 CHESTER RD , AUBURN, NH 03032"
"$489,900"," Lot # 15 Nathaniel Way , Auburn, NH 03032"
"$546,900","4 Haven Dr , Auburn, NH 03032"
"$359,900","14 Sun Valley Rd , Auburn, NH 03032"
"$389,900","24 Sun Valley Rd , Auburn, NH 03032"
"$525,000","39 DOLLARD RD , AUBURN, NH 03032"
"$179,000","10 Sunrise Cir # 37, Auburn, NH 03032"
"$255,000","112 Hooksett Rd Lot 10-5-3, Auburn, NH 03032"
"$339,900","729 CHESTER RD , AUBURN, NH 03032"
"$339,900","11 Rockingham Rd # F, Auburn, NH 03032"
"$495,000","11 Rockingham Rd # G, Auburn, NH 03032"
"$495,000","80 Dartmouth Dr # 9, Auburn, NH 03032"
"$349,900","100 Dartmouth Dr Lot 8, Auburn, NH 03032"
