"$350,000","38 TAYLOR DR , BROOKLINE, NH 03033"
"$350,000","23 TAYLOR DR , BROOKLINE, NH 03033"
"$359,000","76 MASON RD , BROOKLINE, NH 03033"
"$797,400","9 LOUIS DR , BROOKLINE, NH 03033"
"$289,000","26 Mason Rd , Brookline, NH 03033"
"$127,000","23 Old Milford Rd , Brookline, NH 03033"
"$389,000","6 MCDANIELS DR , BROOKLINE, NH 03033"
"$339,900","G-40 Russell Hill Rd Rd # 9, Brookline, NH 03033"
"$375,000","8 BLUEBERRY LN , BROOKLINE, NH 03033"
"$595,000","46 Wildwood Dr , Brookline, NH 03033"
"$459,900","9 HIGH VIEW DR , BROOKLINE, NH 03033"
"$199,000","231 ROUTE 13 , BROOKLINE, NH 03033"
"$449,900","11 MAIN ST , BROOKLINE, NH 03033"
"$84,900","1 HOOD RD , BROOKLINE, NH 03033"
"$369,900","3 Kemp Dr , Brookline, NH 03033"
"$459,000","5 Countryside Dr , Brookline, NH 03033"
"$322,900","6 RIDEOUT LN , BROOKLINE, NH 03033"
"$642,000","4 RUSSELL HILL RD , BROOKLINE, NH 03033"
"$369,900","24 Wildwood Dr , Brookline, NH 03033"
"$539,000","3 Kemp Dr , Brookline, NH 03033"
"$589,000","18 Sawtelle Rd , Brookline, NH 03033"
"$589,000","26 Wildwood Dr , Brookline, NH 03033"
"$642,000","26 Wildwood Dr , Brookline, NH 03033"
