"$299,900","150 MIDDLE RD , DEERFIELD, NH 03037"
"$234,900","79 GRIFFIN RD , DEERFIELD, NH 03037"
"$1,200,000","73 NOTTINGHAM RD , DEERFIELD, NH 03037"
"$1,200,000","73 Nottingham Road Cabin , Deerfield, NH 03037"
"$429,900","136 Hartford Brook Rd # 27-36, Deerfield, NH 03037"
"$364,900","13 Old Candia Rd , Deerfield, NH 03037"
"$409,900","10 Cobbler Trl , Deerfield, NH 03037"
"$419,900","7 Cobbler Trl , Deerfield, NH 03037"
"$384,900","143 NOTTINGHAM RD , DEERFIELD, NH 03037"
"$399,900","244 MIDDLE RD , DEERFIELD, NH 03037"
"$749,900","7 WOODCREST DR , DEERFIELD, NH 03037"
"$429,000","73 RAYMOND RD , DEERFIELD, NH 03037"
"$374,900","113 MOUNTAIN VIEW RD , DEERFIELD, NH 03037"
"$339,900","8 COMPANION RD , DEERFIELD, NH 03037"
"$319,900","2 Mountain Rd , Deerfield, NH 03037"
