"$479,000"," 10 Beacon Ln # 31, Amherst, NH 03031"
"$1,500,000","1 HIGH MEADOW LN , AMHERST, NH 03031"
"$169,900"," Whiting Farm Dr Lot 79-2, Amherst, NH 03031"
"$169,900"," Whiting Farm Dr Lot 79-4, Amherst, NH 03031"
"$169,900"," Whiting Farm Dr Lot 79-3, Amherst, NH 03031"
"$169,900"," Whiting Farm Dr Lot 79-17, Amherst, NH 03031"
"$169,000","79-20 Whiting Farm Dr , Amherst, NH 03031"
"$2,495,000","18 Chestnut Hill Rd , Amherst, NH 03031"
"$537,000","13 GENERAL AMHERST RD , AMHERST, NH 03031"
$152K,"15 PETTINGALE RD , AMHERST, NH 03031"
"$1,285,000","6 MACK HILL RD , AMHERST, NH 03031"
"$294,900","5 JUNIPER DR , AMHERST, NH 03031"
"$499,000","154 AMHERST ST , AMHERST, NH 03031"
"$610,000","9 UPPER FLANDERS RD , AMHERST, NH 03031"
"$414,900","97 BOSTON POST RD , AMHERST, NH 03031"
"$249,900","6 SUNRIDGE WAY , AMHERST, NH 03031"
"$249,900","6 Sunridge Way # 6, Amherst, NH 03031"
"$459,900","72 Baboosic Lake Rd , Amherst, NH 03031"
"$620,000","9 Mont Vernon Rd , Amherst, NH 03031"
"$574,900","14 Manchester Rd , Amherst, NH 03031"
"$354,900","3 Morning Ln # 11, Amherst, NH 03031"
"$249,900","15 Scottie Way , Amherst, NH 03031"
"$1,499,900"," Boston post Rd , Amherst, NH 03031"
"$365,000","2 WILLIAMSBURG DR , AMHERST, NH 03031"
"$695,000","16 OLD MILFORD RD , AMHERST, NH 03031"
