"$325,000","425 RAYMOND RD , CHESTER, NH 03036"
"$485,000","57 Granite Ln , Chester, NH 03036"
"$310,000","141 PARKER RD , CHESTER, NH 03036"
"$499,900","13 TRILLIUM LN , CHESTER, NH 03036"
"$400,000","82 JENKINS FARM RD , CHESTER, NH 03036"
"$289,900","66 HAVERHILL RD , CHESTER, NH 03036"
"$469,000","76 MEADOW FOX LN , CHESTER, NH 03036"
"$350,000","516 RAYMOND RD , CHESTER, NH 03036"
"$619,000","12 CHESTER ST , CHESTER, NH 03036"
"$169,500","655 FREMONT RD , CHESTER, NH 03036"
"$2,200,000","14 BITTERSWEET LN , CHESTER, NH 03036"
"$439,900","156 Derry Rd , Chester, NH 03036"
"$149,000","24 CARKIN RD , CHESTER, NH 03036"
"$935,000","336 N POND RD , CHESTER, NH 03036"
"$339,000","819 RAYMOND RD , CHESTER, NH 03036"
"$359,000","149 CANDIA RD , CHESTER, NH 03036"
"$429,900","61 LADY SLIPPER LN , CHESTER, NH 03036"
"$465,000","104 Sandown Rd , Chester, NH 03036"
"$379,900","(RAYMOND RR 102 , Chester, NH 03036"
"$135,000","218 FREMONT RD , CHESTER, NH 03036"
