"$209,900","5 WORTHLEY RD , DERRY, NH 03038"
"$489,900","54 DAMREN RD , DERRY, NH 03038"
"$99,900","97 East Broadway Apt 8, Derry, NH 03038"
"$295,000","1 STEVEN AVE , DERRY, NH 03038"
"$350,000","6 Abbott St , Derry, NH 03038"
"$245,000","76 BEDARD AVE , DERRY, NH 03038"
"$489,900","105 OLESEN RD , DERRY, NH 03038"
"$219,900","11 RICHARDSON DR # L, DERRY, NH 03038"
"$349,900","13 BRIER LN , DERRY, NH 03038"
"$234,900","60 SCENIC DR # L, DERRY, NH 03038"
"$145,000","6 MANNING ST , DERRY, NH 03038"
$246K,"10 DATTILLO RD , DERRY, NH 03038"
"$489,900","42 OLD AUBURN RD , DERRY, NH 03038"
"$95,000","8 Tamarack Pl , Londonderry, NH 03038"
"$269,900","2 AIKEN ST , DERRY, NH 03038"
"$319,900","7 JUDITH LN , DERRY, NH 03038"
"$469,900","15 Steele Rd # 001, Derry, NH 03038"
"$459,900","45 Steele Rd # 004, Derry, NH 03038"
"$259,900","47 FORDWAY EXT , DERRY, NH 03038"
"$520,000","20 DRAKE LN , DERRY, NH 03038"
"$339,900","14 OLD AUBURN RD , DERRY, NH 03038"
"$279,900","67.5 N Shore Rd , Derry, NH 03038"
"$216,000","27 Franklin St , Derry, NH 03038"
"$359,900","3 INDEPENDENCE AVE , DERRY, NH 03038"
"$109,900","2 Scots Pl , Londonderry, NH 03038"
