"$312,000","20 HAWK LN , DUNBARTON, NH 03046"
"$309,900","45 TWIST HILL RD , DUNBARTON, NH 03046"
"$305,000","123 KIMBALL POND RD , DUNBARTON, NH 03046"
"$409,900","14 JACQUELINE DR , DUNBARTON, NH 03046"
"$479,900","260 MANSION RD , DUNBARTON, NH 03046"
"$895,000","115 MANSION RD , DUNBARTON, NH 03046"
"$499,900","46 Overlook Dr , Dunbarton, NH 03046"
"$423,578","1-14 Overlook Dr , Dunbarton, NH 03046"
"$259,999","11 KAREN RD , DUNBARTON, NH 03046"
"$129,900","71 OLD HOPKINTON RD , DUNBARTON, NH 03046"
"$200,000","1010 BLACK BROOK RD , DUNBARTON, NH 03046"
