"$279,900","86 PARKER STATION RD , GOFFSTOWN, NH 03045"
"$239,900","6 2ND AVE , GOFFSTOWN, NH 03045"
"$399,900","19 COVE ST , GOFFSTOWN, NH 03045"
"$284,900","7 WOOD CIR , GOFFSTOWN, NH 03045"
"$262,000","15A Ryan Rd , Goffstown, NH 03045"
$133K,"353 WALLACE RD , GOFFSTOWN, NH 03045"
"$389,900","99 MAPLE AVE , GOFFSTOWN, NH 03045"
"$259,999","7 SONNY AVE , GOFFSTOWN, NH 03045"
"$309,900"," Unit # 5, Goffstown, NH 03045"
"$309,900"," Unit # 4, Goffstown, NH 03045"
"$208,900","21 Larch St , Goffstown, NH 03045"
"$574,900","53 Goffstown Back Rd , Goffstown, NH 03045"
"$82,000","66 COUNTRY WAY , GOFFSTOWN, NH 03045"
"$166,900","9 Foxtail Ln Apt 05, Goffstown, NH 03045"
"$117,000","5 WASHINGTON ST APT 14, GOFFSTOWN, NH 03045"
"$48,000","17 Beaudoin St , Goffstown, NH 03045"
"$70,000","74 HIGH ST APT 1, GOFFSTOWN, NH 03045"
"$229,900","2 Larch St , Goffstown, NH 03045"
"$100,000","156 Paige Hill Rd , Goffstown, NH 03045"
"$200,000"," Paige Hill Rd Lot 8/17, Goffstown, NH 03045"
"$125,000","21 Leach Hill Rd , Goffstown, NH 03045"
"$245,000","116 DANIS PARK RD , GOFFSTOWN, NH 03045"
"$259,900","350 WORTHLEY HILL RD , GOFFSTOWN, NH 03045"
