"$299,999","21 BUTTONWOOD DR , HOLLIS, NH 03049"
"$549,000","8 MILTON PL , HOLLIS, NH 03049"
"$349,900","22 MAPLE KNOLL DR , HOLLIS, NH 03049"
"$350,000","300 PINE HILL RD , HOLLIS, NH 03049"
"$430,000","196 WORCESTER RD , HOLLIS, NH 03049"
"$637,500","36 IRON WORKS LN , HOLLIS, NH 03049"
"$347,500","205 Proctor Hill Rd , Hollis, NH 03049"
"$582,900+","65 Federal Hill Rd # JAMA8S, Hollis, NH 03049"
"$499,900","23 MEADOW DR , HOLLIS, NH 03049"
"$644,000","42 IRON WORKS LN , HOLLIS, NH 03049"
"$489,900","26 FOREST VIEW DR , HOLLIS, NH 03049"
"$515,000","257 ROCKY POND RD , HOLLIS, NH 03049"
"$549,900","81 BLOOD RD , HOLLIS, NH 03049"
"$1,025,000","24 POWERS RD , HOLLIS, NH 03049"
"$859,900","199 PINE HILL RD , HOLLIS, NH 03049"
"$724,900","75 LONG HILL RD , HOLLIS, NH 03049"
"$674,900","2 Austin Ln , Hollis, NH 03049"
"$649,900","11 LONG HILL RD , HOLLIS, NH 03049"
"$945,000","101 FEDERAL HILL RD , HOLLIS, NH 03049"
"$580,000","99 WRIGHT RD , HOLLIS, NH 03049"
"$190,000","158 Proctor Hill Rd , Hollis, NH 03049"
"$175,000","80 SILVER LAKE RD , HOLLIS, NH 03049"
"$1,100,000","27 CUMMINGS LN , HOLLIS, NH 03049"
"$625,000","30 Pierce Ln , Hollis, NH 03049"
"$749,900","18 Lovejoy Ln , Hollis, NH 03049"
