"$75,000","27 Mountainside Ln # 5, Francestown, NH 03043"
"$60,000","37 EASTSIDE LN # 2, FRANCESTOWN, NH 03043"
"$305,000","531 NEW BOSTON RD , FRANCESTOWN, NH 03043"
"$409,000","1519 New Boston Rd , Francestown, NH 03043"
"$230,000","153 SCOBY WOOD LN , FRANCESTOWN, NH 03043"
"$65,000"," Todd Rd , Francestown, NH 03043"
"$425,000","598 Red House Rd , Francestown, NH 03043"
"$1,250,000","257 BIBLE HILL EXT , FRANCESTOWN, NH 03043"
"$265,000","731 BENNINGTON RD , FRANCESTOWN, NH 03043"
"$624,000","62 MOUNTAIN RD , FRANCESTOWN, NH 03043"
"$195,000","1130 BIBLE HILL RD , FRANCESTOWN, NH 03043"
"$119,000","0 Bennington Rd , Francestown, NH 03043"
"$595,000","0 Bennington/Fischer Hill Rd , Francestown, NH 03043"
"$235,000","1 MAIN ST , FRANCESTOWN, NH 03043"
"$399,000","664 New Boston Rd , Francestown, NH 03043"
