"$139,000","141 CROTCHED MOUNTAIN RD , GREENFIELD, NH 03047"
"$289,900","749 Forest Rd , Greenfield, NH 03047"
"$199,900","402 New Boston Rd , Greenfield, NH 03047"
"$1,200,000","515 SAWMILL RD , GREENFIELD, NH 03047"
"$88,000","8 SLIP RD , GREENFIELD, NH 03047"
"$78,900","56 SUNSET LAKE RD , GREENFIELD, NH 03047"
"$950,000","52 SAWMILL RD , GREENFIELD, NH 03047"
"$74,900","30 COLONIAL DR , GREENFIELD, NH 03047"
"$114,900","0 Muzzy Hill Rd , Greenfield, NH 03047"
"$60,000","10 CORLISS LN , GREENFIELD, NH 03047"
"$289,900"," Gould hill Rd , Greenfield, NH 03047"
