"$325,000","522 Hurricane Hill Rd , Mason, NH 03048"
"$239,900","397 VALLEY RD , MASON, NH 03048"
"$549,000","9 OLD ASHBY RD , MASON, NH 03048"
"$119,900","5 CHAMBERLIN ST , GREENVILLE, NH 03048"
"$325,000"," Map J Lots 11-2 Tpke , Mason, NH 03048"
"$198,900","80 Main St , Greenville, NH 03048"
"$1,495,000","8 PLEASANT ST , GREENVILLE, NH 03048"
"$399,000","148 MERRIAM HILL RD , GREENVILLE, NH 03048"
"$320,000","H-5 21 23 Brookline Rd , Mason, NH 03048"
"$75,000","0 Scripps Ln , Mason, NH 03048"
"$208,000","403 JACKSON RD , MASON, NH 03048"
"$299,900","2 Brookline Rd , Mason, NH 03048"
"$75,000"," Old turnpike Rd , Mason, NH 03048"
"$208,000"," Map J Lot 11-4, Mason, NH 03048"
"$85,000"," Valley Rd Lot K-3-4, Mason, NH 03048"
"$69,000"," Old Turnpike Rd , Mason, NH 03048"
"$129,900","60 Barrett Hill Rd , Mason, NH 03048"
