"$125,000","21 DEPOT RD , EPPING, NH 03042"
"$349,900","42 MIDNIGHT SUN DR , EPPING, NH 03042"
"$225,000","138 EXETER RD APT 13, EPPING, NH 03042"
"$419,900","6 JACOBS WELL RD , EPPING, NH 03042"
"$319,900","12 BRIDLE LN , EPPING, NH 03042"
"$375,000","15 TOWLE RD , EPPING, NH 03042"
"$449,900","54 ORCHARD HILL RD , EPPING, NH 03042"
"$849,900","24 BEEDE RD , EPPING, NH 03042"
"$399,000","11 RAY EMMA DR , EPPING, NH 03042"
"$449,000","30 Jenness Rd , Epping, NH 03042"
"$429,900","34 FRENCH RD , EPPING, NH 03042"
"$240,000","72 HUNTER DR , EPPING, NH 03042"
"$449,900","71 PRESCOTT RD , EPPING, NH 03042"
"$325,000","9 SYDNEY LN , EPPING, NH 03042"
"$1,800,000","4 Sydney Ln , Epping, NH 03042"
