"$399,900","3 KIMBALL RD , LONDONDERRY, NH 03053"
"$530,000","41B Clark Rd , Londonderry, NH 03053"
"$439,000","3 CRABAPPLE LN , LONDONDERRY, NH 03053"
"$514,000","38 HEMLOCK ST , LONDONDERRY, NH 03053"
"$379,900","9 REBECCA DR , LONDONDERRY, NH 03053"
"$499,900","19 BUCKINGHAM DR , LONDONDERRY, NH 03053"
"$328,000","184 SOUTH RD , LONDONDERRY, NH 03053"
"$395,000","4 HAMPSHIRE LN , LONDONDERRY, NH 03053"
"$187,500","16 VISTA RIDGE DR UNIT 236, LONDONDERRY, NH 03053"
"$182,000","14 VISTA RIDGE DR UNIT 55, LONDONDERRY, NH 03053"
"$409,000","25 TOKANEL DR , LONDONDERRY, NH 03053"
$200K,"113 OLD DERRY RD , LONDONDERRY, NH 03053"
"$375,000","14 KESTREE DR , LONDONDERRY, NH 03053"
"$339,800","123 ROCKINGHAM RD , LONDONDERRY, NH 03053"
"$284,900","2 VALLEY ST , LONDONDERRY, NH 03053"
"$339,000","22 KITT LN , LONDONDERRY, NH 03053"
"$175,000","19 OLDE COUNTRY VILLAGE RD , LONDONDERRY, NH 03053"
"$350,000","23 S PARRISH DR , LONDONDERRY, NH 03053"
"$499,000","58 High Range Rd , Londonderry, NH 03053"
"$659,900","12 Griffin Rd , Londonderry, NH 03053"
"$469,000","3 Harriet Ct # 52, Londonderry, NH 03053"
"$469,000","3 HARRIET CT , LONDONDERRY, NH 03053"
"$639,900","4 School House Rd , Londonderry, NH 03053"
"$174,000","12 PENDLETON LN , LONDONDERRY, NH 03053"
"$391,999","12 JEFFERSON DR , LONDONDERRY, NH 03053"
