"$285,000","45 West St , Milford, NH 03055"
"$269,000","87 PATCH HILL LN , MILFORD, NH 03055"
"$264,900","118 UNION ST , MILFORD, NH 03055"
"$314,900","586 MASON RD , MILFORD, NH 03055"
"$348,000","400 NASHUA ST , MILFORD, NH 03055"
"$262,000","384 NASHUA ST , MILFORD, NH 03055"
"$174,500","56 West St , Milford, NH 03055"
"$259,900","32 PLEASANT ST , MILFORD, NH 03055"
"$479,000","29 Mont Vernon St , Milford, NH 03055"
"$189,900","66 Great Brook Rd , Milford, NH 03055"
"$825,000","185 OSGOOD RD , MILFORD, NH 03055"
"$109,900","545 ELM ST UNIT 12, MILFORD, NH 03055"
"$95,000","21 SPAULDING ST APT 4, MILFORD, NH 03055"
"$450,000","11 SINGER BROOK RD , MILFORD, NH 03055"
"$299,700","68 OSGOOD RD , MILFORD, NH 03055"
"$369,900","160 Boynton Hill Rd # 5, Milford, NH 03055"
"$119,500","545 ELM ST UNIT 1, MILFORD, NH 03055"
"$324,900","134 SUMMER ST , MILFORD, NH 03055"
$158K,"487 NASHUA ST , MILFORD, NH 03055"
"$449,000","241 N River Rd , Milford, NH 03055"
"$289,900","154 Timber Ridge Dr , Milford, NH 03055"
"$239,900","4 WEST ST , MILFORD, NH 03055"
"$299,900","161 SAVAGE RD , MILFORD, NH 03055"
"$334,900","101 Falcon Ridge Rd # 8, Milford, NH 03055"
"$316,900","160 Timber Ridge Dr , Milford, NH 03055"
