"$284,900","3 RICKY DR , HUDSON, NH 03051"
"$285,000","25 ATWOOD AVE , HUDSON, NH 03051"
"$315,000"," 23 Barbara Ln # 78, Hudson, NH 03051"
"$307,500","15 Saint Francis Pl , Hudson, NH 03051"
"$185,000","44 Willow Creek Dr # 44, Hudson, NH 03051"
"$599,000","6 WOODLAND DR , HUDSON, NH 03051"
"$315,000","14 PELHAM RD , HUDSON, NH 03051"
"$499,000","8 APPLEWOOD DR , HUDSON, NH 03051"
"$310,000","14 WALNUT ST , HUDSON, NH 03051"
"$279,900","12 CHESTNUT ST , HUDSON, NH 03051"
"$364,900","5 SPEARE RD , HUDSON, NH 03051"
"$385,000","4 ROY DR , HUDSON, NH 03051"
"$395,000","115 BUSH HILL RD , HUDSON, NH 03051"
"$274,900","185A Robinson Rd , Hudson, NH 03051"
"$424,900","45 OLD DERRY RD , HUDSON, NH 03051"
"$72,900","62 MOBILE DR , HUDSON, NH 03051"
"$389,900","2 ROY DR , HUDSON, NH 03051"
"$479,900","19 FARMINGTON DR , HUDSON, NH 03051"
"$133,000","215 ELMWOOD DR , HUDSON, NH 03051"
"$289,900","8 MADISON DR , HUDSON, NH 03051"
"$554,900","11 MOOSE HILL RD , HUDSON, NH 03051"
"$74,900","2 VILLAGE LN , HUDSON, NH 03051"
"$373,900","43 HERITAGE CIR , HUDSON, NH 03051"
"$229,900","26 Bush Hill Rd , Hudson, NH 03051"
"$255,000","25 CHANDLER CT # B, HUDSON, NH 03051"
