"$355,000","129 CHARLES BANCROFT HWY , LITCHFIELD, NH 03052"
"$329,900","2 OAK DR , LITCHFIELD, NH 03052"
$262K,"149 PAGE RD , LITCHFIELD, NH 03052"
"$419,900","202 CHARLES BANCROFT HWY , LITCHFIELD, NH 03052"
"$320,000","6 Northern Ave , Litchfield, NH 03052"
$216K,"9 JEFF LN , LITCHFIELD, NH 03052"
"$420,000","38 LOCKE MILL DR , LITCHFIELD, NH 03052"
"$429,900","2 BURGESS ST , LITCHFIELD, NH 03052"
"$279,900","2 Halsey Ct # 2, Litchfield, NH 03052"
"$489,900","4 Horizon Dr , Litchfield, NH 03052"
"$459,900","2 Horizon Dr , Litchfield, NH 03052"
"$464,900","6 Horizon Dr , Litchfield, NH 03052"
"$499,900","21 BROOK RD , LITCHFIELD, NH 03052"
"$295,000","34 LOCKE MILL DR , LITCHFIELD, NH 03052"
