"$250,000","3 MIRIAM RD , MERRIMACK, NH 03054"
"$310,000","3 GREENWICH DR , MERRIMACK, NH 03054"
"$379,000","202 BABOOSIC LAKE RD , MERRIMACK, NH 03054"
"$310,000","22 BROOKSIDE DR , MERRIMACK, NH 03054"
"$349,900","5 DRAY COACH CT , MERRIMACK, NH 03054"
"$350,000","60 BEAN RD , MERRIMACK, NH 03054"
"$379,000","6 KENDALL CT , MERRIMACK, NH 03054"
$198K,"20 BIGWOOD DR , MERRIMACK, NH 03054"
"$324,900","63 WIRE RD , MERRIMACK, NH 03054"
"$225,000","94 INDIAN ROCK RD , MERRIMACK, NH 03054"
"$430,000","149 BABOOSIC LAKE RD , MERRIMACK, NH 03054"
"$369,900","8 CRAMER HILL RD , MERRIMACK, NH 03054"
"$549,900","15 COBBLESTONE PL , MERRIMACK, NH 03054"
"$365,000","2 COLMAN PATH , MERRIMACK, NH 03054"
"$249,900","2 GROUSE LN , MERRIMACK, NH 03054"
"$189,900","141 INDIAN ROCK RD , MERRIMACK, NH 03054"
"$175,500","2 Suncook Ter Unit 27, Merrimack, NH 03054"
"$599,000","122 Wilson Hill Rd , Merrimack, NH 03054"
"$240,000","32 MIDDLESEX RD , MERRIMACK, NH 03054"
"$320,000","36 BERKLEY ST , MERRIMACK, NH 03054"
"$550,000","33 BEDFORD RD , MERRIMACK, NH 03054"
"$94,000","5A Colonial Dr , Merrimack, NH 03054"
"$153,000","8 Harwich Ct , Merrimack, NH 03054"
"$279,900","86 FRONT ST , MERRIMACK, NH 03054"
"$109,000","70 E Ridge Rd # A, Merrimack, NH 03054"
