"$479,900","7 CROSS RD , MONT VERNON, NH 03057"
"$88,000","10 Dutton Cir , Mont Vernon, NH 03057"
"$80,000","12 Dutton Cir , Mont Vernon, NH 03057"
"$474,900","8 KITTREDGE RD , MONT VERNON, NH 03057"
"$749,000","27 CARRIAGE CIR , MONT VERNON, NH 03057"
"$75,000","6 Dutton Cir , Mont Vernon, NH 03057"
"$525,000","11 HAZEN RD , MONT VERNON, NH 03057"
"$469,900","14 Dutton Cir , Mont Vernon, NH 03057"
"$118,000","7 Bancroft Cir , Mont Vernon, NH 03057"
"$423,995","3 HAZEN RD , MONT VERNON, NH 03057"
"$459,900","3 LOVELLS WAY , MONT VERNON, NH 03057"
"$399,900","20 KITTREDGE RD , MONT VERNON, NH 03057"
"$429,000","6 OLD AMHERST RD , MONT VERNON, NH 03057"
"$154,900","8 Cross Rd , Mont Vernon, NH 03057"
"$97,900","72 Kittredge Rd , Mont Vernon, NH 03057"
"$59,900","21 Old Amherst Rd , Mont Vernon, NH 03057"
"$134,900","01 Salisbury Rd , Mont Vernon, NH 03057"
"$134,900","06-02 Salisbury Rd , Mont Vernon, NH 03057"
"$154,900","06-03 Salisbury Rd , Mont Vernon, NH 03057"
"$339,900","134 BEECH HILL RD , MONT VERNON, NH 03057"
"$105,000","55 Salisbury Rd , Mont Vernon, NH 03057"
"$115,000","16-15 Salisbury Rd , Mont Vernon, NH 03057"
"$95,000","11 Bancroft Cir # 2-6-6, Mont Vernon, NH 03057"
"$99,000","9 Bancroft Cir # 2-6-7, Mont Vernon, NH 03057"
