"$219,900","8 NORWICH RD , NASHUA, NH 03062"
"$309,900","6 Mapleleaf Dr , Nashua, NH 03062"
"$224,900","28 Landsdown Dr # 19, Nashua, NH 03062"
"$276,000","625 W HOLLIS ST , NASHUA, NH 03062"
"$30,000","12 Shadycrest Dr , Nashua, NH 03062"
"$365,000","30 GRACE DR , NASHUA, NH 03062"
"$349,000","3 QUINTON DR , NASHUA, NH 03062"
"$399,900","141 RIDGE RD , NASHUA, NH 03062"
"$405,000","10 OAKDALE AVE , NASHUA, NH 03062"
"$404,900","3A Minta Way # 1661, Nashua, NH 03062"
"$299,900","54 WETHERSFIELD RD , NASHUA, NH 03062"
"$629,000","27 ROSECLIFF DR , NASHUA, NH 03062"
"$324,900","120 WESTWOOD DR , NASHUA, NH 03062"
"$252,000","4 CADOGAN WAY , NASHUA, NH 03062"
"$329,900","4 MELISSA DR , NASHUA, NH 03062"
"$399,900","80 HAWTHORNE VILLAGE RD , NASHUA, NH 03062"
"$479,900","8 Schwinn Dr # 118, Nashua, NH 03062"
"$379,900","3 Minta Way , Nashua, NH 03062"
"$789,900","61 TANGLEWOOD DR , NASHUA, NH 03062"
"$429,900","6 Lowther Pl , Nashua, NH 03062"
"$578,900","9 Cotillion Ln , Nashua, NH 03062"
"$309,500","6 GOLDFINCH LN , NASHUA, NH 03062"
"$330,000","9 ROCK ISLAND RD , NASHUA, NH 03062"
