"$259,900","9 Guilford Ln # 24, Nashua, NH 03063"
"$292,000","2 WARNER ST , NASHUA, NH 03063"
"$364,900","13 CIDER LN , NASHUA, NH 03063"
"$170,000","146 Cannongate III Dr , Nashua, NH 03063"
"$455,000","9 Hearthside Drive Dr , Nashua, NH 03063"
"$209,900","44 Cannongate III Rd , Nashua, NH 03063"
"$499,900","3 CRIMSON CT , NASHUA, NH 03063"
"$185,000","87 Cannongate III , Nashua, NH 03063"
"$185,000","87 Cannongate III Rd # 3, Nashua, NH 03063"
"$469,900","16 CATHEDRAL CIR , NASHUA, NH 03063"
"$455,000","9 HEARTHSIDE CIR , NASHUA, NH 03063"
"$204,900","111 Coburn Ave # 85D, Nashua, NH 03063"
"$239,900","6 YORKSHIRE LN , NASHUA, NH 03063"
"$222,900","28 FOXMOOR CIR , NASHUA, NH 03063"
"$469,000","25 CATHEDRAL CIR , NASHUA, NH 03063"
$171K,"11 Hawkstead Holw Unit 5, Nashua, NH 03063"
"$289,900","9 Duckford Cir # 16, Nashua, NH 03063"
"$285,000","18 SIMS ST , NASHUA, NH 03063"
"$299,900","3 RICHMOND ST , NASHUA, NH 03063"
"$289,900","9 DUCKFORD CIR , NASHUA, NH 03063"
"$334,900","5 BELLINGRATH PL , NASHUA, NH 03063"
"$365,000","6 BELLINGRATH PL , NASHUA, NH 03063"
"$459,900","15 APACHE RD , NASHUA, NH 03063"
"$499,999","3 CARDINAL CIR , NASHUA, NH 03063"
"$314,900","9A Deerwood Dr # A, Nashua, NH 03063"
