"$219,900","35 ALMONT ST , NASHUA, NH 03060"
"$195,000","22 GRAND AVE , NASHUA, NH 03060"
"$361,900","88 PARNELL PL , NASHUA, NH 03060"
"$259,900","100 BOWERS ST , NASHUA, NH 03060"
"$314,900","7 BIRCHBROW RD , NASHUA, NH 03060"
"$180,000","2 CROWN ST , NASHUA, NH 03060"
"$269,900","71 BLOSSOM ST , NASHUA, NH 03060"
"$209,900","15 12TH ST , NASHUA, NH 03060"
"$239,000","27 GRAND AVE , NASHUA, NH 03060"
"$135,000","4 AUTUMN LEAF DR APT 21, NASHUA, NH 03060"
"$149,900","5 1/2 Mulberry St , Nashua, NH 03060"
"$349,900","7 DICKERMAN ST , NASHUA, NH 03060"
"$170,000","83 W Hollis St , Nashua, NH 03060"
"$299,900","10 MASSACHUSETTS DR , NASHUA, NH 03060"
"$300,000","72 BOWERS ST , NASHUA, NH 03060"
"$295,000","0 Park Ave # B, Nashua, NH 03060"
"$284,900","69 MARSHALL ST , NASHUA, NH 03060"
"$269,900","19 WILLIAMS ST , NASHUA, NH 03060"
"$164,900","16 VAN BUREN ST , NASHUA, NH 03060"
"$110,000","88 PALM ST , NASHUA, NH 03060"
"$229,800","7 WILDER ST , NASHUA, NH 03060"
"$137,000","15 LOVELL ST APT 9, NASHUA, NH 03060"
"$229,900","48 HARBOR AVE , NASHUA, NH 03060"
"$359,900","112 Ash St # 114, Nashua, NH 03060"
"$194,900","35 Elm St , Nashua, NH 03060"
