"$237,000","3 GLENDALE DR , NASHUA, NH 03064"
"$269,900","12 CELESTE ST , NASHUA, NH 03064"
"$279,900","16 HUGHEY ST , NASHUA, NH 03064"
"$279,900","15 PINE HILL AVE , NASHUA, NH 03064"
"$239,900","15 Bennett St , Nashua, NH 03064"
"$269,900","41 Bennett St , Nashua, NH 03064"
"$179,900","107 TOLLES ST , NASHUA, NH 03064"
"$399,000","6 N Intervale St # 70-57, Nashua, NH 03064"
"$264,900","29 MINDY PL , NASHUA, NH 03064"
"$273,900","80 FERRY RD , NASHUA, NH 03064"
"$229,000","141 CONCORD ST , NASHUA, NH 03064"
"$265,000","4 CHANDLER ST , NASHUA, NH 03064"
"$365,000","24 TODD RD , NASHUA, NH 03064"
"$347,500","11 GETTYSBURG DR , NASHUA, NH 03064"
"$170,000","90 CHANDLER ST , NASHUA, NH 03064"
"$999,900","85 CONCORD ST , NASHUA, NH 03064"
"$349,900","82 COX ST , NASHUA, NH 03064"
"$359,900","7 Selpan Way , Nashua, NH 03064"
"$299,450","52 MAIN ST APT 204, NASHUA, NH 03064"
"$275,000","25 Norton St , Nashua, NH 03064"
"$229,900","57 1/2 Whitney St , Nashua, NH 03064"
"$749,900","51 CONCORD ST , NASHUA, NH 03064"
"$459,900","40 DEERHAVEN DR , NASHUA, NH 03064"
"$529,000","9 EDSON ST , NASHUA, NH 03064"
"$225,000","66 Canal St , Nashua, NH 03064"
