"$415,000","16 OXFORD RD , EAST SANDWICH, MA 02537"
"$699,000","22 LONG HILL DR , EAST SANDWICH, MA 02537"
"$219,900","66 PLOUGHED NECK RD # 5, EAST SANDWICH, MA 02537"
"$219,900","66 Ploughed Neck Rd , East Sandwich, MA 02537"
"$299,000","38 TURTLE COVE RD , EAST SANDWICH, MA 02537"
"$699,000","22 Longhill Dr , Sandwich, MA 02537"
$263K,"5 BURNING TREE LN , EAST SANDWICH, MA 02537"
"$192,900","358 Route 6a # C-1, East Sandwich, MA 02537"
"$559,900","13 BAYVIEW RD , EAST SANDWICH, MA 02537"
"$629,500","30 MEADOW SPRING DR , EAST SANDWICH, MA 02537"
"$639,000","15 CHANDLER RD , EAST SANDWICH, MA 02537"
"$579,000","27 MEADOW SPRING DR , EAST SANDWICH, MA 02537"
"$629,000","3 SHAW RD , EAST SANDWICH, MA 02537"
"$759,000","28 GULLY LN , EAST SANDWICH, MA 02537"
"$565,000","40 CRESTVIEW DR , EAST SANDWICH, MA 02537"
"$1,050,000","4 QUIET ST , EAST SANDWICH, MA 02537"
"$849,900","9 BEACHWAY RD , EAST SANDWICH, MA 02537"
"$579,900","12 OAK HILL PARK , EAST SANDWICH, MA 02537"
"$125,000","376 Route 6a , East Sandwich, MA 02537"
"$1,595,000","40 TORREY RD , EAST SANDWICH, MA 02537"
"$549,000","16 JUNIPER HILL RD , EAST SANDWICH, MA 02537"
"$649,000","22 MEADOW SPRING DR , EAST SANDWICH, MA 02537"
"$595,500","233 OLD COUNTY RD , EAST SANDWICH, MA 02537"
"$699,000","23 PLOUGHED NECK RD , EAST SANDWICH, MA 02537"
"$1,595,000","34 GOOSE POINT LN , EAST SANDWICH, MA 02537"
