"$789,000","1 SWANS WAY , CHILMARK, MA 02535"
"$1,200,000","51 State Rd , Aquinnah, MA 02535"
"$2,900,000","7 Rose Meadow Way , Aquinnah, MA 02535"
"$2,100,000","30 Huntington Way , Chilmark, MA 02535"
"$2,150,000","1 Driftwood Ln , Aquinnah, MA 02535"
"$1,100,000","34 BIJAHS WAY , CHILMARK, MA 02535"
"$1,050,000","12 Old Man Mingo Ln , Aquinnah, MA 02535"
"$22,500,000","5 & 6 Red Gate Farm Rd , Aquinnah, MA 02535"
"$10,000,000","1 Red Gate Farm Rd , Aquinnah, MA 02535"
"$299,000","0 Quansoo Bch , Chilmark, MA 02535"
"$15,250,000","81 SQUIBNOCKET FARM RD , CHILMARK, MA 02535"
"$2,600,000","15 VALLEY LN , CHILMARK, MA 02535"
"$1,450,000","100 SOUTH RD , CHILMARK, MA 02535"
"$3,000,000","15 LAKE RD , CHILMARK, MA 02535"
"$1,550,000","156 SOUTH RD , CHILMARK, MA 02535"
"$1,950,000","24 BASSETT PLACE RD , CHILMARK, MA 02535"
"$4,995,000","3 ELIOT AVE , CHILMARK, MA 02535"
"$5,200,000","11 AZALEA LN , CHILMARK, MA 02535"
"$1,695,000","15 Old South Rd , Aquinnah, MA 02535"
"$2,950,000","11 HOWELL LN , CHILMARK, MA 02535"
"$1,625,000","5 MURPHYS RD , Chilmark, MA 02535"
"$1,250,000","5 TREE FROG LN , CHILMARK, MA 02535"
"$849,000","9 QUANSOO RD , CHILMARK, MA 02535"
"$15,000,000","8 Red Gate Farm Rd , Aquinnah, MA 02535"
"$695,000"," Bartlett Woods Lot 1A, Chilmark, MA 02535"
