"$189,000","78 & 80 Glen Charlie Rd , Wareham, MA 02538"
"$369,900","3 CHAPEL LN , EAST WAREHAM, MA 02538"
"$200,000","6 Old Town Rd , East Wareham, MA 02538"
"$379,900","2874 CRANBERRY HWY # A, EAST WAREHAM, MA 02538"
"$249,999","136 PARK AVE , EAST WAREHAM, MA 02538"
"$279,000","55 MAYFLOWER LN , EAST WAREHAM, MA 02538"
"$539,000","21 PRISCILLA AVE , EAST WAREHAM, MA 02538"
"$469,000","48 LAKEVIEW DR , EAST WAREHAM, MA 02538"
"$214,000","10 CARDINAL AVE , EAST WAREHAM, MA 02538"
"$575,000","13 GREAT NECK RD , EAST WAREHAM, MA 02538"
"$175,750","19 PURITAN AVE , EAST WAREHAM, MA 02538"
"$304,800","146 PARK AVE , EAST WAREHAM, MA 02538"
"$525,000","5 ROUNDHILL BLVD , EAST WAREHAM, MA 02538"
"$199,999","10 Old Onset Rd , East Wareham, MA 02538"
"$158,000","17 PINE LAKE DR , EAST WAREHAM, MA 02538"
"$325,000","3 MICHAEL DR , EAST WAREHAM, MA 02538"
"$239,900","13 Overlook Rd , Plymouth, MA 02538"
"$115,000","25 LAKE AVE , EAST WAREHAM, MA 02538"
