"$790,000","225 SHOREWOOD DR , EAST FALMOUTH, MA 02536"
"$120,000","32 PARKER RD , EAST FALMOUTH, MA 02536"
"$699,000","333 CENTRAL AVE , EAST FALMOUTH, MA 02536"
"$250,000","29 Brick Kiln Rd , Teaticket, MA 02536"
"$625,000","24 Faith's Way , East Falmouth, MA 02536"
"$799,900","28 SQUIBNOCKET DR , EAST FALMOUTH, MA 02536"
"$439,000","175 EDGEWATER DR E , EAST FALMOUTH, MA 02536"
"$600,000","39 MARLA LN , EAST FALMOUTH, MA 02536"
"$650,000","0 Sandwich Rd , Falmouth, MA 02536"
"$650,000"," SANDWICH RD , EAST FALMOUTH, MA 02536"
"$365,000","32 ELIZABETH JEAN DR , EAST FALMOUTH, MA 02536"
"$464,000","21 Mill Farm Way , East Falmouth, MA 02536"
"$329,900","63 TANGLEWOOD DR , EAST FALMOUTH, MA 02536"
"$599,000","23 Faith's Way , Falmouth, MA 02536"
"$850,000","38 RIVERS EDGE RD , EAST FALMOUTH, MA 02536"
"$269,900","16 EDGEWOOD DR , EAST FALMOUTH, MA 02536"
"$369,900","198 Carriage Shop Rd , East Falmouth, MA 02536"
"$3,999,000","223 MEADOW NECK RD , EAST FALMOUTH, MA 02536"
"$949,000","256 MENAUHANT RD , EAST FALMOUTH, MA 02536"
"$169,000","29 Wood Haven Ln Lot 29, East Falmouth, MA 02536"
"$589,900","21 Sun Fish Ln , Falmouth, MA 02536"
"$519,000","140 ASHUMET RD , EAST FALMOUTH, MA 02536"
"$219,900","11 LEONARD DR , EAST FALMOUTH, MA 02536"
"$319,900","23 BRADY DR , EAST FALMOUTH, MA 02536"
$227K,"14 SAO PAULO DR , EAST FALMOUTH, MA 02536"
