"$689,000","24 PENNYWISE PATH , EDGARTOWN, MA 02539"
"$875,000","49 CHASE RD , EDGARTOWN, MA 02539"
"$125,000","38 N Water St # 4, Edgartown, MA 02539"
"$4,200,000","15 SOUTH ST , EDGARTOWN, MA 02539"
"$2,975,000","5 PLAINS CT , EDGARTOWN, MA 02539"
"$4,200,000","9 MOTICK TRL , EDGARTOWN, MA 02539"
"$259,000","30 Peases Point Way # 11B, Edgartown, MA 02539"
"$869,000","20 JASON DR , EDGARTOWN, MA 02539"
"$10,350,000","22 PEASES POINT WAY S , EDGARTOWN, MA 02539"
"$11,950,000","96 BEACH RD , EDGARTOWN, MA 02539"
"$499,000","31 9TH ST N , EDGARTOWN, MA 02539"
"$525,000","14 WASHQUE AVE , EDGARTOWN, MA 02539"
"$4,745,000","37 COOKE ST , EDGARTOWN, MA 02539"
"$1,895,000","43 CALEB POND RD , EDGARTOWN, MA 02539"
"$790,000","16 HYE RD , EDGARTOWN, MA 02539"
"$1,895,000","61 HERRING CREEK RD , EDGARTOWN, MA 02539"
"$3,975,000","6 ARMSTRONG LN , EDGARTOWN, MA 02539"
"$1,595,000","19 HILLMAN DR , EDGARTOWN, MA 02539"
"$1,495,000","1 OAKDALE LN , EDGARTOWN, MA 02539"
"$5,700,000","49 MORSE ST , EDGARTOWN, MA 02539"
"$1,895,000","41 WINTER ST , EDGARTOWN, MA 02539"
"$3,649,000","415 KATAMA RD , EDGARTOWN, MA 02539"
"$199,000","3 S Water St # 206, Edgartown, MA 02539"
"$5,950,000","55 N NECK RD , EDGARTOWN, MA 02539"
"$1,695,000","10 FOWLER LN , EDGARTOWN, MA 02539"
