"$250,000","8 Rip Van Winkle Way , Bourne, MA 02532"
"$259,900","110 CHOCTAW DR , BUZZARDS BAY, MA 02532"
"$345,000","36 Winston Ave , Bourne, MA 02532"
"$369,490","29 Lafayette Ave , Bourne, MA 02532"
"$289,900","103 Puritan Rd , Bourne, MA 02532"
"$210,000","21 Round House Rd , Bourne, MA 02532"
"$299,000","26 Old Monument Neck Rd , Bourne, MA 02532"
"$599,900","33 Studio Dr , Bourne, MA 02532"
"$309,999","47 Puritan Rd , Bourne, MA 02532"
"$264,000","7 Blueberry Rd , Bourne, MA 02532"
"$164,000","90-92 Sandwich Rd # 1, Bourne, MA 02532"
"$389,900","2 Bittersweet Ln , Bourne, MA 02532"
"$599,000","73 Wianno Rd , Bourne, MA 02532"
"$779,000","35 Little Bay Ln , Bourne, MA 02532"
"$189,900","14 Martin St , Buzzards Bay, MA 02532"
"$329,900","24 LAMONT RD , BOURNE, MA 02532"
"$399,900","41 Puritan Rd , Bourne, MA 02532"
"$1,450,000","425 SCRAGGY NECK RD , BOURNE, MA 02532"
"$295,000","9 Keenan Rd , Bourne, MA 02532"
"$259,000","13 BUTLER ST , BUZZARDS BAY, MA 02532"
"$129,000","90-92 Sandwich Rd # 3, Bourne, MA 02532"
"$289,900","22 Head Of The Bay Rd , Bourne, MA 02532"
"$389,900","2 Bittersweet Ln Unit 2, Bourne, MA 02532"
"$325,000","16 GRAY ST , BUZZARDS BAY, MA 02532"
"$292,500","13 Harrison Ave , Bourne, MA 02532"
