"$279,000","34 KATHY ANN LN , FALMOUTH, MA 02540"
"$825,000","111 LUCERNE AVE , FALMOUTH, MA 02540"
"$599,000","17 SIPPEWISSETT RD , FALMOUTH, MA 02540"
"$650,000","14 FRANCES AVE , FALMOUTH, MA 02540"
"$460,000","18 AMBLESIDE DR , FALMOUTH, MA 02540"
"$930,000","310 WALKER ST , FALMOUTH, MA 02540"
"$599,000","151 NURSERY RD , FALMOUTH, MA 02540"
"$529,000","71 ROBINSON RD , FALMOUTH, MA 02540"
"$779,000","104 WOODS HOLE RD , FALMOUTH, MA 02540"
"$264,900","397 JONES RD , FALMOUTH, MA 02540"
"$2,599,000","201 GRAND AVE , FALMOUTH, MA 02540"
"$825,000","59 KATELYN HILLS DR , FALMOUTH, MA 02540"
"$519,900","54 ALMA RD , FALMOUTH, MA 02540"
"$649,000","27 FAIRVIEW AVE , FALMOUTH, MA 02540"
"$995,000","1 FAIRMOUNT AVE , FALMOUTH, MA 02540"
"$379,900","14 QUINSIGAMOND AVE , FALMOUTH, MA 02540"
"$599,999","55 HAYNES AVE , FALMOUTH, MA 02540"
"$529,000","2 QUINAPOXET AVE APT G, FALMOUTH, MA 02540"
"$599,900","15 VIRTUE CIR , FALMOUTH, MA 02540"
"$749,000","21 AMHERST AVE , FALMOUTH, MA 02540"
"$539,000","280 SIPPEWISSETT RD , FALMOUTH, MA 02540"
"$798,000","19 BOYER RD # A&B, FALMOUTH, MA 02540"
"$559,900","22 SIDERS POND RD , FALMOUTH, MA 02540"
"$643,000","19 Locust St , Falmouth, MA 02540"
"$549,000","27 WRIGHT WAY , FALMOUTH, MA 02540"
