"$384,900","76 PROSPECT AVE , POCASSET, MA 02559"
"$444,900","594 CIRCUIT AVE , POCASSET, MA 02559"
"$350,000","254 Barlows Landing Rd , Pocasset, MA 02559"
"$399,000","114 SALT MARSH LN , POCASSET, MA 02559"
"$39,000","7 Fourth Ave , Pocasset, MA 02559"
"$775,000","545 CIRCUIT AVE , POCASSET, MA 02559"
"$499,000","102 Tahanto Rd , Pocasset, MA 02559"
"$549,900","10 Fairway Cir , Pocasset, MA 02559"
"$699,900","111 Elgin Rd , Pocasset, MA 02559"
"$2,595,000","165 Wings Neck Rd , Pocasset, MA 02559"
"$624,900","399 CIRCUIT AVE , POCASSET, MA 02559"
"$759,000","51 OLD NORTH RD , POCASSET, MA 02559"
"$479,000","11 VESPER DR , POCASSET, MA 02559"
"$1,225,000","357 CIRCUIT AVE , POCASSET, MA 02559"
"$3,999,000","461 Wings Neck Rd , Pocasset, MA 02559"
"$519,000","7 CAPE COD LN , POCASSET, MA 02559"
"$472,000","69 Clubhouse Dr , Pocasset, MA 02559"
"$1,125,000","90 Old North Rd , Pocasset, MA 02559"
"$369,900","480 County Rd , Pocasset, MA 02559"
"$330,000","98 Elgin Rd , Pocasset, MA 02559"
"$310,000","127 ELGIN RD , POCASSET, MA 02559"
"$465,000","370 Wings Neck Rd , Pocasset, MA 02559"
"$459,000","16 Old North Rd , Pocasset, MA 02559"
