"$825,000","8 Bank St , Nantucket, MA 02554"
"$2,795,000","339 POLPIS RD , NANTUCKET, MA 02554"
"$845,000","6 MADAKET RD , NANTUCKET, MA 02554"
"$6,995,000","6 OLD WESTMOOR FARM RD , NANTUCKET, MA 02554"
"$1,995,000","27 SOMERSET LN , NANTUCKET, MA 02554"
"$825,000","73 Hinsdale Rd # B, Nantucket, MA 02554"
"$2,395,000","7 POOR RICHARDS WAY , NANTUCKET, MA 02554"
"$4,995,000","17 MARGARETS WAY , NANTUCKET, MA 02554"
"$3,795,000","11 COLUMBUS AVE , NANTUCKET, MA 02554"
"$4,195,000","28 LILY ST , NANTUCKET, MA 02554"
"$4,980,000","34 W CHESTER ST , NANTUCKET, MA 02554"
"$3,100,000","12 ACADEMY LN , NANTUCKET, MA 02554"
"$5,150,000","50 BREWSTER RD , NANTUCKET, MA 02554"
"$1,695,000","6 SCHOOL ST , NANTUCKET, MA 02554"
$800K,"96A Old South Rd , Nantucket, MA 02554"
"$4,199,000","1 LOW BEACH RD , NANTUCKET, MA 02554"
"$1,495,000","30 DEVON ST , NANTUCKET, MA 02554"
"$935,000","19 Daffodil Ln # B, Nantucket, MA 02554"
"$1,195,000","54 GOLDFINCH DR , NANTUCKET, MA 02554"
"$2,250,000","50 WEWEEDER AVE , NANTUCKET, MA 02554"
"$400,000","63 HINSDALE RD , NANTUCKET, MA 02554"
"$850,000","16 PINE TREE RD , NANTUCKET, MA 02554"
"$935,000","11 Beach St , Nantucket, MA 02554"
"$2,495,000","8 GRAND AVE , NANTUCKET, MA 02554"
"$2,995,000","23 BANK ST , NANTUCKET, MA 02554"
