"$695,000","124 SILVER BEACH AVE , NORTH FALMOUTH, MA 02556"
"$769,000","53 KRIKOR DR , NORTH FALMOUTH, MA 02556"
"$2,795,000","451 WILD HARBOR RD , NORTH FALMOUTH, MA 02556"
"$549,900","293 OLD MAIN RD , NORTH FALMOUTH, MA 02556"
"$774,500","67 ALDER LN , NORTH FALMOUTH, MA 02556"
"$459,900","50 WESTON RD , NORTH FALMOUTH, MA 02556"
"$415,000","510 QUAKER RD , NORTH FALMOUTH, MA 02556"
"$654,900","51 HORSESHOE LN , NORTH FALMOUTH, MA 02556"
"$665,000","6 WILLOW NEST LN , NORTH FALMOUTH, MA 02556"
"$2,195,000","240 ALDER LN , NORTH FALMOUTH, MA 02556"
"$425,000","103 DOVE HILL RD , NORTH FALMOUTH, MA 02556"
"$699,000","237 Old Main Rd , North Falmouth, MA 02556"
"$420,000","0 Chester St , Falmouth, MA 02556"
"$420,000","2 Chester St , North Falmouth, MA 02556"
"$549,000","213 N FALMOUTH HWY , NORTH FALMOUTH, MA 02556"
"$395,000","009 Pine Bank Rd , North Falmouth, MA 02556"
"$395,000","00 Pine Bank Rd Lot 9H, North Falmouth, MA 02556"
"$695,000","35 Pine Bank Rd Lot 7H, North Falmouth, MA 02556"
"$395,000","00 Pine Bank Rd , North Falmouth, MA 02556"
"$209,000"," WILD HARBOR RD , NORTH FALMOUTH, MA 02556"
"$199,900","63 N FALMOUTH HWY , NORTH FALMOUTH, MA 02556"
"$99,000"," Nathan S. Ellis Hwy Lot 2, Falmouth, MA 02556"
"$99,000","0 Nathan Ellis Hwy , Falmouth, MA 02556"
"$99,000","002 Nathan Ellis Hwy , North Falmouth, MA 02556"
