"$410,000","10 QUEENS WAY , SANDWICH, MA 02563"
"$339,900","3 PEGGYS LN , SANDWICH, MA 02563"
"$690,117","3 DILLINGHAM AVE , SANDWICH, MA 02563"
"$252,500","32 PICCADILLY RD , SANDWICH, MA 02563"
"$719,000","6 SAMBA CIR , SANDWICH, MA 02563"
"$299,000","36 MOODY DR , SANDWICH, MA 02563"
"$459,900","34 CARMAN AVE , SANDWICH, MA 02563"
"$305,000","11 WILSON RD , SANDWICH, MA 02563"
"$539,000","29 CHRISTOPHER HOLLOW RD , SANDWICH, MA 02563"
"$550,000","185 N Shore Blvd # H, Sandwich, MA 02563"
"$333,000","8 LENTELL ST , SANDWICH, MA 02563"
"$324,900","3 SCONSET CIR , SANDWICH, MA 02563"
"$815,000","4 OPEN TRAIL RD , SANDWICH, MA 02563"
"$549,900","2 TELEGRAPH HILL RD , SANDWICH, MA 02563"
"$849,000","7 SWEET FERN LN , SANDWICH, MA 02563"
"$789,000","6 REFLECTION DR , SANDWICH, MA 02563"
"$485,000","195 Route 6a , Sandwich, MA 02563"
"$425,000","8 BOURNE HAY RD , SANDWICH, MA 02563"
"$715,000","4 FIRETHORN LN , SANDWICH, MA 02563"
"$439,900","25 BOURNE HAY RD , SANDWICH, MA 02563"
"$329,000","8 EVSUN DR , SANDWICH, MA 02563"
"$729,900","253 PHILLIPS RD , SANDWICH, MA 02563"
"$399,000","30 CHURCH ST , SANDWICH, MA 02563"
"$379,900","387 LAKE SHORE DR , SANDWICH, MA 02563"
"$379,000","145 N Shore Blvd # B, Sandwich, MA 02563"
