"$210,000","64 Hunters Brook Rd , Sagamore Beach, MA 02562"
"$399,900","5 Brady Rd , Sagamore Beach, MA 02562"
"$550,000","126 CLARK RD , SAGAMORE BEACH, MA 02562"
"$449,000","5 SEA LN , SAGAMORE BEACH, MA 02562"
"$389,000","2 McGrath Rd , Sagamore Beach, MA 02562"
"$650,000","28 INDIAN TRL , SAGAMORE BEACH, MA 02562"
"$295,000","180 State Rd 7 # (1U), Bourne, MA 02562"
"$589,900","26 Oak Bluff Rd , Sagamore Beach, MA 02562"
"$384,500","203 WILLISTON RD , Bourne, MA 02562"
"$419,000","29 Tecumseh Rd , Sagamore Beach, MA 02562"
"$384,500","203 Williston Rd , Sagamore Beach, MA 02562"
"$699,000","26 INDIAN TRL , SAGAMORE BEACH, MA 02562"
"$489,900","11 PLYMOUTH HEIGHTS RD , SAGAMORE BEACH, MA 02562"
"$455,000","14 FOX RUN RD , SAGAMORE BEACH, MA 02562"
"$364,900","12B Ocean Pines Dr # B, Bourne, MA 02562"
"$374,900","2 Wildwood Ln # B, Bourne, MA 02562"
"$354,900","12 E Ocean Pines Dr # 12E, Bourne, MA 02562"
"$419,900","2C Wildwood Ln # 2C, Bourne, MA 02562"
"$949,500","227 OLD PLYMOUTH RD , SAGAMORE BEACH, MA 02562"
"$699,900","24 Siasconset Dr , Sagamore Beach, MA 02562"
"$750,000"," Old Plymouth Rd , Sagamore Beach, MA 02562"
