"$3,000,000","108 WILLIAM ST , VINEYARD HAVEN, MA 02568"
"$1,375,000","14 Mayhew Norton Rd , Vineyard Haven, MA 02568"
"$1,350,000","26 Kennebago Ave Kennebago Ave , Vineyard Haven, MA 02568"
"$1,250,000","20 Middle Rd , Vineyard Haven, MA 02568"
"$1,090,000","25 DREAMERS WAY , VINEYARD HAVEN, MA 02568"
"$3,100,000","101 PASSAMAQUODDY AVE , VINEYARD HAVEN, MA 02568"
"$5,695,000","741 MAIN ST , VINEYARD HAVEN, MA 02568"
"$1,350,000","80 OBED DAGGETT RD , VINEYARD HAVEN, MA 02568"
"$1,425,000","14 UNCATENA TER , VINEYARD HAVEN, MA 02568"
"$1,750,000","77 MASSABESIC AVE , VINEYARD HAVEN, MA 02568"
"$791,000","15 HERRING CREEK RD , VINEYARD HAVEN, MA 02568"
"$550,000","168 County Rd , Oak Bluffs, MA 02568"
"$299,000","00 Fawndale Rd , Vineyard Haven, MA 02568"
"$1,725,000","27 SPRING ST , VINEYARD HAVEN, MA 02568"
"$1,375,000","14 Music St , Vineyard Haven, MA 02568"
"$3,950,000","55 JEWETT LN , VINEYARD HAVEN, MA 02568"
"$800,000","277 NORTON AVE , VINEYARD HAVEN, MA 02568"
"$7,950,000","721 MAIN ST , VINEYARD HAVEN, MA 02568"
"$1,675,000","335 LAMBERTS COVE RD , VINEYARD HAVEN, MA 02568"
"$5,700,000","33 Iron Hill Rd , Oak Bluffs, MA 02568"
"$1,070,000"," 275 South Farm Road , Vineyard Haven, MA 02568"
"$1,425,000","227 BUDDYS DR , VINEYARD HAVEN, MA 02568"
"$2,500,000","63 WEBSTER AVE , VINEYARD HAVEN, MA 02568"
"$3,275,000","201 MITCHELL RD , VINEYARD HAVEN, MA 02568"
