"$84,900","96 Holiday Dr , West Wareham, MA 02576"
"$319,900","53 ROSEPOINT AVE , WEST WAREHAM, MA 02576"
"$124,500","1 GAULT RD APT 2, WEST WAREHAM, MA 02576"
"$167,900","14 Judith Cir , West Wareham, MA 02576"
"$65,400","99 Holiday Dr , West Wareham, MA 02576"
$223K,"16 DONALD ST , WEST WAREHAM, MA 02576"
"$500,000","6 DONNA RD , WEST WAREHAM, MA 02576"
"$485,000","10 GRIFFIN WAY , WEST WAREHAM, MA 02576"
"$370,000","20 MAKI WAY , WEST WAREHAM, MA 02576"
"$115,000","55 HARVEST CIR , WEST WAREHAM, MA 02576"
"$129,900","8 MILL ST , WEST WAREHAM, MA 02576"
