"$374,999","700 MAIN ST , WAREHAM, MA 02571"
"$275,000","3 Old Glen Charlie Rd , Wareham, MA 02538"
"$349,000","123 GREAT NECK RD , WAREHAM, MA 02571"
"$384,900","35 PINEHURST DR , WAREHAM, MA 02571"
"$869,900","11 HARBORVIEW LN , WAREHAM, MA 02571"
"$685,000","26 MARITIME DR , WAREHAM, MA 02571"
"$695,000","30 MARITIME DR , WAREHAM, MA 02571"
"$409,000","147 GREAT NECK RD , WAREHAM, MA 02571"
"$225,000","29 AGAWAM BEACH RD , WAREHAM, MA 02571"
"$259,900","20 MAYFLOWER AVE , WAREHAM, MA 02571"
"$263,900","69 SWIFTS BEACH RD , WAREHAM, MA 02571"
"$429,000","23 MARITIME DR , WAREHAM, MA 02571"
"$349,000","52 Central Ave , Wareham, MA 02571"
"$239,000","170 CROMESETT RD , WAREHAM, MA 02571"
"$319,900","9 MAYFLOWER RIDGE DR , WAREHAM, MA 02571"
"$374,900","17 LYNNE RD , WAREHAM, MA 02571"
"$189,000","13 BEACH ST , WAREHAM, MA 02571"
"$525,000","143 HATHAWAY ST , WAREHAM, MA 02571"
"$569,900","102 MAPLE SPRINGS RD , WAREHAM, MA 02571"
"$125,000","5 Burgess Point Shores Rd , Wareham, MA 02571"
"$150,000","7 Burgess Point Shores Rd , Wareham, MA 02571"
$189K,"1 DIAMOND AVE , WAREHAM, MA 02571"
"$549,900","14 MARKS COVE RD , WAREHAM, MA 02571"
$180K,"25 NICHOLAS DR , WAREHAM, MA 02571"
"$525,000","7 N Water St , Wareham, MA 02571"
