"$629,900","172 SOUTHOLD RD , AUBURN, MA 01501"
"$380,500","12 BARBARA AVE , AUBURN, MA 01501"
"$254,900","28 UPLAND ST , AUBURN, MA 01501"
"$160,000","13 MARILYN DR , AUBURN, MA 01501"
"$309,900","14 OLD COLONY RD , AUBURN, MA 01501"
"$299,900","157 CENTRAL ST , AUBURN, MA 01501"
"$234,900","5 WATER ST , AUBURN, MA 01501"
"$225,900","19 CHESTNUT AVE , AUBURN, MA 01501"
"$329,900","28 WESTCHESTER DR , AUBURN, MA 01501"
"$399,900","4 ROBERTSON RD , AUBURN, MA 01501"
"$149,000","3 HOMESTEAD AVE , AUBURN, MA 01501"
"$199,900","37 INWOOD RD , AUBURN, MA 01501"
"$389,888","3 SOPHIA DR , AUBURN, MA 01501"
"$304,900","15 WINCHESTER AVE , AUBURN, MA 01501"
"$269,900","26 MEADOWBROOK RD , AUBURN, MA 01501"
"$289,900","14 LANCASTER ST , AUBURN, MA 01501"
"$569,900","7 Whitetail Run , Auburn, MA 01501"
"$339,900","613 OXFORD ST S , AUBURN, MA 01501"
"$775,000","66 OLD COMMON RD , AUBURN, MA 01501"
"$50,000","113 Washington St Lot 27, Auburn, MA 01501"
"$169,900","5 CROWL HILL RD , AUBURN, MA 01501"
"$75,000","11 CLARENDON RD , AUBURN, MA 01501"
"$136,900","707 Oxford St S , Auburn, MA 01501"
"$200,250","14 MONTCLAIR DR , AUBURN, MA 01501"
