"$410,000","25 STAPLES LN , BLACKSTONE, MA 01504"
"$259,900","78 Fox Run Rd # 78, Blackstone, MA 01504"
"$499,900+","83 Glenside Dr # R47YU6, Blackstone, MA 01504"
"$439,900+","83 Glenside Dr # IVWHUK, Blackstone, MA 01504"
"$499,900+","83 Glenside Dr # X7MD9I, Blackstone, MA 01504"
"$154,700","3 Federal St Unit 3, Blackstone, MA 01504"
$129K,"28 POWER ST , BLACKSTONE, MA 01504"
"$429,900+","83 Glenside Dr # ZD13NR, Blackstone, MA 01504"
"$180,000","8 MILLER ST , BLACKSTONE, MA 01504"
"$277,900","130 LAKESHORE DR , BLACKSTONE, MA 01504"
"$409,000","29-A Federal St , Blackstone, MA 01504"
"$539,900","303 Blackstone St , Blackstone, MA 01504"
"$168,000","328 BLACKSTONE ST , BLACKSTONE, MA 01504"
"$239,900","101 BLACKSTONE ST , BLACKSTONE, MA 01504"
"$189,900","6 1ST AVE , BLACKSTONE, MA 01504"
"$175,000","25 SAINT PAUL ST , BLACKSTONE, MA 01504"
"$79,900","3 Fairway Ln # 3, Blackstone, MA 01504"
"$134,900","75 MAIN ST , BLACKSTONE, MA 01504"
"$99,000","10 CRESTWOOD DR , BLACKSTONE, MA 01504"
"$439,900","17 HANDY RD , BLACKSTONE, MA 01504"
"$224,900","235 Blackstone St , Blackstone, MA 01504"
$132K,"139B Summer St , Blackstone, MA 01504"
