"$595,000","30 PLEASANT LN , BOYLSTON, MA 01505"
"$985,000","36 Perry Rd , Lancaster, MA 01505"
"$237,000","36 NICHOLAS AVE , BOYLSTON, MA 01505"
"$289,000","903 Edgebrook Dr # 10-1, Boylston, MA 01505"
"$252,000","99 CENTRAL ST , BOYLSTON, MA 01505"
"$1,000,000","89 MILL RD , BOYLSTON, MA 01505"
"$699,900","211 MILE HILL RD , BOYLSTON, MA 01505"
"$1,620,000","71 ADAMS ST , BOYLSTON, MA 01505"
"$279,900","0 Shrewsbury St , Boylston, MA 01505"
"$859,900","116 ROCKY POND RD , BOYLSTON, MA 01505"
"$909,900","3 Perry Rd , Boylston, MA 01505"
"$581,500","21 Perry Rd , Boylston, MA 01505"
"$859,900","77 Coderre Rd , Boylston, MA 01505"
