"$109,900","10 HOWARD ST , BROOKFIELD, MA 01506"
"$365,000","31 MOLASSES HILL RD , BROOKFIELD, MA 01506"
"$254,000","4 MILL ST , BROOKFIELD, MA 01506"
"$169,000","3 LOWER RIVER ST , BROOKFIELD, MA 01506"
"$75,000","1 Buckboard Pass , Brookfield, MA 01506"
"$589,900","31 W MAIN ST , BROOKFIELD, MA 01506"
"$207,000","14 HIGH ST , BROOKFIELD, MA 01506"
"$454,000","2 LANE 21 , BROOKFIELD, MA 01506"
"$50,000","103 RICE CORNER RD , BROOKFIELD, MA 01506"
"$29,900","23 N BROOKFIELD RD , BROOKFIELD, MA 01506"
"$215,000","57 MOLASSES HILL RD , BROOKFIELD, MA 01506"
"$31,500","21 N BROOKFIELD RD , BROOKFIELD, MA 01506"
"$350,000","75-A Webber Rd , Brookfield, MA 01506"
"$46,000","114 FISKDALE RD , BROOKFIELD, MA 01506"
"$215,000","57-A Molasses Hill Rd , Brookfield, MA 01506"
"$20,000","114 Quaboag St , Brookfield, MA 01506"
"$44,000","112 FISKDALE RD , BROOKFIELD, MA 01506"
"$49,900","17 N BROOKFIELD RD , BROOKFIELD, MA 01506"
"$36,500","19 N BROOKFIELD RD , BROOKFIELD, MA 01506"
"$20,000","114 & 116 Quaboag St , Brookfield, MA 01506"
"$29,900","23N N Brookfield Rd , Brookfield, MA 01506"
"$31,500","21N N Brookfield Rd , Brookfield, MA 01506"
