"$694,900","16 PRIEST RD , BERLIN, MA 01503"
"$650,000","35 RANDALL RD , BERLIN, MA 01503"
"$406,900","92 Brook Ln # 92, Berlin, MA 01503"
"$534,000","28 LANCASTER RD , BERLIN, MA 01503"
"$299,900","8 LINDEN ST , BERLIN, MA 01503"
"$374,900","111 PLEASANT ST , BERLIN, MA 01503"
"$1,299,000","32 & 34 Autumn Rdg , Berlin, MA 01503"
"$749,900","23 COBURN RD , BERLIN, MA 01503"
"$925,000","61 BALL HILL RD , BERLIN, MA 01503"
"$795,000","35 AUTUMN RDG , BERLIN, MA 01503"
"$490,000","28 OAK ST , BERLIN, MA 01503"
"$189,900","257 RIVER RD W , BERLIN, MA 01503"
"$175,000","253 RIVER RD W , BERLIN, MA 01503"
"$625,000","0 Peach Hill Rd , Berlin, MA 01503"
"$750,000","339 OLD CENTRAL ST , BERLIN, MA 01503"
"$875,000"," West St Lot 0, Berlin, MA 01503"
