"$349,900","5 ELEANOR LN , CHARLTON, MA 01507"
"$419,999","145 CITY DEPOT RD , CHARLTON, MA 01507"
"$549,900","125 OSGOOD RD , CHARLTON, MA 01507"
"$374,900","0 Dresser Hill Rd , Charlton, MA 01507"
"$435,900","1 Hyde Rd , Charlton, MA 01507"
"$449,900","25 Hyde Rd , Charlton, MA 01507"
"$279,900","157 CARPENTER HILL RD , CHARLTON, MA 01507"
"$89,900","87 Burlingame Rd , Charlton, MA 01507"
"$429,000","93 H FOOTE RD , CHARLTON, MA 01507"
$225K,"58 H FOOTE RD , CHARLTON, MA 01507"
$216K,"100 HAGGERTY RD , CHARLTON, MA 01507"
"$419,900","7 Hyde Rd , Charlton, MA 01507"
"$499,900","17 STONEYBROOK RD , CHARLTON, MA 01507"
"$409,900","83 COLBURN RD , CHARLTON, MA 01507"
"$49,900","2 SANDERSDALE RD , CHARLTON, MA 01507"
"$165,000","168 GOULD RD , CHARLTON, MA 01507"
"$259,900","68 SOUTHBRIDGE RD , CHARLTON, MA 01507"
"$499,000","91 LELAND DR , CHARLTON, MA 01507"
"$79,900","89 BROOKFIELD RD , CHARLTON, MA 01507"
"$69,000","2 Oxford Rd , Charlton, MA 01507"
"$49,900","51 BOND RD , CHARLTON, MA 01507"
"$54,900","1 Ramshorn Rd , Charlton, MA 01507"
"$400,000","1 Piehl Dr , Charlton, MA 01507"
