"$424,900","2 Draper Woods Rd , Sturbridge, MA 01518"
"$385,000","3 Glendale Rd , Sturbridge, MA 01518"
"$985,000","92 Paradise Ln , Sturbridge, MA 01518"
"$510,000"," Meredith Ln Lot 20, Sturbridge, MA 01518"
"$439,900"," Meredith Ln Lot 21, Sturbridge, MA 01518"
"$439,900"," Meredith Way Lot 24, Sturbridge, MA 01518"
"$439,900","LO T23 Meredith Ln , Sturbridge, MA 01518"
"$315,000","229 Brookfield Rd , Sturbridge, MA 01518"
"$19,900","278 Cedar St , Sturbridge, MA 01518"
"$289,900","244 Cedar St , Sturbridge, MA 01518"
"$384,000","41-43 Finlay Rd , Sturbridge, MA 01518"
"$60,000","17 Lauren Ln , Sturbridge, MA 01518"
"$89,900","43 Champeaux Rd , Sturbridge, MA 01518"
"$560,000","40 Glendale Rd , Sturbridge, MA 01518"
"$315,000","76 Stallion Hill Rd , Sturbridge, MA 01518"
"$249,900","97 Paradise Ln , Sturbridge, MA 01518"
"$724,900","59 Streeter Rd , Sturbridge, MA 01518"
"$429,900","600 Main St , Sturbridge, MA 01518"
"$413,000","290 Clark Road Ext , Sturbridge, MA 01518"
