"$99,000","14 BROADWAY ST , CLINTON, MA 01510"
"$399,900","2 DEER RUN CIR , CLINTON, MA 01510"
"$179,900","239 STERLING ST , CLINTON, MA 01510"
"$200,000","285 GROVE ST , CLINTON, MA 01510"
$131K,"58 PARK ST , CLINTON, MA 01510"
"$279,900","420 CHESTNUT ST , CLINTON, MA 01510"
"$279,900","1215 Hazelwood Way # 0, Clinton, MA 01510"
"$234,900","634 HIGH ST , CLINTON, MA 01510"
"$279,900","1209 Hazelwood Way # 0, Clinton, MA 01510"
"$379,900","1211 Hazelwood Way # 0, Clinton, MA 01510"
"$379,900","1213 Hazelwood Way # 0, Clinton, MA 01510"
"$560,000","5 SHORE LN , CLINTON, MA 01510"
"$129,900","1 Pine St , Clinton, MA 01510"
"$280,000","32 TOP ST , CLINTON, MA 01510"
"$419,900","19 EILEEN AVE , CLINTON, MA 01510"
"$454,900"," Lot 2 Prescott Ln , Clinton, MA 01510"
"$269,900","114 HASKELL AVE , CLINTON, MA 01510"
"$249,000","22 BLOSSOM ST , CLINTON, MA 01510"
"$245,900","502 RIDGEFIELD CIR # B, CLINTON, MA 01510"
"$299,900","53 FOREST ST , CLINTON, MA 01510"
"$259,900","24 Nelson St # 24, Clinton, MA 01510"
"$302,400","40 Boylston St # 332, Clinton, MA 01510"
"$339,900","78 Oak St # 113, Clinton, MA 01510"
"$294,900","40 Boylston St # 112, Clinton, MA 01510"
"$277,100","40 Boylston St # 224, Clinton, MA 01510"
