"$299,000","28 DAVIS ST , DOUGLAS, MA 01516"
"$135,000","64 Birch St , Douglas, MA 01516"
"$379,900","39 POND ST , DOUGLAS, MA 01516"
"$165,000","24 SE MAIN ST , DOUGLAS, MA 01516"
"$359,000","29 VINE ST , DOUGLAS, MA 01516"
"$160,000","27 RICHIE RD , DOUGLAS, MA 01516"
"$325,000","14 SMITH HILL WAY , DOUGLAS, MA 01516"
"$197,000","82 Depot St # 82, Douglas, MA 01516"
"$85,000","145 SE Main St Lot 7, Douglas, MA 01516"
$122K,"81 EAGLE DR , DOUGLAS, MA 01516"
"$599,900","20 NW MAIN ST , DOUGLAS, MA 01516"
"$169,000","7 Yew St , Douglas, MA 01516"
"$275,000","125 LEDGESTONE RD , DOUGLAS, MA 01516"
"$114,900","112 Webster St Lot 1, Douglas, MA 01516"
"$314,900","39 MANCHAUG ST , DOUGLAS, MA 01516"
"$995,000","229 MAIN ST , DOUGLAS, MA 01516"
"$80,000","80 GILBOA ST , DOUGLAS, MA 01516"
"$154,900","16 FAIRFAX WAY , DOUGLAS, MA 01516"
"$89,900","103 FRANKLIN ST , DOUGLAS, MA 01516"
"$125,000","4 MARTIN RD , DOUGLAS, MA 01516"
"$75,000","122 Walnut St , Douglas, MA 01516"
