"$219,900","54 Londonderry Rd # 54, Grafton, MA 01519"
"$198,000","6 WORCESTER ST , GRAFTON, MA 01519"
"$414,900","35 SUNRISE AVE , GRAFTON, MA 01519"
"$649,900","2 SALISBURY ST , GRAFTON, MA 01519"
"$525,000","30 SOUTH ST , GRAFTON, MA 01519"
"$139,900","66 CROSBY RD , GRAFTON, MA 01519"
"$294,000","10 NORTH ST , GRAFTON, MA 01519"
"$429,900","5 POTTER HILL RD , GRAFTON, MA 01519"
"$729,900","9 PETERS WAY , GRAFTON, MA 01519"
"$659,500","46 NORTH ST , GRAFTON, MA 01519"
"$420,000","1 VIRGINIA CIR , GRAFTON, MA 01519"
"$599,900","23 KEITH HILL RD , GRAFTON, MA 01519"
"$209,900","8 Coventry Rd # 8, Grafton, MA 01519"
"$529,900","57 CROSBY RD , GRAFTON, MA 01519"
"$625,000","28 NORTH ST , GRAFTON, MA 01519"
"$449,900","260 Magill Dr # 260, Grafton, MA 01519"
"$595,650","29 Pullard Rd # 1, Grafton, MA 01519"
"$560,000","26 GORDON CIR , GRAFTON, MA 01519"
"$190,000","252 MAGILL DR , GRAFTON, MA 01519"
"$130,000"," Millstone Dr Lot 2, Grafton, MA 01519"
"$850,000","29 PULLARD RD , GRAFTON, MA 01519"
"$579,000","68 CROSBY RD , GRAFTON, MA 01519"
