"$275,000","461 HOWE ST , EAST BROOKFIELD, MA 01515"
"$154,900","178 W MAIN ST , EAST BROOKFIELD, MA 01515"
"$329,900","11 Podunk Rd , East Brookfield, MA 01515"
"$359,900","10 Podunk Rd , East Brookfield, MA 01515"
"$45,000","184 N BROOKFIELD RD , EAST BROOKFIELD, MA 01515"
"$45,000"," N Sturbridge Rd Lot 8.1, East Brookfield, MA 01515"
"$286,000"," N Sturbridge Rd Lot 8.2, East Brookfield, MA 01515"
"$240,000","135 FLAGG RD , EAST BROOKFIELD, MA 01515"
"$183,700","100 CONNIE MACK DR , EAST BROOKFIELD, MA 01515"
"$217,000","390 E MAIN ST , EAST BROOKFIELD, MA 01515"
"$150,000","102 MECHANIC ST , EAST BROOKFIELD, MA 01515"
$133K,"104 Mechanic St , East Brookfield, MA 01515"
"$229,900","101 HARRINGTON LN , EAST BROOKFIELD, MA 01515"
"$265,000","22 Lakeview Dr , East Brookfield, MA 01515"
"$329,900","130 HARRINGTON LN , EAST BROOKFIELD, MA 01515"
