"$199,900","28 BEECH ST , LEICESTER, MA 01524"
"$375,000","1122 MAIN ST , LEICESTER, MA 01524"
"$289,900","28 DEER POND DR , LEICESTER, MA 01524"
"$380,000","0 Mayflower/Holcomb , Leicester, MA 01524"
"$398,000","1120 WHITTEMORE ST , LEICESTER, MA 01524"
"$329,900","487 PLEASANT ST , LEICESTER, MA 01524"
$233K,"416 PINE ST , LEICESTER, MA 01524"
"$199,900","1641 MAIN ST , LEICESTER, MA 01524"
"$425,000","441 MARSHALL ST , LEICESTER, MA 01524"
"$339,900","2 SALMINEN DR , LEICESTER, MA 01524"
$140K,"10 FERNCROFT RD , LEICESTER, MA 01524"
"$425,000","1570 MAIN ST , LEICESTER, MA 01524"
"$379,900","16 LAKE SHORE DR , LEICESTER, MA 01524"
"$299,000","41 PLEASANT ST , LEICESTER, MA 01524"
"$269,900","6 GLEASON WAY , LEICESTER, MA 01524"
"$199,900","196 CHAPEL ST , LEICESTER, MA 01524"
"$20,000","22 WINSLOW AVE , LEICESTER, MA 01524"
"$30,000","184 PLEASANT ST , LEICESTER, MA 01524"
"$300,000","22 PINE ST , LEICESTER, MA 01524"
"$264,900","26 LAKE SARGENT DR , LEICESTER, MA 01524"
$179K," Felix St Lot 0, Leicester, MA 01524"
