"$412,000","449 MASHAPAUG RD , HOLLAND, MA 01521"
"$44,900","9 VINTON RD , HOLLAND, MA 01521"
"$99,900","16 VINTON RD , HOLLAND, MA 01521"
"$49,900","0 Stafford Rd , Holland, MA 01521"
"$30,000","141 Sturbridge Rd , Holland, MA 01521"
"$209,000","2 BIG TREE LN , HOLLAND, MA 01521"
"$84,500","82 STAFFORD RD , HOLLAND, MA 01521"
"$675,000","63 MASHAPAUG RD , HOLLAND, MA 01521"
"$20,000","0 Victoria Ln , Holland, MA 01521"
"$949,049","70 ALLEN HILL RD , HOLLAND, MA 01521"
"$20,000","014 Victoria Dr , Holland, MA 01521"
"$699,900","430 MASHAPAUG RD , HOLLAND, MA 01521"
"$80,000","0 Vinton Rd # L:8, Holland, MA 01521"
"$59,900","0 Kimball Hill Rd , Massachusetts, CT 01521"
"$69,000","4 Butterworth Rd , Holland, MA 01521"
"$89,000","25 HALFWAY LN , HOLLAND, MA 01521"
"$269,000","6 DAVIDSON RD , HOLLAND, MA 01521"
"$270,000","3 Mashapaug Rd , Holland, MA 01521"
"$260,000","4 MASHAPAUG RD , HOLLAND, MA 01521"
"$239,900","0 Vinton/Butterworth Rd , Holland, MA 01521"
"$69,000","0 Mashapaug Rd , Holland, MA 01521"
"$299,999","22 OLD ACRES RD , HOLLAND, MA 01521"
