"$420,000","103 KALEVA RD , LANCASTER, MA 01523"
"$199,900","0 Shirley Rd , Lancaster, MA 01523"
"$550,000","114 GRANT WAY , LANCASTER, MA 01523"
"$282,500","364 BOLTON RD , LANCASTER, MA 01523"
"$159,000","101 PARKER RD , LANCASTER, MA 01523"
"$209,500","56 KILBOURN RD , LANCASTER, MA 01523"
"$384,900","14 HIGHFIELD DR , LANCASTER, MA 01523"
"$444,900","408 NICHOLAS DR , LANCASTER, MA 01523"
"$549,000","50 Fire Road 10 , Lancaster, MA 01523"
"$339,900","75 WINSOR RD , LANCASTER, MA 01523"
"$650,000","146 Seven Bridge Rd , Lancaster, MA 01523"
"$169,000","20 MAIN ST , LANCASTER, MA 01523"
"$664,900","634 MAIN ST , LANCASTER, MA 01523"
"$175,000","18 RUNAWAY BROOK RD , LANCASTER, MA 01523"
"$377,700","199 CENTER BRIDGE RD , LANCASTER, MA 01523"
"$299,900","2187 MAIN ST , LANCASTER, MA 01523"
"$5,385,000","2606 N MAIN ST , LANCASTER, MA 01523"
"$1,500,000","679 George Hill Rd , Lancaster, MA 01523"
"$210,000","2038 LUNENBURG RD , LANCASTER, MA 01523"
"$660,000","6 OETMAN WAY , LANCASTER, MA 01523"
"$95,900","5 OETMAN WAY , LANCASTER, MA 01523"
"$125,000","23 Mill Street Ct # 3, Lancaster, MA 01523"
