"$260,000","70 MILLBURY AVE , MILLBURY, MA 01527"
"$139,900","1 GATES LN , MILLBURY, MA 01527"
"$324,900","26 LESLIE LN , MILLBURY, MA 01527"
"$317,000","15 JUNIPER DR , MILLBURY, MA 01527"
"$209,000","35 RIVERLIN ST , MILLBURY, MA 01527"
"$209,000","41 DOROTHY RD , MILLBURY, MA 01527"
"$229,900","370 GREENWOOD ST , MILLBURY, MA 01527"
"$249,999","153 MAIN ST , MILLBURY, MA 01527"
"$279,900","79 ELMWOOD ST , MILLBURY, MA 01527"
"$327,300","9 OAKES CIR , MILLBURY, MA 01527"
"$368,000","22 IRENE CT , MILLBURY, MA 01527"
"$359,900","1 BAYBERRY LN , MILLBURY, MA 01527"
$53K,"289 W MAIN ST , MILLBURY, MA 01527"
"$339,900","1 Oakes St # A, Millbury, MA 01527"
"$224,900","386 GREENWOOD ST , MILLBURY, MA 01527"
"$224,900","14 SYCAMORE ST , MILLBURY, MA 01527"
"$1,250,000","51 DAVIS RD , MILLBURY, MA 01527"
"$229,000","3 Summer St # 5, Millbury, MA 01527"
$186K,"31 HOWE AVE , MILLBURY, MA 01527"
"$333,900","93 Horne Way # 93, Millbury, MA 01527"
"$319,900","23 WOODRIDGE RD , MILLBURY, MA 01527"
"$224,900","90 Horne Way # 90, Millbury, MA 01527"
"$495,000","8 MILES ST APT D, MILLBURY, MA 01527"
