"$299,000","1429 MAIN ST , HOLDEN, MA 01520"
"$379,900","51 MARK BRADFORD DR , HOLDEN, MA 01520"
"$264,900","108 WYOMING DR , HOLDEN, MA 01520"
"$284,900","22 ALPHA RD , HOLDEN, MA 01520"
"$339,900","28 BIRCHWOOD DR , HOLDEN, MA 01520"
"$329,900","300 MALDEN ST , HOLDEN, MA 01520"
"$469,900","322 WACHUSETT ST , HOLDEN, MA 01520"
"$265,000","27 BAILEY RD , HOLDEN, MA 01520"
"$475,000","97 BLAIR DR , HOLDEN, MA 01520"
"$379,000","29 DOYLE RD , HOLDEN, MA 01520"
"$264,900","502 Torrey Lane Ext # 502, Holden, MA 01520"
"$324,900","167 DOYLE RD , HOLDEN, MA 01520"
"$529,900","57 VISTA CIR , HOLDEN, MA 01520"
"$500,000","75 HIGHLAND ST , HOLDEN, MA 01520"
"$449,900","55 SOUTH RD , HOLDEN, MA 01520"
"$419,900","59 BANBURY LN , HOLDEN, MA 01520"
"$479,900","121 FORT SUMTER DR , HOLDEN, MA 01520"
"$399,900","5 WENDOVER RD , HOLDEN, MA 01520"
"$567,900","3 Patriot Way , Holden, MA 01520"
"$359,900","15 BULLARD ST , HOLDEN, MA 01520"
"$319,000","185 Quinapoxet Street St , Holden, MA 01520"
"$539,900","39 JORDAN RD , HOLDEN, MA 01520"
"$445,000","57 RAYMOND ST , HOLDEN, MA 01520"
"$999,900","466 SALISBURY ST , HOLDEN, MA 01520"
"$389,990","96 TEA PARTY CIR , HOLDEN, MA 01520"
