"$139,900","69 ELM ST , NORTH BROOKFIELD, MA 01535"
"$440,000","31 TOWN FARM RD , NORTH BROOKFIELD, MA 01535"
"$184,900","125 S Main St # 2, North Brookfield, MA 01535"
"$279,900","22 BULLARD RD , NORTH BROOKFIELD, MA 01535"
"$525,000","14 SHORE RD , NORTH BROOKFIELD, MA 01535"
"$324,900","43 NEW BRAINTREE RD , NORTH BROOKFIELD, MA 01535"
"$219,900","35 WALNUT ST , NORTH BROOKFIELD, MA 01535"
"$110,000","26 Ryan Rd Apt 4, North Brookfield, MA 01535"
"$225,000","4 ASHLEY RD , NORTH BROOKFIELD, MA 01535"
"$475,000","10 BIGELOW RD , NORTH BROOKFIELD, MA 01535"
"$129,000","24 Summer St , North Brookfield, MA 01535"
"$179,900","12 CUSHING ST , NORTH BROOKFIELD, MA 01535"
"$89,000","81 W Brookfield Rd , North Brookfield, MA 01535"
$122K,"282 N MAIN ST , NORTH BROOKFIELD, MA 01535"
"$1,200,000","44 FOREST ST , NORTH BROOKFIELD, MA 01535"
"$79,900","6 STODDARD RD , NORTH BROOKFIELD, MA 01535"
"$64,900","10 & 17 Bigelow Rd , North Brookfield, MA 01535"
"$149,900","326 N MAIN ST , NORTH BROOKFIELD, MA 01535"
"$244,900","70 OLD E BROOKFIELD RD , NORTH BROOKFIELD, MA 01535"
"$29,900","8 RYAN RD , NORTH BROOKFIELD, MA 01535"
