"$739,900","11 MORGAN DR , NORTH GRAFTON, MA 01536"
$197K,"6 INDIAN PATH , NORTH GRAFTON, MA 01536"
"$218,900","36 BERNARD RD , NORTH GRAFTON, MA 01536"
"$225,000","77 Samuel Dr # 77, North Grafton, MA 01536"
"$314,900","59 John Dr # 59, North Grafton, MA 01536"
"$6,900","5 N MAIN ST , NORTH GRAFTON, MA 01536"
"$850,000","5 BRIDLE RIDGE DR , NORTH GRAFTON, MA 01536"
"$449,999","32 MEADOW LN , NORTH GRAFTON, MA 01536"
"$125,000","80 SNOW RD , NORTH GRAFTON, MA 01536"
"$275,000","196 BRIGHAM HILL RD , NORTH GRAFTON, MA 01536"
"$465,000","27 Willard St St , Grafton, MA 01536"
"$429,900","25 Faulkner Rd , North Grafton, MA 01536"
"$850,000","23 ROBIN DR , NORTH GRAFTON, MA 01536"
"$470,000","7 CARROLL RD # 1, NORTH GRAFTON, MA 01536"
"$199,900","19 GREANY DR , NORTH GRAFTON, MA 01536"
"$579,900","9 WATERVILLE ST , NORTH GRAFTON, MA 01536"
"$561,900","9 BICKNELL RD , NORTH GRAFTON, MA 01536"
"$629,900","58 HIGH POINT DR , NORTH GRAFTON, MA 01536"
"$759,900","32 HIGH POINT DR , NORTH GRAFTON, MA 01536"
"$555,900"," High Point Dr Lot 42A, Grafton, MA 01536"
"$242,000","35 AIRPORT RD , NORTH GRAFTON, MA 01536"
"$264,000","38 High Point Dr , North Grafton, MA 01536"
"$610,900","7 Hovey Pond Dr # 104, North Grafton, MA 01536"
