"$249,900","37 MERRIAM DISTRICT , NORTH OXFORD, MA 01537"
"$135,000","66 Pleasant St Unit 12, Oxford, MA 01537"
"$329,900","23 MERRIAM DISTRICT , NORTH OXFORD, MA 01537"
"$179,900","17 Thayer Pond Dr Unit 2, Oxford, MA 01537"
"$154,900","27 OXBOW RD , NORTH OXFORD, MA 01537"
"$219,900","27 LEICESTER ST , NORTH OXFORD, MA 01537"
"$237,000","2 Marcam Village Rd # 2, North Oxford, MA 01537"
"$239,000","718 MAIN ST , NORTH OXFORD, MA 01537"
"$264,900","18 Cole Dr # 18, North Oxford, MA 01537"
"$399,900","618 MAIN ST , NORTH OXFORD, MA 01537"
"$449,900","52 MERRIAM DISTRICT , NORTH OXFORD, MA 01537"
"$199,900","193 & 197 Southbridge Rd , Oxford, MA 01537"
"$33,000","16 OXBOW RD , NORTH OXFORD, MA 01537"
