"$224,900","1240 QUAKER ST , NORTHBRIDGE, MA 01534"
"$209,900","52 FREEDOMS WAY , NORTHBRIDGE, MA 01534"
"$419,900","371 N Main St , Northbridge, MA 01534"
"$409,900","122 Clubhouse Ln # 122, Northbridge, MA 01534"
"$279,900","26 SPRAGUE ST , NORTHBRIDGE, MA 01534"
"$289,900","25 Spruce St # 25, Northbridge, MA 01534"
"$389,900","11 LINKSIDE CT , NORTHBRIDGE, MA 01534"
"$389,000","284 HIGHLAND ST , NORTHBRIDGE, MA 01534"
"$379,900","20 Linkside Ct # 20, Northbridge, MA 01534"
"$574,900","72 Washington St , Northbridge, MA 01534"
"$529,900","66 Washington St , Northbridge, MA 01534"
"$379,990","103 107 School St , Northbridge, MA 01534"
"$244,900","34 Railroad St # 36, Northbridge, MA 01534"
"$424,900","27 Fir Hill Ln , Northbridge, MA 01534"
"$515,000","4 Windstone Dr , Northbridge, MA 01534"
"$89,900"," Providence Rd Lot 3, Northbridge, MA 01534"
"$74,000","0 Hudson St , Northbridge, MA 01534"
"$110,000"," Providence Rd Lot 4, Northbridge, MA 01534"
"$195,000","0 Benson Rd , Northbridge, MA 01534"
"$195,000"," Benson Rd , Northbridge, MA 01534"
"$89,900"," Providence Rd Lot 7, Northbridge, MA 01534"
