"$675,000","23 COPLEY DR , NORTHBOROUGH, MA 01532"
"$275,000","2 LEXINGTON RD , NORTHBOROUGH, MA 01532"
"$420,000","26 COLBURN ST , NORTHBOROUGH, MA 01532"
"$474,900","14 MORSE CIR , NORTHBOROUGH, MA 01532"
"$545,000","5 CYRUS WAY , NORTHBOROUGH, MA 01532"
"$329,900","4 MEMORIAL DR , NORTHBOROUGH, MA 01532"
"$449,000","316 HOWARD ST , NORTHBOROUGH, MA 01532"
"$735,000","40 HEMLOCK DR , NORTHBOROUGH, MA 01532"
"$849,900","294 BOUNDARY ST , NORTHBOROUGH, MA 01532"
"$499,900","25 COLBY ST , NORTHBOROUGH, MA 01532"
"$439,900","230 WHITNEY ST , NORTHBOROUGH, MA 01532"
"$545,000","5 Cyrus Way # 5, Northborough, MA 01532"
"$559,900","4 LIBERTY DR , NORTHBOROUGH, MA 01532"
"$565,000","9 MORSE CIR , NORTHBOROUGH, MA 01532"
"$474,900","2 Edge Way , Northborough, MA 01532"
"$649,900","8 SADDLE HILL DR , NORTHBOROUGH, MA 01532"
"$469,900","29 OTIS ST , NORTHBOROUGH, MA 01532"
"$779,900","253 GREEN ST , NORTHBOROUGH, MA 01532"
"$649,900","87 PLEASANT ST , NORTHBOROUGH, MA 01532"
"$525,000","9 CHARINA RD , NORTHBOROUGH, MA 01532"
"$550,000","379 Church St , Northborough, MA 01532"
"$279,000","190 W Main St # 190, Northborough, MA 01532"
"$399,900","13 DENNIS CIR , NORTHBOROUGH, MA 01532"
"$499,900","22 John Edwards Dr , Northborough, MA 01532"
"$325,000","28 FERNBROOK RD , NORTHBOROUGH, MA 01532"
