"$257,500","431 BARR RD , NEW BRAINTREE, MA 01531"
"$239,900","100 DAVIS RD , NEW BRAINTREE, MA 01531"
"$399,000","0 Charles Lane Rd , New Braintree, MA 01531"
"$315,000","101 Tucker Rd , New Braintree, MA 01531"
"$389,900","10 UNITAS RD , NEW BRAINTREE, MA 01531"
"$399,999","16 Skivira Ln , New Braintree, MA 01531"
"$49,500","171 WEBB RD , NEW BRAINTREE, MA 01531"
"$105,200","230 UTLEY RD , NEW BRAINTREE, MA 01531"
"$81,500","00 Davis Rd , New Braintree, MA 01531"
"$109,900","0 Gilbertville Rd Lot 3-A, New Braintree, MA 01531"
"$64,900","0 Gilbertville Rd Lot 2-A, New Braintree, MA 01531"
