"$439,900","9 WESTMONT RD , SHREWSBURY, MA 01545"
"$1,299,900","23 BRIDLE PATH , SHREWSBURY, MA 01545"
"$489,900","120 PROSPECT ST , SHREWSBURY, MA 01545"
"$495,000","14 Eastern Point Dr # 10, Shrewsbury, MA 01545"
"$234,900","65 COMMONS DR UNIT 510, SHREWSBURY, MA 01545"
"$649,900","132 S Quinsigamond Ave , Shrewsbury, MA 01545"
"$539,900","57 STONEY HILL RD , SHREWSBURY, MA 01545"
"$359,900","21 OLD BROOK RD , SHREWSBURY, MA 01545"
"$594,500","3 LANTERN LN , SHREWSBURY, MA 01545"
"$849,000","5 THOREAU CIR , SHREWSBURY, MA 01545"
"$449,900","8 NOTCHBROOK RD , SHREWSBURY, MA 01545"
"$69,000","151 Hartford Tpke Lot 43, Shrewsbury, MA 01545"
"$465,000","19 THOMAS FARM CIR , SHREWSBURY, MA 01545"
"$359,000","24 TOPSFIELD CIR , SHREWSBURY, MA 01545"
"$165,900","36 SHREWSBURY GREEN DR UNIT B, SHREWSBURY, MA 01545"
"$354,900","28 Harrington Farms Way # 28, Shrewsbury, MA 01545"
"$874,900","27 PARMENTER HILL RD , SHREWSBURY, MA 01545"
"$295,000","8 Harrington Farms Way # 8, Shrewsbury, MA 01545"
"$219,000","22-B Oakland Ave , Shrewsbury, MA 01545"
"$379,900","106 NORTH ST , SHREWSBURY, MA 01545"
"$730,000","127 NORTH ST , SHREWSBURY, MA 01545"
"$629,000","231 GREEN ST , SHREWSBURY, MA 01545"
"$399,900","75 HOWE AVE , SHREWSBURY, MA 01545"
"$1,225,000","3 MORNINGSIDE DR , SHREWSBURY, MA 01545"
"$389,900","80 WASHINGTON ST , SHREWSBURY, MA 01545"
