"$250,000","1 OLD DEPOT RD , OXFORD, MA 01540"
"$225,000","422 MAIN ST , OXFORD, MA 01540"
"$285,000","37 WALNUT ST , OXFORD, MA 01540"
"$239,000","7 SUNSET AVE , OXFORD, MA 01540"
"$225,000","9 NOTTINGHAM RD , OXFORD, MA 01540"
"$274,500","246 SUTTON AVE , OXFORD, MA 01540"
"$89,000","149 CHARLTON ST , OXFORD, MA 01540"
"$389,000","4 ROLLINGWOOD DR , OXFORD, MA 01540"
"$400,000"," Lots 1-14 Monument , Oxford, MA 01540"
"$400,000","1 Monument Dr , Oxford, MA 01540"
"$325,000","253 Main St , Oxford, MA 01540"
"$199,998","208 MAIN ST , OXFORD, MA 01540"
"$114,900","94 DUDLEY RD , OXFORD, MA 01540"
"$119,000","11 DOLGE CT , OXFORD, MA 01540"
"$339,800","37 DUDLEY RD , OXFORD, MA 01540"
$135K,"92 OLD WEBSTER RD , OXFORD, MA 01540"
"$315,000","230 MAIN ST , OXFORD, MA 01540"
"$71,900","42 CONLIN RD , OXFORD, MA 01540"
"$649,900","8 BUFFUM DAM RD , OXFORD, MA 01540"
