"$455,000","56 HICKORY DR , PRINCETON, MA 01541"
"$265,000","80 RHODES RD , PRINCETON, MA 01541"
"$109,900","1 HUBBARDSTON RD , PRINCETON, MA 01541"
"$175,000","0 Sam Cobb Ln , Princeton, MA 01541"
"$329,900","29 OLD BROOK STATION RD , PRINCETON, MA 01541"
"$875,000","150 MOUNTAIN RD , PRINCETON, MA 01541"
"$104,500","93 MAIN ST , PRINCETON, MA 01541"
"$325,000","155 BROOKS STATION RD , PRINCETON, MA 01541"
"$499,900","119 STERLING RD , PRINCETON, MA 01541"
"$109,500","216 WORCESTER RD , PRINCETON, MA 01541"
"$109,500","13 REDWOOD DR , PRINCETON, MA 01541"
"$675,000","157 WORCESTER RD , PRINCETON, MA 01541"
"$109,500","1 Paradise Pl , Princeton, MA 01541"
"$109,500"," Paradise Pl Lot 1, Princeton, MA 01541"
$250K,"31 Bullard Rd , Princeton, MA 01541"
"$450,000"," Paradise Pl Lot 2, Princeton, MA 01541"
"$115,000","2 Paradise Pl , Princeton, MA 01541"
"$160,000","29 BALL HILL RD , PRINCETON, MA 01541"
"$130,000","114 Ball Hill Rd , Princeton, MA 01541"
"$160,000","1 Old Colony Rd , Princeton, MA 01541"
"$99,900","3 Old Colony Rd , Princeton, MA 01541"
"$115,000","0 Mountain Rd , Princeton, MA 01541"
