"$225,000","26 Birchwood Rd , Rutland, MA 01543"
"$249,900","8 Juniper Ln , Rutland, MA 01543"
"$184,900","14 Birchwood Rd , Rutland, MA 01543"
"$180,000","112 Barre Paxton Rd , Rutland, MA 01543"
"$499,900","39 River Rd , Rutland, MA 01543"
"$85,900","A Lowry Ln Lot 9, Rutland, MA 01543"
"$44,900","176 Maple Ave Apt 4-34, Rutland, MA 01543"
"$215,000","21 Finn Park Rd , Rutland, MA 01543"
"$150,000","279 Main St , Rutland, MA 01543"
"$419,900","20 Campbell Ct , Rutland, MA 01543"
"$379,900","26 Kalloch Dr , Rutland, MA 01543"
"$495,000","390 Main St , Rutland, MA 01543"
"$279,900","14 Bigelow Rd , Rutland, MA 01543"
"$295,000","27 Highland Park Rd , Rutland, MA 01543"
"$415,000","89 Glenwood Rd , Rutland, MA 01543"
"$49,900","61 Pommogussett Rd , Rutland, MA 01543"
"$74,900","0 Pommogussett Rd Lot 1, Rutland, MA 01543"
"$64,900","2 Wachusett St , Rutland, MA 01543"
"$81,900","1 Wachusett St , Rutland, MA 01543"
"$79,900","3 Walnut St , Rutland, MA 01543"
"$64,900","92 RIDGE RD , RUTLAND, MA 01543"
"$105,000","3 Wachusett St , Rutland, MA 01543"
