"$349,000","10 Victoria Dr # 10, Rochdale, MA 01542"
"$329,900","209 CLARK ST , ROCHDALE, MA 01542"
"$15,000","12 Virginia Dr # 12, Rochdale, MA 01542"
"$210,000"," Mult. Lots Oneota and Turkey Hill Trl , Rutland, MA 01542"
"$362,500","768-776 Stafford St , Leicester, MA 01542"
"$60,000","26 Victoria Dr # 26, Rochdale, MA 01542"
"$95,000","776 STAFFORD ST , ROCHDALE, MA 01542"
"$349,000","768 STAFFORD ST , ROCHDALE, MA 01542"
"$60,000","12 Victoria Dr # 12, Rochdale, MA 01542"
