"$249,900","32 WHITETAIL CIR , SOUTHBRIDGE, MA 01550"
"$169,000","805 ALPINE DR , SOUTHBRIDGE, MA 01550"
"$249,900","109 VISTA LN , SOUTHBRIDGE, MA 01550"
"$249,900","52 STONY BROOK DR , SOUTHBRIDGE, MA 01550"
"$69,900","203 DURFEE ST , SOUTHBRIDGE, MA 01550"
"$249,900","921 DENNISON DR , SOUTHBRIDGE, MA 01550"
"$244,900","7 APOLLO DR , SOUTHBRIDGE, MA 01550"
"$199,900","18 LYONS ST , SOUTHBRIDGE, MA 01550"
"$109,900","228 LEBANON HILL RD , SOUTHBRIDGE, MA 01550"
"$284,900","140 LEBANON HILL RD , SOUTHBRIDGE, MA 01550"
"$289,000","426 ALPINE DR , SOUTHBRIDGE, MA 01550"
"$249,000","91 PINEDALE ST , SOUTHBRIDGE, MA 01550"
"$49,900","11 LENS CT , SOUTHBRIDGE, MA 01550"
"$159,900","51 RANDOLPH ST , SOUTHBRIDGE, MA 01550"
"$304,999","253 LEBANON HILL RD , SOUTHBRIDGE, MA 01550"
"$179,900","9 NEWMAN AVE , SOUTHBRIDGE, MA 01550"
"$154,000","78 IDLEWOOD ST , SOUTHBRIDGE, MA 01550"
"$234,900","28 DENNISON LN , SOUTHBRIDGE, MA 01550"
"$99,999","244 HAMILTON ST , SOUTHBRIDGE, MA 01550"
"$230,000","143 DENNISON HILL RD , SOUTHBRIDGE, MA 01550"
"$249,900","16 SURREY LN , SOUTHBRIDGE, MA 01550"
$83K,"34 GRACE LN , SOUTHBRIDGE, MA 01550"
"$159,900","17 LAUREL HILL RD , SOUTHBRIDGE, MA 01550"
"$220,000","326 WHITETAIL CIR , SOUTHBRIDGE, MA 01550"
"$253,000","56 EVERETT ST , SOUTHBRIDGE, MA 01550"
