"$75,000","69 MAIN ST , SPENCER, MA 01562"
"$205,000","97 MEADOW RD , SPENCER, MA 01562"
"$314,900","50 HASTINGS RD , SPENCER, MA 01562"
"$425,000","29 COONEY RD , SPENCER, MA 01562"
"$320,000","126 CHARLTON RD , SPENCER, MA 01562"
"$189,900","9 BAY PATH RD , SPENCER, MA 01562"
"$809,000","102 Chickering Rd , Spencer, MA 01562"
"$114,900","13 TEMPLE ST , SPENCER, MA 01562"
"$264,500","31 LAKE VIEW DR , SPENCER, MA 01562"
"$198,500","21 LINCOLN ST , SPENCER, MA 01562"
"$189,900","23 CHURCH ST , SPENCER, MA 01562"
"$459,900","38 MCCORMICK RD , SPENCER, MA 01562"
"$179,900","40 CLARK ST , SPENCER, MA 01562"
"$319,900","20 CROWN ST , SPENCER, MA 01562"
$150K,"23 HIGH ST , SPENCER, MA 01562"
"$239,900","12 HOLMES ST , SPENCER, MA 01562"
"$260,000","28 MAY ST , SPENCER, MA 01562"
$142K,"106 PAXTON RD , SPENCER, MA 01562"
"$159,900","26 CHERRY ST UNIT 6, SPENCER, MA 01562"
"$319,900","88 HASTINGS RD , SPENCER, MA 01562"
"$239,900","128 SMITHVILLE RD , SPENCER, MA 01562"
$176K,"13 JOLICOEUR RD , SPENCER, MA 01562"
"$179,900","30 MAPLE ST , SPENCER, MA 01562"
"$279,000","104 S SPENCER RD , SPENCER, MA 01562"
"$229,000","74 MAPLE ST , SPENCER, MA 01562"
