"$439,900","43 WILDER RD , STERLING, MA 01564"
"$174,900","0 Pratts Jct Rd/Flanagan Hill Ro , Sterling, MA 01564"
"$150,000"," Justice Hill Rd Lot B, Sterling, MA 01564"
"$150,000"," Justice Hill Rd Lot A, Sterling, MA 01564"
"$339,900","34 MAPLE ST , STERLING, MA 01564"
"$179,900","33 REDSTONE PL , STERLING, MA 01564"
"$175,000","97 Campground Rd , Sterling, MA 01564"
"$149,900","130 CHACE HILL RD , STERLING, MA 01564"
"$149,000","22 JOHN DEE RD , STERLING, MA 01564"
"$699,999","110 CLINTON RD , STERLING, MA 01564"
"$150,000","4 N Cove Rd , Sterling, MA 01564"
"$465,000","223 Justice Hill Rd , Sterling, MA 01564"
"$123,000","16 ADAM TAYLOR RD , STERLING, MA 01564"
"$599,850","1 Redstone Hill Rd , Sterling, MA 01564"
"$105,000","107 TUTTLE RD , STERLING, MA 01564"
"$105,000","8 Swett Hill Rd , Sterling, MA 01564"
"$120,000","4 HOMESTEAD LN , STERLING, MA 01564"
"$120,000","78-11 Worcester Rd , Sterling, MA 01564"
"$120,000","78-10 Worcester Rd , Sterling, MA 01564"
"$149,000"," Parcel C Pratts Junction Rd , Sterling, MA 01564"
"$249,900"," Parcel B Pratts Junction Rd , Sterling, MA 01564"
