"$279,900","12 HAWTHORNE RD , STURBRIDGE, MA 01566"
"$529,900","18 PRESERVE WAY , STURBRIDGE, MA 01566"
"$409,900","62 ALLEN RD , STURBRIDGE, MA 01566"
"$28,000","8 Birch St Apt 2, Sturbridge, MA 01566"
"$539,900","55 WHITTEMORE RD , STURBRIDGE, MA 01566"
"$199,900","72 ROUTE 15 , STURBRIDGE, MA 01566"
"$469,900","20 AUDUBON WAY , STURBRIDGE, MA 01566"
"$315,000","34 WILLARD RD , STURBRIDGE, MA 01566"
"$589,000","11 COVE DR , STURBRIDGE, MA 01566"
"$135,000","516 Sandy Cir , Sturbridge, MA 01566"
"$449,900","30 LADD RD , STURBRIDGE, MA 01566"
"$589,900","5 VINTON RD , STURBRIDGE, MA 01566"
"$165,000","403 Pleasant Pkwy , Sturbridge, MA 01566"
"$180,000","48 BUSHNELL RD , STURBRIDGE, MA 01566"
"$384,900","7 LAUREL HILL RD , STURBRIDGE, MA 01566"
"$38,000","8 Birch St Apt 3, Sturbridge, MA 01566"
"$689,900","62 FISKE HILL RD , STURBRIDGE, MA 01566"
"$859,900","63 FISKE HILL RD , STURBRIDGE, MA 01566"
"$320,000","262 MAIN ST , STURBRIDGE, MA 01566"
"$339,900","159 NEW BOSTON RD , STURBRIDGE, MA 01566"
"$275,000","204 MAIN ST , STURBRIDGE, MA 01566"
"$485,000","9 WOODSIDE CIR , STURBRIDGE, MA 01566"
"$299,900","59 WHITTEMORE RD , STURBRIDGE, MA 01566"
"$599,900","88A Fiske Hill Rd , Sturbridge, MA 01566"
"$349,900","365 New Boston Rd , Sturbridge, MA 01566"
