"$349,900","123 Ferry St # 23, South Grafton, MA 01560"
"$359,900","5 Craftsman Ct # 5, Grafton, MA 01560"
"$264,900","45 FERRY ST , SOUTH GRAFTON, MA 01560"
"$339,900","101 Elmwood , Grafton, MA 01560"
"$217,000","16 Milford Rd Unit 9, Grafton, MA 01560"
"$299,900","194 MAIN ST , SOUTH GRAFTON, MA 01560"
"$179,900","36 Orchard # 0, Grafton, MA 01560"
"$210,600","9 MESSIER ST , SOUTH GRAFTON, MA 01560"
"$295,000","1 Buttercup Ln # 1, South Grafton, MA 01560"
"$159,990","17 Sampson St # 17, South Grafton, MA 01560"
"$384,900","3 CHERRY LN , SOUTH GRAFTON, MA 01560"
"$344,900","42 Buttercup Ln # 42, South Grafton, MA 01560"
"$249,900","290 Providence Rd , South Grafton, MA 01560"
