"$319,000","101 CHURCH ST , UXBRIDGE, MA 01569"
"$485,900","55 GLEN ST , UXBRIDGE, MA 01569"
"$339,000","177 DOUGLAS ST , UXBRIDGE, MA 01569"
"$649,900","30 BROWN BEAR XING , UXBRIDGE, MA 01569"
"$680,000","42 ALBEE RD , UXBRIDGE, MA 01569"
"$459,000","89 Lackey Dam Rd , Uxbridge, MA 01569"
"$115,900","189 KRISTEN LN , UXBRIDGE, MA 01569"
"$750,000","15 Kettle Hill Rd , Uxbridge, MA 01569"
"$204,900","20 Royal Steed Ct , Uxbridge, MA 01569"
"$174,900","21 GARDEN ST , UXBRIDGE, MA 01569"
"$264,500","71C Rivulet St # C, Uxbridge, MA 01569"
"$339,990","8 Williamsburg Dr # 8, Uxbridge, MA 01569"
"$459,900","32 Hyde Park Cir # 9J, Uxbridge, MA 01569"
$166K," Rifleman Way Lot 11-56, Uxbridge, MA 01569"
"$449,900","173 E HARTFORD AVE , UXBRIDGE, MA 01569"
"$154,500","160 ERIC DR , UXBRIDGE, MA 01569"
"$29,900","51 LINWOOD ST , UXBRIDGE, MA 01569"
"$125,000","435 CHESTNUT ST , UXBRIDGE, MA 01569"
