"$729,900","17 FRANCIS DR , UPTON, MA 01568"
"$424,900","98 SOUTH ST , UPTON, MA 01568"
"$269,900","18 WARREN RD , UPTON, MA 01568"
"$649,900","9 MISCOE HILL RD , UPTON, MA 01568"
"$499,999","6 HENRYS PATH , UPTON, MA 01568"
"$460,000","52 ELM ST , UPTON, MA 01568"
"$600,000","50 ORCHARD ST , UPTON, MA 01568"
"$539,000","13 Thayer St , Upton, MA 01568"
"$1,995,000","80 Prospect St , Upton, MA 01568"
"$623,990","2 Summers Cir , Upton, MA 01568"
"$659,900","216 North St , Upton, MA 01568"
"$689,900","3 Oak Dr , Upton, MA 01568"
"$544,900","178 North St , Upton, MA 01568"
"$534,900","26 Rockwood Ln # 53, Upton, MA 01568"
"$529,900","32 MILFORD ST , UPTON, MA 01568"
"$544,900","68 Rockwood Ln # 38, Upton, MA 01568"
"$529,900","31 Rockwood Ln # 23, Upton, MA 01568"
"$509,900","60 Rockwood Ln # 41, Upton, MA 01568"
