"$229,900","7 Vine St , Webster, MA 01570"
"$349,900","32 CAMILE RD , WEBSTER, MA 01570"
"$184,900","67 Myrtle Ave , Webster, MA 01570"
"$410,000","12 Ernest St 2 Lots , Webster, MA 01570"
"$269,000","29 HOUGHTON ST , WEBSTER, MA 01570"
"$35,000","4 Bartlett St , Webster, MA 01570"
"$170,000","9 Maynard Ave , Webster, MA 01570"
"$564,900","14 Bates Point Rd , Webster, MA 01570"
"$179,900","33 Douglas Rd , Webster, MA 01570"
"$147,000","8 Park St # 10, Webster, MA 01570"
"$254,000","21 Cody St , Webster, MA 01570"
"$299,900","9 Gore Gable Dr , Webster, MA 01570"
"$189,900","11 Little League Ln , Webster, MA 01570"
"$164,900","25 Stefaniak Ave Apt 6, Webster, MA 01570"
"$599,900","5 POINT PLEASANT RD , WEBSTER, MA 01570"
"$40,000","50-C Lake Pkwy , Webster, MA 01570"
"$100,000","6 Carter St , Webster, MA 01570"
"$116,600","42 Whitcomb St , Webster, MA 01570"
"$69,900","5 5th Ave , Webster, MA 01570"
"$1,065,150","47 Bates Point Rd , Webster, MA 01570"
"$489,900","2-A Lakeview Rd , Webster, MA 01570"
"$229,900","3 Long Is , Webster, MA 01570"
"$789,900","21 Indian Ln , Webster, MA 01570"
$112K,"27 3rd St , Webster, MA 01570"
"$1,100,000","48 Laurelwood Dr , Webster, MA 01570"
