"$399,900","30 SUSAN DR , DUDLEY, MA 01571"
"$695,000","34 W MAIN ST , DUDLEY, MA 01571"
"$239,900","16 CIRCLE DR , DUDLEY, MA 01571"
"$219,900","15 KENNEDY AVE , DUDLEY, MA 01571"
"$299,999","33 PIASTA RD , DUDLEY, MA 01571"
"$269,900","7 JOSEPH ST , DUDLEY, MA 01571"
"$269,000","2 CONANT AVE , DUDLEY, MA 01571"
"$229,900","12 CIRCLE DR , DUDLEY, MA 01571"
$141K,"21 INTERVALE RD , DUDLEY, MA 01571"
"$309,900","9 PAGE LN , DUDLEY, MA 01571"
"$275,000","15 HALL RD , DUDLEY, MA 01571"
"$359,900","71 MASON RD , DUDLEY, MA 01571"
"$89,900","51 Stebbins Dr , Dudley, MA 01571"
"$139,900","51A Stebbins Dr , Dudley, MA 01571"
"$198,900","67 W MAIN ST , DUDLEY, MA 01571"
"$44,999","114 MASON RD , DUDLEY, MA 01571"
"$399,900","188 Southbridge Rd Lot 7, Dudley, MA 01571"
"$54,999","27 KLONDIKE RD , DUDLEY, MA 01571"
"$94,900","190 Southbridge Rd Lot 8, Dudley, MA 01571"
"$429,900","196 Southbridge Rd Lot 11, Dudley, MA 01571"
"$267,000","42 EAGLE DR , DUDLEY, MA 01571"
"$259,900","2 4TH AVE , DUDLEY, MA 01571"
