"$454,900","927 MARSTON RD , WHITINSVILLE, MA 01588"
"$178,900","40 Elm St # 40, Whitinsville, MA 01588"
"$150,000","125 Heritage Dr # 125, Whitinsville, MA 01588"
"$314,900","4 GILL CT , WHITINSVILLE, MA 01588"
"$378,900","63 CAROLE LN , WHITINSVILLE, MA 01588"
"$387,000","49 MCENDY ST , WHITINSVILLE, MA 01588"
"$309,900","2 BRIGGS ST , WHITINSVILLE, MA 01588"
"$178,500","42 Elm St # 42, Whitinsville, MA 01588"
"$309,999","272 GOLDTHWAITE RD , WHITINSVILLE, MA 01588"
"$176,900","44 Elm St # 44, Whitinsville, MA 01588"
"$224,900","248 Church St # 248, Northbridge, MA 01588"
"$429,900","59 GILL CT , WHITINSVILLE, MA 01588"
"$265,000","214 Providence Rd # 216, Whitinsville, MA 01588"
"$269,900","50 N Main St , Northbridge, MA 01588"
"$175,000","7 Overlook St # 1, Whitinsville, MA 01588"
"$599,900","968 MARSTON RD , WHITINSVILLE, MA 01588"
"$129,900","38 D St # 38, Whitinsville, MA 01588"
$182K,"40 ACORN RD , WHITINSVILLE, MA 01588"
"$339,000","13 Oak St Unit 13, Whitinsville, MA 01588"
"$750,000","22 SWIFT RD , WHITINSVILLE, MA 01588"
"$600,000","17 PINE ST , WHITINSVILLE, MA 01588"
"$239,000","674 CHURCH ST , WHITINSVILLE, MA 01588"
