"$373,900","15 W MAIN ST , WEST BROOKFIELD, MA 01585"
"$89,000","20 Yankee Drummer Dr , West Brookfield, MA 01585"
"$389,900","36 RAGGED HILL RD , WEST BROOKFIELD, MA 01585"
"$189,900","216 LONG HILL RD , WEST BROOKFIELD, MA 01585"
"$349,000","114 NEW BRAINTREE RD , WEST BROOKFIELD, MA 01585"
"$289,900","11 LELAND RD , WEST BROOKFIELD, MA 01585"
"$224,900","25 E MAIN ST , WEST BROOKFIELD, MA 01585"
"$39,000","5 Madden Rd , West Brookfield, MA 01585"
"$45,000","1 Shea Rd , West Brookfield, MA 01585"
"$39,000","6 Madden Rd , West Brookfield, MA 01585"
"$39,000","4 Madden Rd , West Brookfield, MA 01585"
"$45,000","3 Shea Rd , West Brookfield, MA 01585"
"$45,000","2 Shea Rd , West Brookfield, MA 01585"
"$147,000","19 RICHARDSON RD , WEST BROOKFIELD, MA 01585"
"$55,000","65 BIRCH HILL RD , WEST BROOKFIELD, MA 01585"
"$67,500","14 LAKESHORE DR , WEST BROOKFIELD, MA 01585"
"$67,000","83 HUNT RD , WEST BROOKFIELD, MA 01585"
"$69,900","25 KENNEDY RD , WEST BROOKFIELD, MA 01585"
"$18,900","70 BROOK DR , WEST BROOKFIELD, MA 01585"
"$364,900","55 FOSTER HILL RD , WEST BROOKFIELD, MA 01585"
"$49,900","256 SHORELINE DR , WEST BROOKFIELD, MA 01585"
"$299,900","79 TUCKER RD , WEST BROOKFIELD, MA 01585"
"$39,900","130 SHEA RD , WEST BROOKFIELD, MA 01585"
"$90,000","24 MAPLE ST , WEST BROOKFIELD, MA 01585"
"$250,000","234 Wickaboag Valley Rd , West Brookfield, MA 01585"
