"$269,900","90 Sterling St # B, West Boylston, MA 01583"
"$299,900","37 MAPLE ST , WEST BOYLSTON, MA 01583"
"$180,000","178 WORCESTER ST APT 4, WEST BOYLSTON, MA 01583"
"$284,900","100 PIERCE ST , WEST BOYLSTON, MA 01583"
"$525,000","147 FAIRBANKS ST , WEST BOYLSTON, MA 01583"
"$469,900","15 LISA CIR , WEST BOYLSTON, MA 01583"
"$280,000","30 HENRY ST , WEST BOYLSTON, MA 01583"
"$169,900","15 REED ST # 2, WEST BOYLSTON, MA 01583"
"$349,900","130 Hillside Village Dr # 130, West Boylston, MA 01583"
"$339,900","115 Afra Dr # 115, West Boylston, MA 01583"
"$349,900","15 PROSPECT ST , WEST BOYLSTON, MA 01583"
"$169,900","322 STERLING ST UNIT D1, WEST BOYLSTON, MA 01583"
"$159,900","322 STERLING ST UNIT D10, WEST BOYLSTON, MA 01583"
"$735,000","178 WORCESTER ST APT 6, WEST BOYLSTON, MA 01583"
"$399,900","98 PROSPECT ST , WEST BOYLSTON, MA 01583"
"$319,900","102 LEE ST , WEST BOYLSTON, MA 01583"
"$379,000","117 HILLSIDE VILLAGE DR , WEST BOYLSTON, MA 01583"
"$865,000","44 SHRINE AVE , WEST BOYLSTON, MA 01583"
"$564,900","145 WORCESTER ST , WEST BOYLSTON, MA 01583"
"$289,900"," W Boylston St Lot 0, West Boylston, MA 01583"
"$309,900","9 NUHA CIR , WEST BOYLSTON, MA 01583"
