"$735,000","23 THOMAS NEWTON DR , WESTBOROUGH, MA 01581"
"$429,900","7 ARCH ST , WESTBOROUGH, MA 01581"
"$500,000","86 FISHER ST , WESTBOROUGH, MA 01581"
"$750,000","16 ANDREWS RD , WESTBOROUGH, MA 01581"
"$668,000","16 WAYSIDE RD , WESTBOROUGH, MA 01581"
"$629,900","26 GLEN ST , WESTBOROUGH, MA 01581"
"$629,900","9 PHYLMOR DR , WESTBOROUGH, MA 01581"
"$700,000","51 ADAMS ST , WESTBOROUGH, MA 01581"
"$459,900","224 W MAIN ST , WESTBOROUGH, MA 01581"
"$875,000","2 HARVEST WAY , WESTBOROUGH, MA 01581"
"$475,000","10 CRESTVIEW DR , WESTBOROUGH, MA 01581"
"$539,900","19 CHURCH ST , WESTBOROUGH, MA 01581"
"$685,000","21 WAYSIDE RD , WESTBOROUGH, MA 01581"
"$222,000","34 MORSE ST , WESTBOROUGH, MA 01581"
"$775,000","16 MORSE ST , WESTBOROUGH, MA 01581"
"$735,000","20 BOWMAN LN , WESTBOROUGH, MA 01581"
"$900,000","8 GABLE RIDGE RD , WESTBOROUGH, MA 01581"
"$1,000,000","11 ARROWHEAD LN , WESTBOROUGH, MA 01581"
"$900,000","86 RUGGLES ST , WESTBOROUGH, MA 01581"
"$314,900","6 Treetop Park # 6, Westborough, MA 01581"
"$529,900","34 Powder Hill Way # 34, Westborough, MA 01581"
"$1,400,000","14 WELD ST , WESTBOROUGH, MA 01581"
"$484,900","9 Gilmore Farm Rd # 9, Westborough, MA 01581"
"$574,900","24 WEST ST , WESTBOROUGH, MA 01581"
"$799,900","181 RUGGLES ST , WESTBOROUGH, MA 01581"
