"$349,900","55 CENTURY FARM RD , SUTTON, MA 01590"
"$439,900","50 COLONIAL RD , SUTTON, MA 01590"
"$1,100,000","15 OLD TAVERN LN , SUTTON, MA 01590"
"$892,600","33 OLD MILL RD , SUTTON, MA 01590"
"$189,000","28 Wheelock Rd , Sutton, MA 01590"
"$350,000","163 ARMSBY RD , SUTTON, MA 01590"
"$169,000","5 MAPLE ST , SUTTON, MA 01590"
"$549,900","281 Putnam Hill Rd , Sutton, MA 01590"
"$349,900","4 GRIGGS RD , SUTTON, MA 01590"
"$539,900","28 Tournament Way # 28, Sutton, MA 01590"
"$639,500","47 Clubhouse Way # 47, Sutton, MA 01590"
"$634,900","46 DOUGLAS RD , SUTTON, MA 01590"
"$550,000","292 MENDON RD , SUTTON, MA 01590"
"$26,000","74 LACKEY DAM RD , SUTTON, MA 01590"
"$1,495,000","205 BURBANK RD , SUTTON, MA 01590"
"$140,000","59 ARMSBY RD , SUTTON, MA 01590"
"$1,295,000","65 GRIGGS RD , SUTTON, MA 01590"
"$140,000","10 HATHAWAY DR , SUTTON, MA 01590"
"$210,000","310 PUTNAM HILL RD , SUTTON, MA 01590"
"$689,900","20 LACKEY DAM RD , SUTTON, MA 01590"
"$1,100,000","113 PURGATORY RD , SUTTON, MA 01590"
"$70,000","41 JOHNSON RD , SUTTON, MA 01590"
