"$269,900","94 NILSSON ST , BROCKTON, MA 02301"
"$255,000","119 COPELAND ST , BROCKTON, MA 02301"
"$249,900","44 WOODBINE ST , BROCKTON, MA 02301"
"$270,000","30 MARION AVE , BROCKTON, MA 02301"
"$334,900","7 GLOBE RD , BROCKTON, MA 02301"
"$99,000","260 WARREN AVE # A3, BROCKTON, MA 02301"
"$409,900","905 ASH ST , BROCKTON, MA 02301"
"$319,900","57 MORSE AVE , BROCKTON, MA 02301"
"$145,000","260 WARREN AVE # B4, BROCKTON, MA 02301"
"$329,000","68 BELAIR ST , BROCKTON, MA 02301"
"$224,900","7 Fairway Dr , Brockton, MA 02301"
$145K,"90 TAFT AVE , BROCKTON, MA 02301"
"$295,000","22 BRYANT AVE , BROCKTON, MA 02301"
"$559,900","688 TORREY ST , BROCKTON, MA 02301"
"$369,999","284 CAMBO ST , BROCKTON, MA 02301"
"$359,969","922 ASH ST , BROCKTON, MA 02301"
"$364,999","104 BRIAN DR , BROCKTON, MA 02301"
"$349,000","61 STEBBINS AVE , BROCKTON, MA 02301"
"$399,900","95 RAYMOND RD , BROCKTON, MA 02301"
"$339,500","337 GREEN ST , BROCKTON, MA 02301"
"$349,900","70 WEST AVE , BROCKTON, MA 02301"
"$539,900","250 GREEN ST , BROCKTON, MA 02301"
"$299,900","19 Ridgeway Ct # 19, Brockton, MA 02301"
"$229,900","64 MENLO ST UNIT 6, BROCKTON, MA 02301"
"$850,000","14 ATHENS , BROCKTON, MA 02301"
