"$339,900","57 CRESTFIELD TER , BROCKTON, MA 02302"
"$234,900","37 BROOKFIELD DR , BROCKTON, MA 02302"
"$175,999","23 SYLVESTER ST , BROCKTON, MA 02302"
"$374,900","58 GRANITE ST , BROCKTON, MA 02302"
"$403,900","37 CUSHING RD , BROCKTON, MA 02302"
"$279,999","89 AMES RD , BROCKTON, MA 02302"
"$279,900","115 HILLSIDE AVE , BROCKTON, MA 02302"
"$179,900","176 BOURNE ST , BROCKTON, MA 02302"
"$289,900","89 GROVE ST , BROCKTON, MA 02302"
"$269,900","116 GLADSTONE ST , BROCKTON, MA 02302"
"$324,900","62 PERRY AVE , BROCKTON, MA 02302"
"$349,900","23 AMES RD , BROCKTON, MA 02302"
"$225,000","273 GROVE ST , BROCKTON, MA 02302"
"$299,900","285 HOVENDON AVE , BROCKTON, MA 02302"
"$249,999","314 Quincy St # 314, Brockton, MA 02302"
"$314,900","116 LISA DR , BROCKTON, MA 02302"
"$400,000","123 Alger St , Brockton, MA 02302"
"$329,900","35 CLINTON ST , BROCKTON, MA 02302"
"$339,900","22 EDGAR ST , BROCKTON, MA 02302"
"$249,000","31 CONCORD ST , BROCKTON, MA 02302"
"$359,900","33 WASHINGTON AVE , BROCKTON, MA 02302"
"$319,000","37 OAKLAND ST , BROCKTON, MA 02302"
"$279,900","161 ELSIE RD , BROCKTON, MA 02302"
"$269,500","973 CRESCENT ST , BROCKTON, MA 02302"
"$289,900","483 N QUINCY ST , BROCKTON, MA 02302"
