"$525,000","110 CENTRAL ST , AVON, MA 02322"
"$219,000","59 GILL ST , AVON, MA 02322"
"$409,000","86 PAGE ST , AVON, MA 02322"
$270K,"97 CONNOLLY RD , AVON, MA 02322"
"$339,900","298 PAGE ST , AVON, MA 02322"
"$379,000","607 W MAIN ST , AVON, MA 02322"
"$509,900","167 POND ST , AVON, MA 02322"
"$349,900","46 N MAIN ST , AVON, MA 02322"
"$230,000","361 W MAIN ST , AVON, MA 02322"
"$260,000","161 W HIGH ST , AVON, MA 02322"
"$444,900","3 Curtis Cir , Avon, MA 02322"
"$449,900","1 Curtis Cir , AVON, MA 02322"
"$419,900","2 Curtis Cir , Avon, MA 02322"
"$265,000","59 CONNOLLY RD , AVON, MA 02322"
