"$489,900","5 Magnolia Way , Bridgewater, MA 02324"
"$519,900","3 Magnolia Way , Bridgewater, MA 02324"
"$163,000","180 MAIN ST APT C71, BRIDGEWATER, MA 02324"
"$489,900+","477 Cherry St # FKHPRW, Bridgewater, MA 02324"
"$509,900+","477 Cherry St # DTX7QH, Bridgewater, MA 02324"
"$509,900+","477 Cherry St # 8WMIZ8, Bridgewater, MA 02324"
"$769,900","47 GRANGE CT , BRIDGEWATER, MA 02324"
"$197,600","234 CROSS ST , BRIDGEWATER, MA 02324"
"$499,900","15 BOXWOOD LN , BRIDGEWATER, MA 02324"
"$449,900","115 GREEN ST , BRIDGEWATER, MA 02324"
"$369,900","4 Honey Ln Lot 3, Bridgewater, MA 02324"
"$359,900","1205 SOUTH ST , BRIDGEWATER, MA 02324"
"$369,900","138 EAST ST , BRIDGEWATER, MA 02324"
"$529,900","198 Spruce St , Bridgewater, MA 02324"
"$545,000","15 HUNTERS DR , BRIDGEWATER, MA 02324"
"$389,999","100 SOPHIA LN , BRIDGEWATER, MA 02324"
"$539,900","32 CRESCENT ST , BRIDGEWATER, MA 02324"
"$255,000","223 MOUNT PROSPECT ST , BRIDGEWATER, MA 02324"
"$155,000","180 MAIN ST APT 5105, BRIDGEWATER, MA 02324"
"$509,900","480 CURVE ST , BRIDGEWATER, MA 02324"
"$265,000","427 W POND ST , BRIDGEWATER, MA 02324"
"$419,900","15 SEA TOWER DR , BRIDGEWATER, MA 02324"
"$169,900","180 MAIN ST APT 3109, BRIDGEWATER, MA 02324"
"$398,900","32 Michael Rd # 32, Bridgewater, MA 02324"
"$472,500","413 SPRUCE ST , BRIDGEWATER, MA 02324"
