"$499,900","116 East St , East Bridgewater, MA 02333"
"$639,900","1 St Williams Cir , East Bridgewater, MA 02333"
"$330,000","755 Washington St , East Bridgewater, MA 02333"
"$220,000","1648 Plymouth St # 1648, East Bridgewater, MA 02333"
"$369,900","1133 Washington St , East Bridgewater, MA 02333"
"$499,900","8 Union St , East Bridgewater, MA 02333"
"$424,900","225 Pond St , East Bridgewater, MA 02333"
"$305,000","40 Broadmeadow Dr , East Bridgewater, MA 02333"
"$399,000","6 Shawnee Ave , East Bridgewater, MA 02333"
"$559,900","85 N Central St , East Bridgewater, MA 02333"
"$257,500","144 PLYMOUTH ST , EAST BRIDGEWATER, MA 02333"
"$399,900","259 Highland St , East Bridgewater, MA 02333"
"$134,900","40 Sachem Rock Ave , East Bridgewater, MA 02333"
$159K,"41 Bedford St , East Bridgewater, MA 02333"
"$449,900","763 Bedford St , East Bridgewater, MA 02333"
"$399,900","97 SUMMER ST , EAST BRIDGEWATER, MA 02333"
"$579,900","407 W Union St , East Bridgewater, MA 02333"
