"$599,000","170 PLYMOUTH ST , CARVER, MA 02330"
"$205,900","57 Main St , Carver, MA 02330"
"$674,900","7 COMMONS DR , CARVER, MA 02330"
"$89,900","10 Jefferson Way , Carver, MA 02330"
"$159,000","4 Douglas Dr , Carver, MA 02330"
"$334,900","6 McFarlin Rd , Carver, MA 02330"
"$429,900","56 Bow St , Carver, MA 02330"
"$409,900","4 Cranberry Rd , Carver, MA 02330"
"$399,000","99 Wenham Rd , Carver, MA 02330"
"$119,900","10 Williams St , Carver, MA 02330"
"$175,000","51 HIGH ST , CARVER, MA 02330"
"$600,000","366 Tremont St , Carver, MA 02330"
"$89,900","50 Kennedy Dr , Carver, MA 02330"
"$159,900","22 Jill Marie Dr , Carver, MA 02330"
"$399,900","8 Pine Ridge Way # E, Carver, MA 02330"
"$385,000","7 S Main St , Carver, MA 02330"
"$349,000","31 Russell Trufant Rd , Carver, MA 02330"
"$444,900","27 Doreen Way , Carver, MA 02330"
"$139,900","50 Main St , Carver, MA 02330"
"$269,900","4-7 S Meadow Vlg , Carver, MA 02330"
"$222,900","56 Forest St , Carver, MA 02330"
"$109,900","77 Crystal Lake Dr , Carver, MA 02330"
