"$1,100,000","164 RIVER RD , HANOVER, MA 02339"
"$450,000","795 CIRCUIT ST , HANOVER, MA 02339"
"$619,900","288 Washington St , Hanover, MA 02339"
"$539,900","639 WHITING ST , HANOVER, MA 02339"
"$484,900","139 MYRTLE ST , HANOVER, MA 02339"
"$429,987","875 WEBSTER ST , HANOVER, MA 02339"
"$599,000","405 WOODLAND DR , HANOVER, MA 02339"
"$599,900","33 Pleasant St , Hanover, MA 02339"
"$519,850","205 Brook Cir , Hanover, MA 02339"
"$859,000","87 BATES WAY , HANOVER, MA 02339"
"$889,000","6 FOREST ST , HANOVER, MA 02339"
"$665,000","58 TYLER LN , HANOVER, MA 02339"
"$969,000","242 WHITING ST , HANOVER, MA 02339"
"$1,149,000","56 GARDNER WAY , HANOVER, MA 02339"
"$445,000","39 Sconset Way # 202, Hanover, MA 02339"
"$649,900","70 River Rd , Hanover, MA 02339"
"$759,900","3 Tolman Rd , Hanover, MA 02339"
"$1,079,000","108 Homestead Ln , Hanover, MA 02339"
"$410,000","920 MAIN ST , HANOVER, MA 02339"
"$969,900","40 Village Ln , Hanover, MA 02339"
"$799,000","128 WASHINGTON ST , HANOVER, MA 02339"
"$769,900","5 TOLMAN RD , HANOVER, MA 02339"
"$580,000","52 Sconset Way # TH-B, Hanover, MA 02339"
"$469,900","38 Juniper Ln # 02, Hanover, MA 02339"
"$1,049,900","112 WASHINGTON ST , HANOVER, MA 02339"
