"$139,900","52 OCEAN AVE , HALIFAX, MA 02338"
"$495,000","11 PHEASANT HILL RD , HALIFAX, MA 02338"
"$359,900","362 SOUTH ST , HALIFAX, MA 02338"
"$335,000","211 Holmes St , Halifax, MA 02338"
"$220,000","163 PLYMOUTH ST , HALIFAX, MA 02338"
"$354,900","26 PARADISE LN , HALIFAX, MA 02338"
"$317,500","592 Plymouth St , Halifax, MA 02338"
"$295,000","5 GARDEN RD , HALIFAX, MA 02338"
"$165,000","12 OCEAN AVE , HALIFAX, MA 02338"
"$54,900","116 Beechwood Rd , Halifax, MA 02338"
"$88,000","10 Ferndale Dr , Halifax, MA 02338"
"$675,000","119 FAIRWAY DR , HALIFAX, MA 02338"
"$405,000","69 PRATT ST , HALIFAX, MA 02338"
"$139,900","100 LAKE ST , HALIFAX, MA 02338"
"$89,900","71 Redwood Dr , Halifax, MA 02338"
"$84,900","94 Beechwood Rd , Halifax, MA 02338"
"$455,000","196 WOOD ST , HALIFAX, MA 02338"
"$69,900","7 Beechwood Rd , Halifax, MA 02338"
"$179,000","161 RIVER ST , HALIFAX, MA 02338"
"$79,000","63 Beechwood Rd , Halifax, MA 02338"
"$150,000","18 SUMMIT ST , HALIFAX, MA 02338"
"$489,000","241 FRANKLIN ST , HALIFAX, MA 02338"
"$1,850,000","326 South St , Halifax, MA 02338"
"$149,900","265 MONPONSETT ST , HALIFAX, MA 02338"
