"$549,000","284 LINCOLN ST , DUXBURY, MA 02332"
"$399,000","80 Parks St # R8, Duxbury, MA 02332"
"$599,000","65 CROSS CREEK LN , DUXBURY, MA 02332"
"$2,895,000","56 CRESCENT ST , DUXBURY, MA 02332"
"$674,500","62 FOREST ST , DUXBURY, MA 02332"
"$599,000","1 Surplus St , Duxbury, MA 02332"
"$599,900","22 FRANKLIN TER , DUXBURY, MA 02332"
"$1,199,000","190 EVERGREEN ST , DUXBURY, MA 02332"
"$3,750,000","95 HORNBEAM RD , DUXBURY, MA 02332"
"$995,000","294 WASHINGTON ST , DUXBURY, MA 02332"
"$769,000","145 PINE LAKE RD , DUXBURY, MA 02332"
"$689,500","35 MALLARDS CV , DUXBURY, MA 02332"
"$3,600,000","90 MARSHALL ST , DUXBURY, MA 02332"
"$774,000","6 ORCHARD LN , DUXBURY, MA 02332"
"$699,000","12 ROSEWOOD CT , DUXBURY, MA 02332"
"$1,365,000","57 SHIP YARD LN , DUXBURY, MA 02332"
"$599,000","582 TEMPLE ST , DUXBURY, MA 02332"
"$499,900","20 Ocean Woods Dr # 20, Duxbury, MA 02332"
"$850,000","597 TEMPLE ST , DUXBURY, MA 02332"
"$639,900","134 AUTUMN AVE , DUXBURY, MA 02332"
"$869,000","296 MAYFLOWER ST , DUXBURY, MA 02332"
"$634,000","5 MAYFLOWER RD , DUXBURY, MA 02332"
"$1,395,000","561 WASHINGTON ST , DUXBURY, MA 02332"
"$759,000","39 CAPTAINS HILL RD , DUXBURY, MA 02332"
"$749,000","114 ALDEN ST , DUXBURY, MA 02332"
