"$420,000","3 Lincoln St , Lakeville, MA 02347"
"$399,900","21 NELSON SHORE RD , LAKEVILLE, MA 02347"
"$63,500","5 CHERRY ST , LAKEVILLE, MA 02347"
"$375,000","53 MYRICKS ST , LAKEVILLE, MA 02347"
"$439,900","4 GUNNERS WAY , LAKEVILLE, MA 02347"
"$99,900","14 CENTRAL AVE , LAKEVILLE, MA 02347"
"$319,900","3 Keith Ave , Lakeville, MA 02347"
"$530,000","47 NELSON SHORE RD , LAKEVILLE, MA 02347"
"$584,900","14 HERITAGE HILL DR , LAKEVILLE, MA 02347"
"$539,000","15 WOODVIEW DR , LAKEVILLE, MA 02347"
"$354,900","185 County St , Lakeville, MA 02347"
"$149,900","11 HELEN ST , LAKEVILLE, MA 02347"
"$65,000","39 Haskell Cir , Lakeville, MA 02347"
"$440,000","0 Long Pond Shores Rd , Lakeville, MA 02347"
"$234,500","13 WISTERIA ST , LAKEVILLE, MA 02347"
"$449,900","397 Bedford St , Lakeville, MA 02347"
"$220,000","22 BLISS RD , LAKEVILLE, MA 02347"
"$361,000","26 Freetown St , Lakeville, MA 02347"
"$699,900","2 SAND TRAP LN , LAKEVILLE, MA 02347"
"$1,300,000","3 HUNTINGHOUSE BROOKE LN , LAKEVILLE, MA 02347"
"$434,000"," Hybrid Dr Lot 77, Lakeville, MA 02347"
"$479,000"," Hybrid Dr Lot 69, Lakeville, MA 02347"
"$499,000"," Hybrid Dr Lot 11, Lakeville, MA 02347"
"$710,500","16 Brookstone Rd , Lakeville, MA 02347"
"$599,900","3 HAMILTON LN , LAKEVILLE, MA 02347"
