"$339,900","605A Wareham St , Middleboro, MA 02346"
"$349,800","277 TISPAQUIN ST , MIDDLEBORO, MA 02346"
"$239,900","3604 Oak Point Dr , Middleboro, MA 02346"
"$259,000","47 LAKE SHORE DR , MIDDLEBORO, MA 02346"
"$149,000","569 WAREHAM ST , MIDDLEBORO, MA 02346"
"$319,900","124 NORTH ST , MIDDLEBORO, MA 02346"
"$419,000","120 S MAIN ST , MIDDLEBORO, MA 02346"
$327K,"59 HIGHLAND ST , MIDDLEBORO, MA 02346"
"$323,900","9 MARION RD , MIDDLEBORO, MA 02346"
"$230,000","408 Oak Point Dr , Middleboro, MA 02346"
"$424,900","7 PRECINCT ST , MIDDLEBORO, MA 02346"
"$259,900","606 Orchard Ct # Oak, Middleboro, MA 02346"
"$289,900","1119 CENTRE ST , MIDDLEBORO, MA 02346"
"$320,000","85 OAK ST , MIDDLEBORO, MA 02346"
"$230,000","5105 Oak Point Dr , Middleboro, MA 02346"
"$499,900","55 CHARMARK CIR , MIDDLEBORO, MA 02346"
"$244,900","26 E MAIN ST , MIDDLEBORO, MA 02346"
$192K,"5 CARMEN PARK DR , MIDDLEBORO, MA 02346"
"$239,900","92 PEARL ST , MIDDLEBORO, MA 02346"
"$310,000","6 LOVELL ST , MIDDLEBORO, MA 02346"
"$129,900","69 FOREST ST , MIDDLEBORO, MA 02346"
"$629,900","23 HOLLY TREE LN , MIDDLEBORO, MA 02346"
"$140,000","22 WALNUT ST , MIDDLEBORO, MA 02346"
"$359,900","62 EVERETT ST , MIDDLEBORO, MA 02346"
"$379,900","18 HIGHLAND ST , MIDDLEBORO, MA 02346"
