"$585,000","284 Monponsett St , Hanson, MA 02341"
"$300,000","989 W Washington St , Hanson, MA 02341"
"$419,000","585 W Washington St , Hanson, MA 02341"
"$439,900","54 Lakeside Ter , Hanson, MA 02341"
"$295,000","80 Milford St , Hanson, MA 02341"
"$299,000","577 Main St , Hanson, MA 02341"
"$328,000","15 Pleasant St , Hanson, MA 02341"
"$344,950","45 Milford St , Hanson, MA 02341"
"$379,900","47 ADAMS CIR , HANSON, MA 02341"
"$299,000","50 Franklin St , Hanson, MA 02341"
"$329,000","577 Main St , Hanson, MA 02341"
"$335,900","82 Sawmill Ln , Hanson, MA 02341"
"$459,900","70 Sawmill Ln # 70, Hanson, MA 02341"
"$354,900","49 Liberty Circle Stonebridge # 109, Hanson, MA 02341"
"$359,900","72 Sawmill Ln , Hanson, MA 02341"
"$329,000","902 Main St Apt 12, Hanson, MA 02341"
"$99,900","50 Sawmill Ln # 50, Hanson, MA 02341"
"$595,500","159 LAKESIDE RD , HANSON, MA 02341"
