"$166,400","248 SOUTH ST , HOLBROOK, MA 02343"
"$369,900","244 SOUTH ST , HOLBROOK, MA 02343"
"$449,900","65 NORFOLK RD , HOLBROOK, MA 02343"
"$50,000","4 Keystone Rd , Holbrook, MA 02343"
"$279,900","960 S FRANKLIN ST , HOLBROOK, MA 02343"
"$269,900","5 OVERLOOK RD , HOLBROOK, MA 02343"
"$385,000","18 WASHINGTON CIR , HOLBROOK, MA 02343"
"$374,900","200 SYCAMORE ST , HOLBROOK, MA 02343"
"$135,000","47 S SHORE RD , HOLBROOK, MA 02343"
"$158,000","9 Mohawk Rd , Holbrook, MA 02343"
"$429,000","35 CLOVER RD , HOLBROOK, MA 02343"
"$249,900","237 PLYMOUTH ST , HOLBROOK, MA 02343"
"$199,990","880 S Franklin St , Holbrook, MA 02343"
"$669,900","27 KINGSLEY ST , HOLBROOK, MA 02343"
"$499,900","17B Howard Ave , Holbrook, MA 02343"
"$499,900","17A Howard Ave , Holbrook, MA 02343"
"$249,000","3 LANTERN RD , HOLBROOK, MA 02343"
"$250,000","1 SCHOOL ST , HOLBROOK, MA 02343"
"$279,400"," Vacant Land # 7, Holbrook, MA 02343"
"$249,000","199 WEYMOUTH ST , HOLBROOK, MA 02343"
