"$625,000","152 HANCOCK ST , ABINGTON, MA 02351"
"$559,900","14 ORCHARD LN , ABINGTON, MA 02351"
"$340,000","25 Clark St # 25, Abington, MA 02351"
"$699,999","127-H N Quincy St # H, Abington, MA 02351"
"$340,000","23 Clark St # 23, Abington, MA 02351"
"$345,000","21 Clark St # 21, Abington, MA 02351"
"$1,400,000","127 N Quincy St , Abington, MA 02351"
"$185,000","1036 PLYMOUTH ST , ABINGTON, MA 02351"
"$305,000","99 EVERETT ST , ABINGTON, MA 02351"
"$379,900","1116 BEDFORD ST , ABINGTON, MA 02351"
"$459,900","85 Robbins Ave , Abington, MA 02351"
"$279,900","56 OLSON ST , ABINGTON, MA 02351"
"$384,988","46 CRABTREE LN , ABINGTON, MA 02351"
"$319,900","705 RANDOLPH ST , ABINGTON, MA 02351"
"$259,900","238 WASHINGTON ST , ABINGTON, MA 02351"
$337K,"73 WILBUR ST , ABINGTON, MA 02351"
"$700,000","1 CROSSMAN CIR , ABINGTON, MA 02351"
"$564,900","60 PARK AVE , ABINGTON, MA 02351"
"$250,000","38 OAK ST , ABINGTON, MA 02351"
"$699,900","216 COLONEL HUNT DR , ABINGTON, MA 02351"
