"$469,900","11 HIGH ST N , PEMBROKE, MA 02359"
"$349,900","19 Mattakeesett St , Pembroke, MA 02359"
"$289,900","415A W Elm St # A, Pembroke, MA 02359"
"$195,000","192 WAMPATUCK ST , PEMBROKE, MA 02359"
"$549,000","9 VICTORIA LN , PEMBROKE, MA 02359"
"$250,000","22 OLD COLONY AVE , PEMBROKE, MA 02359"
"$335,000","43 PLEASANT ST , PEMBROKE, MA 02359"
"$456,000","43 KINGS TER , PEMBROKE, MA 02359"
"$648,500","30 SPRING ST , PEMBROKE, MA 02359"
"$439,900","45 TAYLOR ST , PEMBROKE, MA 02359"
"$239,000","801 WASHINGTON ST APT 9, PEMBROKE, MA 02359"
"$695,000","25 MARLY MAC WAY , PEMBROKE, MA 02359"
"$559,900","80 WINTERGREEN FARM RD , PEMBROKE, MA 02359"
"$369,999","49 Bagnell Dr # 49, Pembroke, MA 02359"
"$719,900","7 DEERFIELD LN , PEMBROKE, MA 02359"
"$375,000","193 CENTER ST , PEMBROKE, MA 02359"
"$249,000","115-117 School St , Pembroke, MA 02359"
"$699,900","15 SELTSAM WAY , PEMBROKE, MA 02359"
"$699,000","44 ALLEN ST , PEMBROKE, MA 02359"
"$549,900","16 SUGARBERRY CIR , PEMBROKE, MA 02359"
"$695,000","35 LIANE WAY , PEMBROKE, MA 02359"
"$359,900","89 MATTAKEESETT ST , PEMBROKE, MA 02359"
$367K,"21 UNION ST , PEMBROKE, MA 02359"
$239K,"549 MATTAKEESETT ST , PEMBROKE, MA 02359"
