"$424,900","17 LOTHROP ST , NORTH EASTON, MA 02356"
"$649,900","8 MILLER RD , NORTH EASTON, MA 02356"
"$499,900","16 RANDALL ST , NORTH EASTON, MA 02356"
"$435,000","258 POQUANTICUT AVE , NORTH EASTON, MA 02356"
"$579,900","162 LINCOLN ST , NORTH EASTON, MA 02356"
"$679,900","10 LILAC LN , NORTH EASTON, MA 02356"
"$509,000","403 FOUNDRY ST , NORTH EASTON, MA 02356"
"$649,800","31 RIVERSIDE TER , NORTH EASTON, MA 02356"
"$795,000","50 BRENTWOOD DR , NORTH EASTON, MA 02356"
"$1,524,999","10 Michelle Way , Easton, MA 02356"
"$749,900","100 CANTON ST , NORTH EASTON, MA 02356"
"$364,800","54 MASSAPOAG AVE , NORTH EASTON, MA 02356"
"$300,000","17 DICKERMAN RD , NORTH EASTON, MA 02356"
$355K,"2 SHERWOOD DR , NORTH EASTON, MA 02356"
"$389,900","156 MASSAPOAG AVE , NORTH EASTON, MA 02356"
"$829,900","9 ELDERBERRY DR , NORTH EASTON, MA 02356"
"$650,000","15 ALDERWOOD DR , NORTH EASTON, MA 02356"
"$359,000","124 WASHINGTON ST , NORTH EASTON, MA 02356"
"$1,549,999","12 Michelle Way , Easton, MA 02356"
"$899,900","38 SYMPHONY DR , NORTH EASTON, MA 02356"
"$209,000","26 Rufus Jones # 26, Easton, MA 02356"
"$850,000","3 TAIT AVE , NORTH EASTON, MA 02356"
"$419,900","34 CENTER ST , NORTH EASTON, MA 02356"
"$474,900","5 WINTHROP ST , NORTH EASTON, MA 02356"
"$1,400,000","31 Main St , Easton, MA 02356"
