"$465,000","4 GROVE STREET EXT , KINGSTON, MA 02364"
"$669,900","74 Fountain Knoll Ln , Kingston, MA 02364"
"$349,900","18 BAY VIEW AVE , KINGSTON, MA 02364"
"$520,000","160 MAIN ST , KINGSTON, MA 02364"
"$489,900","8 PINE BROOK DR , KINGSTON, MA 02364"
"$539,000","17 SILVER LAKE DR , KINGSTON, MA 02364"
"$433,200","6 BAVARIAN WAY , KINGSTON, MA 02364"
"$415,000","11 STANDISH AVE W , KINGSTON, MA 02364"
"$839,900","11 JONES RIVER DR , KINGSTON, MA 02364"
"$399,900","394 ELM ST , KINGSTON, MA 02364"
"$639,900","35 GILFEATHER LN , KINGSTON, MA 02364"
"$549,900","91 MAIN ST , KINGSTON, MA 02364"
"$465,000","20 ALPINE RUN RD , KINGSTON, MA 02364"
"$419,900","13 LYDON LN , KINGSTON, MA 02364"
"$225,000","14 OAK ST , KINGSTON, MA 02364"
"$674,900","27 MEETING HOUSE RD , KINGSTON, MA 02364"
"$295,000","4 WESTERLY AVE , KINGSTON, MA 02364"
"$599,900","11 PEMBROKE ST , KINGSTON, MA 02364"
"$459,900","225 PEMBROKE ST , KINGSTON, MA 02364"
"$674,900","36 GILFEATHER LN , KINGSTON, MA 02364"
"$399,500","297 PEMBROKE ST , KINGSTON, MA 02364"
"$995,000","287 COUNTRY CLUB WAY , KINGSTON, MA 02364"
"$795,000","222 COUNTRY CLUB WAY , KINGSTON, MA 02364"
"$1,150,000","83 LONGWOOD CIR , KINGSTON, MA 02364"
"$769,000","210 COUNTRY CLUB WAY , KINGSTON, MA 02364"
