"$2,199,000","140 Roxy Cahoon Rd , Plymouth, MA 02360"
"$600,000","4 Turner Run # 4, Plymouth, MA 02360"
"$445,000","30 Margeson Row # 30, Plymouth, MA 02360"
"$499,900","24 Martin Cir # 24, Plymouth, MA 02360"
"$399,900","53 COOKE RD , PLYMOUTH, MA 02360"
"$629,900","126 SHORE DR , PLYMOUTH, MA 02360"
"$275,000","15 INDIAN AVE , PLYMOUTH, MA 02360"
"$119,000","9 Coachmen Ter , Plymouth, MA 02360"
"$159,900","7 MARC DR APT 7A4, PLYMOUTH, MA 02360"
"$538,995+","8 Woody Nook # Q189MV, Plymouth, MA 02360"
"$685,000+","33 Summer House Dr # NFZ1K1, Plymouth, MA 02360"
"$649,999","37 EMERSON RD , PLYMOUTH, MA 02360"
"$1,599,900","139 Beaver Dam Rd # 143, Plymouth, MA 02360"
"$409,900","8 CHAPMAN LN , PLYMOUTH, MA 02360"
"$657,000+","33 Summer House Dr # 40YMAQ, Plymouth, MA 02360"
"$835,000+","33 Summer House Dr # 8R1XD6, Plymouth, MA 02360"
"$963,000+","33 Summer House Dr # 161B64, Plymouth, MA 02360"
"$691,260+","33 Summer House Dr # 3U3NPQ, Plymouth, MA 02360"
"$349,000","72 CARVER RD , PLYMOUTH, MA 02360"
"$867,060+","33 Summer House Dr # L8IKMK, Plymouth, MA 02360"
"$549,000+","249 Summer St # 27NL87, Plymouth, MA 02360"
"$432,000+","11 Hatherly Rise # NLIUIM, Plymouth, MA 02360"
"$424,995+","6 Kensington # DEVNJ8, Plymouth, MA 02360"
"$469,000+","11 Hatherly Rise # 8X4KFP, Plymouth, MA 02360"
"$484,000+","249 Summer St # BCW499, Plymouth, MA 02360"
