"$299,900","5 BRIDLE PATH CIR APT A, RANDOLPH, MA 02368"
"$264,900","3 Franklin Sq # B, Randolph, MA 02368"
"$299,000","21 POND LN , RANDOLPH, MA 02368"
"$340,000","5 ROBERT AREY DR , RANDOLPH, MA 02368"
"$325,000","449 NORTH ST , RANDOLPH, MA 02368"
"$579,999","12 CUNNINGHAM CIR , RANDOLPH, MA 02368"
"$399,900","6 MILL ST , RANDOLPH, MA 02368"
"$459,000","50 MOUNT PLEASANT SQ , RANDOLPH, MA 02368"
"$339,900","69 EMILY JEFFERS RD , RANDOLPH, MA 02368"
"$410,000","8 HOWE CIR , RANDOLPH, MA 02368"
"$399,900","94 OLD ST , RANDOLPH, MA 02368"
"$299,900","108 WARREN ST , RANDOLPH, MA 02368"
$251K,"54 Highland Glen Dr # D, Randolph, MA 02368"
"$375,000","10 HOWARD AVE , RANDOLPH, MA 02368"
$160K,"5 GOULD ST , RANDOLPH, MA 02368"
"$339,900","15 ALICE RD , RANDOLPH, MA 02368"
"$299,900","28 Pearl St # 28, Randolph, MA 02368"
"$369,900","15 SHADE ST , RANDOLPH, MA 02368"
"$334,000","9 SOREN ST , RANDOLPH, MA 02368"
"$294,900","458 CENTER ST , RANDOLPH, MA 02368"
"$299,900","5 BROAD ST , RANDOLPH, MA 02368"
$321K,"12 COTTAGE ST , RANDOLPH, MA 02368"
"$259,000","1001 Irving Rd Unit 1001, Randolph, MA 02368"
"$309,900","31 Union Sq # 31, Randolph, MA 02368"
