"$325,000","165 TURNPIKE ST , WEST BRIDGEWATER, MA 02379"
"$689,900","11 COPPER BEECH CIR , WEST BRIDGEWATER, MA 02379"
$203K,"66 PROSPECT ST , WEST BRIDGEWATER, MA 02379"
"$574,900","1 MEADOW SPRING DR , WEST BRIDGEWATER, MA 02379"
"$349,900","92 UNION ST , WEST BRIDGEWATER, MA 02379"
"$434,900","52 Brooks Pl , West Bridgewater, MA 02379"
"$434,900","50 BROOKS PL , WEST BRIDGEWATER, MA 02379"
"$330,000","22 GRANT ST , WEST BRIDGEWATER, MA 02379"
"$384,999","53 N MAIN ST , WEST BRIDGEWATER, MA 02379"
"$509,900","91 Ash St , West Bridgewater, MA 02379"
"$149,900","500 SPRING ST , WEST BRIDGEWATER, MA 02379"
"$125,000","148 N MAIN ST , WEST BRIDGEWATER, MA 02379"
"$160,000","2 Liberty St , West Bridgewater, MA 02379"
"$179,900","227 S Elm St Lot 2, West Bridgewater, MA 02379"
$282K,"170 EAST ST , WEST BRIDGEWATER, MA 02379"
"$659,000","127 BELMONT ST , WEST BRIDGEWATER, MA 02379"
"$159,900","14 ANDREA WAY , WEST BRIDGEWATER, MA 02379"
"$579,900","375 E Center St , West Bridgewater, MA 02379"
"$479,000","13 Farm Rd , West Bridgewater, MA 02379"
"$509,900","161 Howard St , West Bridgewater, MA 02379"
