"$297,000","61 STANTON ST , ROCKLAND, MA 02370"
"$360,000","129 PACIFIC ST , ROCKLAND, MA 02370"
"$479,900","724 UNION ST , ROCKLAND, MA 02370"
"$309,900","720 BEECH ST , ROCKLAND, MA 02370"
"$109,900","4 Cherry Cir , Rockland, MA 02370"
"$295,000","408 UNION ST , ROCKLAND, MA 02370"
"$173,000","135 JOHN A DUNN MEMORIAL DR APT 7, ROCKLAND, MA 02370"
"$329,900","31 Willow Pond Dr # 31, Rockland, MA 02370"
"$164,900","1 Hawthorne St , Rockland, MA 02370"
"$159,900","135 GROVE ST APT 128, ROCKLAND, MA 02370"
"$318,000","3 Leslie Ct , Rockland, MA 02370"
"$579,900","176 REED ST , ROCKLAND, MA 02370"
$284K,"823 MARKET ST , ROCKLAND, MA 02370"
"$635,000","18 CORN MILL WAY , ROCKLAND, MA 02370"
"$319,987","292 Howard St # 1, Rockland, MA 02370"
"$319,987","296 Howard St # 3, Rockland, MA 02370"
"$319,987","294 Howard St # 2, Rockland, MA 02370"
"$429,900","18 TANGLEWOOD LN , ROCKLAND, MA 02370"
"$429,900","18 Tanglewood Ln # 18, Rockland, MA 02370"
