"$350,000","3 EISENHOWER DR , SOUTH EASTON, MA 02375"
"$409,900","3 TWIN BROOKS DR , SOUTH EASTON, MA 02375"
"$234,000","2 ADAM ST APT 8, SOUTH EASTON, MA 02375"
"$389,900","10 WICHERN RD , SOUTH EASTON, MA 02375"
"$425,000","177 PURCHASE ST , SOUTH EASTON, MA 02375"
"$249,000","101 DONGARY RD , SOUTH EASTON, MA 02375"
"$589,900","18 LYMAN WHEELOCK RD , SOUTH EASTON, MA 02375"
"$749,000","141 HOWARD ST , SOUTH EASTON, MA 02375"
"$251,900","165 NORTON AVE APT 1, SOUTH EASTON, MA 02375"
"$449,900","64 BLACK BROOK RD , SOUTH EASTON, MA 02375"
"$549,900","433 DEPOT ST , SOUTH EASTON, MA 02375"
"$249,000","101 Dongary Rd # 101, South Easton, MA 02375"
"$649,900","10 Overlook Ln , Easton, MA 02375"
"$550,000","49 PROSPECT ST , SOUTH EASTON, MA 02375"
"$569,900","77 PROSPECT ST , SOUTH EASTON, MA 02375"
"$250,000","40 Lamplighter Ln # 40, South Easton, MA 02375"
"$465,000","20 PADDOCK RD , SOUTH EASTON, MA 02375"
"$579,900","19 CANOE RIVER RD , SOUTH EASTON, MA 02375"
"$349,999","255 TURNPIKE ST , SOUTH EASTON, MA 02375"
"$699,000","12 JOSIES WAY , SOUTH EASTON, MA 02375"
"$500,000","115R Highland St. Ford Cir Lot 3, Easton, MA 02375"
"$639,900","152 DEAN ST , SOUTH EASTON, MA 02375"
