"$325,000","284 FRANKLIN ST , WHITMAN, MA 02382"
"$379,000","7 FEATHER LN , WHITMAN, MA 02382"
"$304,900","8 VIKING DR , WHITMAN, MA 02382"
"$375,000","37 FRANKLIN ST , WHITMAN, MA 02382"
"$330,000","39 CORTHELL AVE , WHITMAN, MA 02382"
"$370,900","39 LAZEL ST , WHITMAN, MA 02382"
"$369,900","100 WHITING AVE , WHITMAN, MA 02382"
"$295,480","46 DEWEY AVE , WHITMAN, MA 02382"
"$235,000","728 AUBURN ST APT I6, WHITMAN, MA 02382"
"$374,900","405 FRANKLIN ST , WHITMAN, MA 02382"
"$329,900","284 BEULAH ST , WHITMAN, MA 02382"
"$529,900","16 HENNING DR , WHITMAN, MA 02382"
"$399,000","100 BEAL AVE , WHITMAN, MA 02382"
"$447,320","147 SOUTH AVE , WHITMAN, MA 02382"
"$574,900"," Payton Pl Lot 1A, Whitman, MA 02382"
"$749,900","857 TEMPLE ST , WHITMAN, MA 02382"
"$495,000","18 KENWOOD DR , WHITMAN, MA 02382"
