"$149,900","81 Corey Colonial # 81, Agawam, MA 01001"
"$269,900","106 MILL ST , AGAWAM, MA 01001"
"$169,900","19 MANSION WOODS DR # B, AGAWAM, MA 01001"
"$259,900","22 CASTLE HILL RD # H, AGAWAM, MA 01001"
"$535,000","700 COOPER ST , AGAWAM, MA 01001"
"$159,900","82 Plantation Dr # 82, Agawam, MA 01001"
"$299,900","76 PINEVIEW CIR , AGAWAM, MA 01001"
"$249,900","519 COOPER ST , AGAWAM, MA 01001"
"$139,900","90 Corey Colonial # 90, Agawam, MA 01001"
"$269,900","79 PERRY LN , AGAWAM, MA 01001"
"$263,000","185 NORTH ST , AGAWAM, MA 01001"
"$349,900","47 WILLOW BROOK DR , AGAWAM, MA 01001"
"$61,000","10 CROSS ST , AGAWAM, MA 01001"
"$259,000","148-150 WALNUT ST , AGAWAM, MA 01001"
"$149,900","243 COOPER ST , AGAWAM, MA 01001"
"$215,000","50 Corey Colonial # 50, Agawam, MA 01001"
"$134,900","22 VIRGINIA ST , AGAWAM, MA 01001"
"$425,000","36 Sheri Ln # 36, Agawam, MA 01001"
"$209,900","280 LEONARD ST , AGAWAM, MA 01001"
"$145,000","9 MANSION WOODS DR # H, AGAWAM, MA 01001"
"$139,900","45 Corey Colonial # 45, Agawam, MA 01001"
"$144,900","418 MEADOW ST UNIT C3, AGAWAM, MA 01001"
"$115,900","5 Corey Colonial # 5, Agawam, MA 01001"
