"$90,000","09 Pondview Cir , Belchertown, MA 01007"
"$225,000","85 N Main St Apt 14, Belchertown, MA 01007"
"$250,000","85 N Main St # 25, Belchertown, MA 01007"
"$260,000","100 FEDERAL ST , BELCHERTOWN, MA 01007"
"$299,900","13 SARGENT ST , BELCHERTOWN, MA 01007"
"$240,000","11 CLARK ST , BELCHERTOWN, MA 01007"
"$375,000","198 S WASHINGTON ST , BELCHERTOWN, MA 01007"
"$375,000","49 ORCHARD ST , BELCHERTOWN, MA 01007"
"$14,900","0 Brandywine Dr , Belchertown, MA 01007"
"$145,000"," Granby Rd Lot 0, Belchertown, MA 01007"
"$145,000","0 Granby Rd , Belchertown, MA 01007"
"$345,000","108 BLUE MEADOW RD , BELCHERTOWN, MA 01007"
"$400,000","269 BARRETT ST , BELCHERTOWN, MA 01007"
"$474,900","50 SHEFFIELD DR , BELCHERTOWN, MA 01007"
"$75,000","102 JENSEN ST , BELCHERTOWN, MA 01007"
"$212,000","601 FEDERAL ST , BELCHERTOWN, MA 01007"
"$539,000","20 PLAZA AVE , BELCHERTOWN, MA 01007"
"$285,000","360 AMHERST RD , BELCHERTOWN, MA 01007"
"$99,000","0 Jensen St , Belchertown, MA 01007"
"$80,000","41 Crestview Dr , Belchertown, MA 01007"
"$300,000","19 HEMLOCK HOLW , BELCHERTOWN, MA 01007"
"$449,000","139 N WASHINGTON ST , BELCHERTOWN, MA 01007"
"$100,000"," Old Sawmill Lot A, Belchertown, MA 01007"
"$445,000","32 WARREN WRIGHT RD , BELCHERTOWN, MA 01007"
"$45,000"," Sheffield Dr Lot 47.01, Belchertown, MA 01007"
