"$575,000","135 LINCOLN AVE , AMHERST, MA 01002"
"$119,000","26 GREEN LEAVES DR UNIT 633, AMHERST, MA 01002"
"$1,009,000","784 S EAST ST , AMHERST, MA 01002"
"$565,900","35 Canton Ave , Amherst, MA 01002"
"$299,900","418 STATE ST , AMHERST, MA 01002"
"$579,900","29 S ORCHARD DR , AMHERST, MA 01002"
"$380,000","178 W POMEROY LN , AMHERST, MA 01002"
"$425,000","157 HIGH ST , AMHERST, MA 01002"
"$499,900","616 STATION RD , AMHERST, MA 01002"
"$285,000","97 GLENDALE RD , AMHERST, MA 01002"
"$162,000","170 E HADLEY RD APT 62, AMHERST, MA 01002"
"$719,000","38 TRILLIUM WAY , AMHERST, MA 01002"
"$195,000","378 OLD MONTAGUE RD , AMHERST, MA 01002"
"$795,000","9 SWALLOW FARMS RD , AMHERST, MA 01002"
"$499,000","12 Bray Ct , Pelham, MA 01002"
"$169,900","39 Salem Pl # 39, Amherst, MA 01002"
"$539,900","23 POTWINE LN , AMHERST, MA 01002"
"$259,900","297 WEST ST , AMHERST, MA 01002"
"$329,000","466 S PLEASANT ST , AMHERST, MA 01002"
"$234,900","8 N Valley Rd , Pelham, MA 01002"
"$729,000","126 SHUTESBURY RD , AMHERST, MA 01002"
"$595,000","272 AMITY ST , AMHERST, MA 01002"
"$269,000","73 STAGECOACH RD , AMHERST, MA 01002"
"$222,900","27 GREEN LEAVES DR UNIT 725, AMHERST, MA 01002"
"$349,900","50 AUBINWOOD RD , AMHERST, MA 01002"
