"$245,000","89 BROAD ST , BARRE, MA 01005"
"$89,900","801 WHEELWRIGHT RD , BARRE, MA 01005"
"$25,000","864 Old Oldbrook Rd # 7, Barre, MA 01005"
"$273,000","20 FARRINGTON RD , BARRE, MA 01005"
"$279,900","1056 WILLIAMSVILLE RD , BARRE, MA 01005"
"$419,900","8B Wauwinet Rd , Barre, MA 01005"
"$379,900","8A Wauwinet Rd , Barre, MA 01005"
"$225,000","19 WEST ST , BARRE, MA 01005"
"$250,000","709 WORCESTER RD , BARRE, MA 01005"
"$247,000","27 WINTER ST , BARRE, MA 01005"
"$29,900","29 Edward Ln , Barre, MA 01005"
"$82,000","0 Old Coldbrook Rd , Barre, MA 01005"
"$31,900","469 OLD COLDBROOK RD , BARRE, MA 01005"
"$85,000","864 Old Coldbrook Rd # 14, Barre, MA 01005"
"$93,900","153 CUTLER RD , BARRE, MA 01005"
"$225,000","192 SCHOOL ST N , BARRE, MA 01005"
"$89,000","1299 WAUWINET RD , BARRE, MA 01005"
"$67,500","508 VERNON AVE , BARRE, MA 01005"
"$250,000","0 Cole Pl , Barre, MA 01005"
"$245,000","1 HUBBARDSTON RD , BARRE, MA 01005"
"$458,900","306 WILLIAMSVILLE RD , BARRE, MA 01005"
"$419,900","8 Wauwinet Rd , Barre, MA 01005"
"$680,000","447 LORING RD , BARRE, MA 01005"
"$300,000","160 RACOON HL , BARRE, MA 01005"
