"$199,000","124 STEARNS TER , CHICOPEE, MA 01013"
"$109,900","140 SOUTH ST , CHICOPEE, MA 01013"
"$159,900","139 SKEELE ST , CHICOPEE, MA 01013"
"$239,900","24 MONTCLAIR ST , CHICOPEE, MA 01013"
"$169,900","9 PENDEXTER AVE , CHICOPEE, MA 01013"
"$119,900","45 GREENLEAF ST , CHICOPEE, MA 01013"
"$184,900","52 Montville St # 52, Chicopee, MA 01013"
"$285,000","676 Chicopee St , Chicopee, MA 01013"
"$699,000","48 West St # 50, Chicopee, MA 01013"
$104K,"989 CHICOPEE ST , CHICOPEE, MA 01013"
"$159,900","103 INGHAM ST , CHICOPEE, MA 01013"
"$196,000","141 SIMONICH CIR , CHICOPEE, MA 01013"
"$214,900","102 PENNSYLVANIA AVE , CHICOPEE, MA 01013"
"$179,900","116 SOUTH ST , CHICOPEE, MA 01013"
"$179,900","78 MARBLE AVE , CHICOPEE, MA 01013"
"$163,777","57 DAYTON ST , CHICOPEE, MA 01013"
"$214,900","14 PERRY ST , CHICOPEE, MA 01013"
"$199,900","14 Abbey St , Chicopee, MA 01013"
"$199,999","52 CASINO AVE , CHICOPEE, MA 01013"
"$149,900","42 YVONNE ST , CHICOPEE, MA 01013"
"$120,000","44 JULIETTE ST , CHICOPEE, MA 01013"
"$114,900","196 CHICOPEE ST , CHICOPEE, MA 01013"
"$195,000","79 PARK ST , CHICOPEE, MA 01013"
"$190,000","15 TRAFTON ST , CHICOPEE, MA 01013"
