"$45,900","0 Bromley Rd # L:11, Chester, MA 01011"
"$39,900","0 Route 20 , Chester, MA 01011"
"$239,900","259 ROUTE 20 , CHESTER, MA 01011"
"$409,000","475 Huntington (Rte. 20) Rd , Chester, MA 01011"
"$148,500","9 MAPLE ST , CHESTER, MA 01011"
"$48,000","40 MIDDLEFIELD RD , CHESTER, MA 01011"
"$424,000","8 WILLIAM ST , CHESTER, MA 01011"
"$28,500","0 Old State Hwy , Chester, MA 01011"
"$49,000","220 E RIVER RD , CHESTER, MA 01011"
"$99,900","59 Holcomb Rd , Chester, MA 01011"
"$100,000","48 Bromley Rd # 48-50, Chester, MA 01011"
"$18,000","245 ROUTE 20 , CHESTER, MA 01011"
"$18,000","397 ROUTE 20 , CHESTER, MA 01011"
"$105,000","0 Round Hill Rd , Chester, MA 01011"
"$67,000"," ROUND HILL RD , CHESTER, MA 01011"
"$390,000","114 ROUTE 20 , CHESTER, MA 01011"
"$699,000","138 Ingell Rd , Chester, MA 01011"
"$459,000","674 SKYLINE TRL , CHESTER, MA 01011"
"$409,000","124 SKYLINE TRL , CHESTER, MA 01011"
