"$230,000","93 APPLE RD , BRIMFIELD, MA 01010"
"$424,900","90 PAIGE HILL RD , BRIMFIELD, MA 01010"
"$199,900","59 SUTCLIFFE RD , BRIMFIELD, MA 01010"
$318K,"67 CHAMPEAUX RD , BRIMFIELD, MA 01010"
"$168,000","13 LAFLAME RD , BRIMFIELD, MA 01010"
"$485,000","99 LITTLE ALUM RD , BRIMFIELD, MA 01010"
"$299,900","68 E HILL RD , BRIMFIELD, MA 01010"
"$185,000","58 WASHINGTON RD , BRIMFIELD, MA 01010"
"$283,900","7 LITTLE ALUM RD , BRIMFIELD, MA 01010"
"$65,000","49 E Brimfield Holland # 912, Brimfield, MA 01010"
"$635,000","50 TOWER HILL RD , BRIMFIELD, MA 01010"
"$379,900","61 HOLLOW RD , BRIMFIELD, MA 01010"
"$795,000","92 WALES RD , BRIMFIELD, MA 01010"
"$465,000","45 MARSH HILL RD , BRIMFIELD, MA 01010"
"$900,000","158 DUNHAMTOWN PALMER RD , BRIMFIELD, MA 01010"
"$150,000","1 Isla Guapa , Outside Area (Outside U.S.) Foreign Country Os, 01010"
"$130,000"," Apple Rd Lot B, Brimfield, MA 01010"
"$210,000","51 KNOLLWOOD RD , BRIMFIELD, MA 01010"
"$49,900","7 Saint Clair Rd , Brimfield, MA 01010"
"$15,000","0 Mill Lane Rd , Brimfield, MA 01010"
"$19,900","31 ECHO RD , BRIMFIELD, MA 01010"
"$46,500","150 PAIGE HILL RD , BRIMFIELD, MA 01010"
