"$179,000","126 GATES AVE , EAST LONGMEADOW, MA 01028"
"$379,000","6 PEACHTREE RD , EAST LONGMEADOW, MA 01028"
"$165,000","40 WOOD AVE , EAST LONGMEADOW, MA 01028"
"$184,900","69 HELEN CIR , EAST LONGMEADOW, MA 01028"
"$799,000","68 SENECAL PL , EAST LONGMEADOW, MA 01028"
"$319,000","229 HAMPDEN RD , EAST LONGMEADOW, MA 01028"
"$289,900","134 Pinehurst Dr # 134, East Longmeadow, MA 01028"
$129K,"58 MAPLESHADE AVE , EAST LONGMEADOW, MA 01028"
"$184,900","109 MAPLE ST , EAST LONGMEADOW, MA 01028"
"$360,000","112 HAMPDEN RD , EAST LONGMEADOW, MA 01028"
"$249,900","139 HAMPDEN RD , EAST LONGMEADOW, MA 01028"
"$162,500","12 INDIANA ST , EAST LONGMEADOW, MA 01028"
"$229,900","27 GERRARD AVE , EAST LONGMEADOW, MA 01028"
"$179,900","16 ANNE ST , EAST LONGMEADOW, MA 01028"
"$330,000","115 ELM ST , EAST LONGMEADOW, MA 01028"
$121K,"131 MAPLE ST , EAST LONGMEADOW, MA 01028"
"$414,000","146 MEADOWBROOK RD , EAST LONGMEADOW, MA 01028"
"$529,900","56 DEER RUN TER , EAST LONGMEADOW, MA 01028"
"$229,900","348 WESTWOOD AVE , EAST LONGMEADOW, MA 01028"
"$234,900","70 BAYNE ST , EAST LONGMEADOW, MA 01028"
"$339,000","232 Pinehurst Dr # 232, East Longmeadow, MA 01028"
"$399,900","24 BENT TREE DR , EAST LONGMEADOW, MA 01028"
$147K,"17 RANKIN AVE , EAST LONGMEADOW, MA 01028"
"$459,900","9 SKYLINE DR , EAST LONGMEADOW, MA 01028"
