"$369,000","44 Burt Rd , Westhampton, MA 01027"
"$300,000","62 EAST ST , EASTHAMPTON, MA 01027"
"$259,900","133 PARSONS ST , EASTHAMPTON, MA 01027"
"$129,900","27 MAYHER ST , EASTHAMPTON, MA 01027"
"$389,000","4 LAURIN LN , EASTHAMPTON, MA 01027"
"$269,000","43 NORTHAMPTON ST , EASTHAMPTON, MA 01027"
"$309,900","21-23 EXETER ST , EASTHAMPTON, MA 01027"
"$289,900","27 WESTVIEW TER , EASTHAMPTON, MA 01027"
"$299,900","1 Cherry St # 3, Easthampton, MA 01027"
"$246,900","29 MORIN DR , EASTHAMPTON, MA 01027"
"$300,000","9 Tipping Rock Rd , Westhampton, MA 01027"
"$325,000","12 Loudville Rd , Westhampton, MA 01027"
"$287,000","62 LOUDVILLE RD , EASTHAMPTON, MA 01027"
"$550,000","77 Union St , Easthampton, MA 01027"
"$379,000","359 MAIN ST UNIT 1B, EASTHAMPTON, MA 01027"
"$320,000","41 Pine Island Lk , Westhampton, MA 01027"
"$104,900","5 MINERAL ST , EASTHAMPTON, MA 01027"
"$9,900","143 WEST ST , EASTHAMPTON, MA 01027"
"$79,000","69 Northwest Rd , Westhampton, MA 01027"
"$15,000","0-A Rhodes Rd , Westhampton, MA 01027"
"$79,900","1-7 Kings Hwy , Westhampton, MA 01027"
"$69,000","0-B Rhodes Rd , Westhampton, MA 01027"
"$69,000","0 Burt Rd , Westhampton, MA 01027"
