"$69,900","735 Memorial Dr Trlr 35, Chicopee, MA 01020"
"$249,900","541 GRATTAN ST , CHICOPEE, MA 01020"
"$154,900","225 COLLEGE ST , CHICOPEE, MA 01020"
"$45,000","78 LAUREL ST , CHICOPEE, MA 01020"
"$195,000","2 PINE ST , CHICOPEE, MA 01020"
"$199,900","173 BROADWAY ST , CHICOPEE, MA 01020"
"$139,900","600 E MAIN ST , CHICOPEE, MA 01020"
"$224,900","5 Bourbeau St , Chicopee, MA 01020"
"$279,900","43 LASKOWSKI ST , CHICOPEE, MA 01020"
"$299,900","5 Stone Ave # 7, Chicopee, MA 01020"
"$329,900","93 KAVENEY ST , CHICOPEE, MA 01020"
"$85,900","99 COLONIAL CIR UNIT D, CHICOPEE, MA 01020"
"$289,900","106 TOLPA CIR , CHICOPEE, MA 01020"
"$324,900"," Ralph Cir Lot 5, Chicopee, MA 01020"
"$324,900"," Ralph Cir Lot 4, Chicopee, MA 01020"
"$169,900","60 CRESTWOOD ST , CHICOPEE, MA 01020"
"$279,999","283 MANDALAY RD , CHICOPEE, MA 01020"
"$169,000","122 SAINT JAMES AVE , CHICOPEE, MA 01020"
"$135,000","98 KAVENEY ST , CHICOPEE, MA 01020"
"$192,500","200 LAMBERT TER UNIT 63, CHICOPEE, MA 01020"
"$189,900","200 LAMBERT TER UNIT 37, CHICOPEE, MA 01020"
"$100,000","114 CHAPEL ST , CHICOPEE, MA 01020"
"$217,500","169 BAY STATE RD , CHICOPEE, MA 01020"
"$47,500","15 Finch Dr , Chicopee, MA 01020"
$111K,"163 MONTGOMERY ST , CHICOPEE, MA 01020"
