"$329,000","186 CLOVER HILL DR , FEEDING HILLS, MA 01030"
"$289,900","869 NORTH ST , FEEDING HILLS, MA 01030"
"$169,900","1003 N WESTFIELD ST , FEEDING HILLS, MA 01030"
"$269,000","29 KATHY TER , FEEDING HILLS, MA 01030"
"$265,000","610 SPRINGFIELD ST , FEEDING HILLS, MA 01030"
"$396,900","120 KOSAK CT , FEEDING HILLS, MA 01030"
"$629,900","56 HEMLOCK RDG , FEEDING HILLS, MA 01030"
"$150,000","14 MOORELAND ST , FEEDING HILLS, MA 01030"
"$219,900","1036 SHOEMAKER LN , FEEDING HILLS, MA 01030"
"$427,000","71 COLUMBIA DR , FEEDING HILLS, MA 01030"
"$439,900","81 BELVIDERE AVE , FEEDING HILLS, MA 01030"
"$295,000","479 SOUTHWICK ST , FEEDING HILLS, MA 01030"
"$232,900","24 TINA LN , FEEDING HILLS, MA 01030"
"$350,000","69 KENSINGTON ST , FEEDING HILLS, MA 01030"
"$105,000","77 HASTINGS ST , FEEDING HILLS, MA 01030"
