"$244,500","4 CARVER ST , GRANBY, MA 01033"
"$239,000","176 BATCHELOR ST , GRANBY, MA 01033"
"$114,900","317 BATCHELOR ST , GRANBY, MA 01033"
"$319,900","118 PLEASANT ST , GRANBY, MA 01033"
"$124,900","39 PLEASANT ST , GRANBY, MA 01033"
"$295,000","120 SCHOOL ST , GRANBY, MA 01033"
"$227,000","177 W STATE ST , GRANBY, MA 01033"
"$289,987","14 COLD HILL DR , GRANBY, MA 01033"
"$274,500","117 BATCHELOR ST , GRANBY, MA 01033"
"$139,900","86 BATCHELOR ST , GRANBY, MA 01033"
"$285,000","191 SCHOOL ST , GRANBY, MA 01033"
"$410,000","85 FERRY HILL RD , GRANBY, MA 01033"
"$649,900","73 FERRY HILL RD , GRANBY, MA 01033"
"$418,000","3 BARTON ST , GRANBY, MA 01033"
"$389,900","416 E STATE ST , GRANBY, MA 01033"
"$247,500","153 SOUTH ST , GRANBY, MA 01033"
"$339,900","6 JERRY LN , GRANBY, MA 01033"
"$549,000","15 BITTERSWEET LN , GRANBY, MA 01033"
"$400,000","15 LYMAN ST , GRANBY, MA 01033"
"$346,900","148 PORTER ST , GRANBY, MA 01033"
"$429,900","5 CENTER ST , GRANBY, MA 01033"
"$495,000","114 MUNSING RDG , GRANBY, MA 01033"
"$149,900","3 Granby Hts # 3, Granby, MA 01033"
"$170,000","0 Burnett St , Granby, MA 01033"
"$315,000","92 CHICOPEE ST , GRANBY, MA 01033"
