"$395,000","96 BRIDGE ST , HATFIELD, MA 01038"
"$424,900","69 CHESTNUT ST , HATFIELD, MA 01038"
"$259,000","30 ELM ST , HATFIELD, MA 01038"
"$429,000","66 CHESTNUT ST , HATFIELD, MA 01038"
"$399,900","94 MAIN ST , HATFIELD, MA 01038"
"$429,900","52 CRONIN HILL RD , HATFIELD, MA 01038"
"$495,000","0 Prospect St , Hatfield, MA 01038"
"$150,000","0 Depot Rd , Hatfield, MA 01038"
"$2,500,000","1 Straits Rd , Hatfield, MA 01038"
"$225,000","0 Circle Dr , Hatfield, MA 01038"
"$800,000","0 Jericho Rd , Hatfield, MA 01038"
"$699,900","28A Circle Dr , Hatfield, MA 01038"
"$95,000","0 Cronin Hil Rd , Hatfield, MA 01038"
"$599,500","28B Circle Dr , Hatfield, MA 01038"
"$99,900","204 A Straits Rd , Hatfield, MA 01038"
"$99,900","204 B Straits Rd , Hatfield, MA 01038"
