"$175,000","53 Russell St , Hadley, MA 01035"
"$265,000","102 BAY RD , HADLEY, MA 01035"
"$275,000","130 WEST ST , HADLEY, MA 01035"
"$379,900","6 EAST ST , HADLEY, MA 01035"
"$419,000","78 N MAPLE ST , HADLEY, MA 01035"
"$382,800","22 LAUREL DR , HADLEY, MA 01035"
"$649,900","16 ROCKY HILL RD , HADLEY, MA 01035"
"$415,000","31 LAWRENCE PLAIN RD , HADLEY, MA 01035"
"$2,200,000","31 Chmura Rd , Hadley, MA 01035"
"$535,000","77 S MAPLE ST , HADLEY, MA 01035"
"$399,000","14 ALOHA DR , HADLEY, MA 01035"
"$399,900","10 FRALLO DR , HADLEY, MA 01035"
"$170,000","44 MOUNT WARNER RD , HADLEY, MA 01035"
"$1,750,000","25 SYLVIA HTS , HADLEY, MA 01035"
"$475,000","148 RUSSELL ST , HADLEY, MA 01035"
"$449,900","269 BAY RD , HADLEY, MA 01035"
"$675,000","3 BAYBERRY LN , HADLEY, MA 01035"
"$850,000","2 MAEGANS WAY , HADLEY, MA 01035"
"$129,900","119 EAST ST , HADLEY, MA 01035"
"$174,900"," Old Mountain Rd Lot 2A, Hadley, MA 01035"
"$99,900","12 LAUREL DR , HADLEY, MA 01035"
"$495,000","44A Honey Pot Rd , Hadley, MA 01035"
"$69,900","0 N Maple St , Hadley, MA 01035"
