"$189,900","35 CHARLES ST , HAMPDEN, MA 01036"
"$180,000","59 CHAPIN RD , HAMPDEN, MA 01036"
"$575,000","76 STEEPLEVIEW DR , HAMPDEN, MA 01036"
"$144,500","179 ALLEN ST , HAMPDEN, MA 01036"
"$222,000","13 SESSIONS DR , HAMPDEN, MA 01036"
"$349,900","313 BENNETT RD , HAMPDEN, MA 01036"
"$370,000","145 SOMERS RD , HAMPDEN, MA 01036"
"$275,000","130 SCANTIC RD , HAMPDEN, MA 01036"
"$303,000","382 ALLEN ST , HAMPDEN, MA 01036"
"$274,900","51 GENEVIEVE DR , HAMPDEN, MA 01036"
"$294,900","400 SOUTH RD , HAMPDEN, MA 01036"
"$299,900","70 E LONGMEADOW RD , HAMPDEN, MA 01036"
"$499,900","391 SOUTH RD , HAMPDEN, MA 01036"
"$513,000","375 WILBRAHAM RD , HAMPDEN, MA 01036"
"$226,000","575 MAIN ST , HAMPDEN, MA 01036"
"$750,000","128 SOMERS RD , HAMPDEN, MA 01036"
"$319,900","25 Tall Pines Rd # 25, Hampden, MA 01036"
"$249,900","261 CHAPIN RD , HAMPDEN, MA 01036"
"$489,999","150 ROCK A DUNDEE RD , HAMPDEN, MA 01036"
"$424,900","421 Chapin Rd , Hampden, MA 01036"
"$299,000","21 MAPLE GROVE RD , HAMPDEN, MA 01036"
"$359,000","152 ALLEN ST , HAMPDEN, MA 01036"
"$525,000","7 S Monson Rd , Hampden, MA 01036"
