"$579,900","61 BORDEN BROOK RD , GRANVILLE, MA 01034"
"$435,900","173 HARTLAND HOLLOW RD , GRANVILLE, MA 01034"
"$725,000","1487 MAIN RD , GRANVILLE, MA 01034"
"$475,000","54 CREST LN , GRANVILLE, MA 01034"
"$250,000","617 NORTH LN , GRANVILLE, MA 01034"
"$269,900","246 OWLS NEST LN , TOLLAND, MA 01034"
"$338,500","38 Lakeside Dr , Tolland, MA 01034"
"$39,900","L 4 & 5 Porcupine Pt , Tolland, MA 01034"
"$209,900","25 Upper Otter Rd , Tolland, MA 01034"
"$160,000","1642 MAIN RD , GRANVILLE, MA 01034"
"$70,000","215 SILVER ST , GRANVILLE, MA 01034"
"$39,000","1012 MAIN RD , GRANVILLE, MA 01034"
"$39,900","0 North Ln , Granville, MA 01034"
"$949,000","4 & 5 Porcupine Pt , Tolland, MA 01034"
"$32,000","617 Rivers Rd , Tolland, MA 01034"
"$33,500","4 Beetle Rd , Tolland, MA 01034"
"$32,000","2 Colebrook River Rd , Tolland, MA 01034"
"$279,900","3 Colebrook River Rd , Tolland, MA 01034"
"$50,000","305 CREST LN , GRANVILLE, MA 01034"
"$222,500","0 Beech Hill Rd , Granville, MA 01034"
"$60,000","15 Thicket Rd , Tolland, MA 01034"
"$150,000","55-2 Crest , Granville, MA 01034"
"$459,000"," Crest Ln Lot 55-1-2, Granville, MA 01034"
"$62,000","710 Colebrook River Rd , Tolland, MA 01034"
