"$112,900","365 ELM ST , HOLYOKE, MA 01040"
"$289,900","70 BEMIS RD , HOLYOKE, MA 01040"
"$174,900","57 DILLON AVE , HOLYOKE, MA 01040"
"$199,900","304 HILLSIDE AVE , HOLYOKE, MA 01040"
"$199,900","798 HOMESTEAD AVE , HOLYOKE, MA 01040"
"$429,900","135 MOUNTAIN VIEW DR , HOLYOKE, MA 01040"
"$189,900","23 FRANKS DR , HOLYOKE, MA 01040"
"$239,000","295 SOUTHAMPTON RD , HOLYOKE, MA 01040"
"$297,500","6 BAYBERRY DR , HOLYOKE, MA 01040"
"$124,900","357 APREMONT HWY , HOLYOKE, MA 01040"
"$324,900","181 LINDEN ST , HOLYOKE, MA 01040"
"$84,900","6 COTTAGE AVE , HOLYOKE, MA 01040"
"$469,900","439 NORTHAMPTON ST , HOLYOKE, MA 01040"
"$179,900","205 LOCUST ST , HOLYOKE, MA 01040"
"$395,000","20 LABRIE LN , HOLYOKE, MA 01040"
"$109,999","6 MAPLE CREST CIR APT D, HOLYOKE, MA 01040"
"$209,900","1867 NORTHAMPTON ST , HOLYOKE, MA 01040"
"$359,000","166 CENTRAL PARK DR , HOLYOKE, MA 01040"
"$205,900","1 WOODLAND ST , HOLYOKE, MA 01040"
"$365,000","25 STANFORD ST , HOLYOKE, MA 01040"
"$230,900","14 ARGYLE AVE , HOLYOKE, MA 01040"
"$184,900","60 TAYLOR ST , HOLYOKE, MA 01040"
"$459,000","75 RICHARD EGER DR , HOLYOKE, MA 01040"
"$285,000","37-39 FLORENCE AVE , HOLYOKE, MA 01040"
"$260,000","5 PRIMROSE LN , HOLYOKE, MA 01040"
