"$75,000","3 OLD CHESTER RD , HUNTINGTON, MA 01050"
"$449,900","82 BROMLEY RD , HUNTINGTON, MA 01050"
"$45,000","4 CRESCENT ST , HUNTINGTON, MA 01050"
"$33,200","19 GOSS HILL RD , HUNTINGTON, MA 01050"
"$189,000","62 OLD CHESTER RD , HUNTINGTON, MA 01050"
"$109,900","18 LAUREL RD , HUNTINGTON, MA 01050"
"$117,900","510 Main Rd , Montgomery, MA 01050"
"$174,900","24 UPPER RUSSELL RD , HUNTINGTON, MA 01050"
"$309,900","38 WORTHINGTON RD , HUNTINGTON, MA 01050"
"$56,900","3 PLEASANT ST , HUNTINGTON, MA 01050"
"$299,000","11 CULLEN HILL RD , HUNTINGTON, MA 01050"
"$59,900","4 MAPLE ST , HUNTINGTON, MA 01050"
"$59,900","13 Kimball Rd , Huntington, MA 01050"
"$419,900","1 COUNTY RD , HUNTINGTON, MA 01050"
"$129,900"," POND BROOK RD , HUNTINGTON, MA 01050"
"$994,900","0 Pond Brook Rd (Rt # 66), Huntington, MA 01050"
"$994,900","70 WORTHINGTON RD , HUNTINGTON, MA 01050"
