"$125,000","14 N LEVERETT RD , LEVERETT, MA 01054"
"$599,000","31 JUGGLER MEADOW RD , LEVERETT, MA 01054"
"$237,500","48 RICHARDSON RD , LEVERETT, MA 01054"
"$525,000","66 LONG HILL RD , LEVERETT, MA 01054"
"$375,000","74 HEMENWAY RD , LEVERETT, MA 01054"
"$449,900","260 MONTAGUE RD , LEVERETT, MA 01054"
"$739,900","30 LAUREL HILL DR , LEVERETT, MA 01054"
"$225,000","132 SHUTESBURY RD , LEVERETT, MA 01054"
"$305,000","3 CIDER MILL RD , LEVERETT, MA 01054"
"$115,000","0 Hemenway , Leverett, MA 01054"
"$120,000","103 OLD MOUNTAIN RD , LEVERETT, MA 01054"
"$75,000","106 TEAWADDLE HILL RD , LEVERETT, MA 01054"
"$120,000","5 AMHERST RD , LEVERETT, MA 01054"
"$234,900","7 DUDLEYVILLE RD , LEVERETT, MA 01054"
"$124,900","6 AMHERST RD , LEVERETT, MA 01054"
"$99,000","99 LONG PLAIN RD , LEVERETT, MA 01054"
"$72,500","1 Pratt Corner Rd , Leverett, MA 01054"
"$90,000","332 LONG PLAIN RD , LEVERETT, MA 01054"
"$94,600"," Pratt Corner Rd Lot 1, Leverett, MA 01054"
"$499,900"," Amherst Rd Lot 1, Leverett, MA 01054"
"$279,900","80 Rattlesnake Gutter Rd , Leverett, MA 01054"
"$550,000","131 SHUTESBURY RD , LEVERETT, MA 01054"
"$69,500","76 Cushman Rd , Leverett, MA 01054"
