"$290,200","600 CENTER ST , LUDLOW, MA 01056"
"$479,900","563 WEST ST , LUDLOW, MA 01056"
"$359,900","308 Miller St # 59, Ludlow, MA 01056"
"$145,000"," Sunset Ridge Ests Lot 13, Ludlow, MA 01056"
"$145,000","8 Sunset Dr , Ludlow, MA 01056"
"$165,000"," Sunset Ridge Ests Lot 9, Ludlow, MA 01056"
"$205,000"," Sunset Ridge Ests Lot 5, Ludlow, MA 01056"
"$225,000"," Sunset Ridge Ests Lot 17, Ludlow, MA 01056"
"$265,000"," Sunset Ridge Ests Lot 1, Ludlow, MA 01056"
"$265,000","19 Sunset Dr , Ludlow, MA 01056"
"$439,900","23 VENTURA ST , LUDLOW, MA 01056"
"$179,900","42 HAMPDEN ST , LUDLOW, MA 01056"
"$219,900","78 KING ST , LUDLOW, MA 01056"
"$389,000","161 ERIN LN , LUDLOW, MA 01056"
"$364,900","41 WINDWOOD DR , LUDLOW, MA 01056"
"$239,900","19 LETENDRE AVE , LUDLOW, MA 01056"
"$159,413","51 MORSE ST # 12, LUDLOW, MA 01056"
"$252,000","308 Miller St Unit 2, Ludlow, MA 01056"
"$379,900","320 WOODLAND CIR , LUDLOW, MA 01056"
"$409,900","112 Westerly Cir , Ludlow, MA 01056"
"$199,900","553 CHAPIN ST , LUDLOW, MA 01056"
"$325,000","45 PARKER LN , LUDLOW, MA 01056"
"$225,000","133 SHAWINIGAN DR , LUDLOW, MA 01056"
"$339,900","17 CHADBOURNE CIR , LUDLOW, MA 01056"
"$539,000","186 TOWER RD , LUDLOW, MA 01056"
