"$394,900","256 Hovey Rd , Monson, MA 01057"
"$219,900","8 Munn Rd , Monson, MA 01057"
"$215,000","45 Robbins Rd , Monson, MA 01057"
"$255,900","326 Stafford Rd , Monson, MA 01057"
"$135,000","20 Margaret St , Monson, MA 01057"
"$224,900","75 Ely Rd , Monson, MA 01057"
"$79,900","36 Bridge St , Monson, MA 01057"
"$359,900","66 Zuell Hill Rd , Monson, MA 01057"
"$424,900","16 Bethany Rd , Monson, MA 01057"
"$254,900","100 Main St , Monson, MA 01057"
"$253,000","14 Circle Dr , Monson, MA 01057"
"$525,000","35 Thayer Rd , Monson, MA 01057"
"$399,500","174 Town Farm Rd , Monson, MA 01057"
"$139,900","23 Green St , Monson, MA 01057"
"$364,900","139 Cote Rd , Monson, MA 01057"
"$100,000","0 Lakeshore Dr , Monson, MA 01057"
"$349,900","32 Country Club Dr , Monson, MA 01057"
"$135,000","36 King St , Monson, MA 01057"
"$229,900","242 STATE AVE , MONSON, MA 01057"
"$25,000","112 Fenton Rd , Monson, MA 01057"
"$685,000","205 Lower Hampden Rd , Monson, MA 01057"
"$75,000","0 Sunny Brk , Monson, MA 01057"
"$149,900"," Parcel A Wilbraham Rd , Monson, MA 01057"
"$59,500","12 Beebe Rd , Monson, MA 01057"
"$279,900","48 Main St , Monson, MA 01057"
