"$209,900","43 PARMENTER RD , OAKHAM, MA 01068"
"$200,000","169 SCOTT RD , OAKHAM, MA 01068"
"$429,900","775 SCOTT RD , OAKHAM, MA 01068"
"$379,900","161 SKYLINE DR , OAKHAM, MA 01068"
"$64,900","3 Robinson Rd , Oakham, MA 01068"
"$59,900"," Parcel 2 Robinson Rd , Oakham, MA 01068"
"$325,000","720 E HILL RD , OAKHAM, MA 01068"
"$479,900","1075 OLD TURNPIKE RD , OAKHAM, MA 01068"
"$424,900","1298 NEW BRAINTREE RD , OAKHAM, MA 01068"
"$65,000","2 Forest Hills Dr , Oakham, MA 01068"
"$124,900","0 Skyline Dr , Oakham, MA 01068"
"$409,000","143 SCOTT RD , OAKHAM, MA 01068"
"$65,000","5 Forest Hills Dr , Oakham, MA 01068"
"$65,000","3 Forest Hills Dr , Oakham, MA 01068"
"$65,000","9 Forest Hills Dr , Oakham, MA 01068"
