"$183,900","2098 CALKINS RD , PALMER, MA 01069"
"$209,987","387 RONDEAU ST , PALMER, MA 01069"
"$215,000","1018 Baptist Hill Rd , Palmer, MA 01069"
"$249,000","10 Lauren Dr , Palmer, MA 01069"
"$79,900","4026 PLEASANT ST , PALMER, MA 01069"
"$169,500","3137 MAIN ST , PALMER, MA 01069"
"$299,900","1422 Park St # R, Palmer, MA 01069"
"$379,000","146 Jim Ash Rd , Palmer, MA 01069"
"$148,000","25 North , Palmer, MA 01069"
"$109,900","14 Off Bourne , Palmer, MA 01069"
"$59,900","9 DARRYL CIR , PALMER, MA 01069"
"$449,900","79 Peterson Rd , Palmer, MA 01069"
"$224,900","2 Thompson Dr , Palmer, MA 01069"
"$259,900","2093 Calkins Rd , Palmer, MA 01069"
"$289,900","95 Rondeau St , Palmer, MA 01069"
"$299,000","22 Saint John St , Palmer, MA 01069"
"$179,900","2032 CALKINS RD , PALMER, MA 01069"
"$169,900","9 Desimone Dr , Palmer, MA 01069"
"$99,000","14 Strong St , Palmer, MA 01069"
"$99,000","0 Main St , Palmer, MA 01069"
"$274,500"," Main St , Palmer, MA 01069"
"$315,000","26 Saint John St , Palmer, MA 01069"
"$214,900","55 Olney Rd , Palmer, MA 01069"
"$264,900","1057 CENTRAL ST , PALMER, MA 01069"
