"$695,000","417 Westhampton Rd , Florence, MA 01062"
"$339,000","38 Burncolt Rd , Northampton, MA 01062"
"$449,000","1 High Meadow Rd , Northampton, MA 01062"
"$449,000","137 S Main St , Northampton, MA 01062"
"$279,000","100 Straw Ave # 2, Northampton, MA 01062"
"$399,900","375 Rocky Hill Rd , Northampton, MA 01062"
"$589,000","53 Emerson Way , Northampton, MA 01062"
"$305,000","116 N Main St , Northampton, MA 01062"
"$359,000","14 Mountain Laurel Path , Northampton, MA 01062"
"$289,900","36 Rick Dr , Northampton, MA 01062"
"$499,500","43 Ladyslipper Ln , Northampton, MA 01062"
"$214,112","191 Brookside Cir , Northampton, MA 01062"
"$365,000","661 Westhampton Rd , Northampton, MA 01062"
"$799,500","1170 Florence Rd , Northampton, MA 01062"
"$335,000","89 Main St Apt D, Northampton, MA 01062"
"$469,000","154 S Main St , Northampton, MA 01062"
"$770,000","70 Sovereign Way , Northampton, MA 01062"
"$435,000","1443 Westhampton Rd , Northampton, MA 01062"
"$289,900","721 Westhampton Rd , Northampton, MA 01062"
"$749,000","243 Park Hill Rd , Northampton, MA 01062"
"$565,000","161 Turkey Hill Rd , Northampton, MA 01062"
"$449,000","735 Westhampton Rd , Northampton, MA 01062"
"$699,000","1114 Florence Rd , Northampton, MA 01062"
"$429,900","5 Mann Ter , Northampton, MA 01062"
"$499,900","5 Hawthorne Ter , Northampton, MA 01062"
