"$379,000","80 FORBES AVE , NORTHAMPTON, MA 01060"
"$229,900","178 ISLAND RD , NORTHAMPTON, MA 01060"
"$300,000","754 BRIDGE RD , NORTHAMPTON, MA 01060"
"$279,900","61 CRESCENT ST APT 8, NORTHAMPTON, MA 01060"
"$479,900","63 Dryads Grn , Northampton, MA 01060"
"$380,000","44 ROE AVE , NORTHAMPTON, MA 01060"
"$560,000","26 OLIVE ST , NORTHAMPTON, MA 01060"
"$266,000","21 TERRACE LN , NORTHAMPTON, MA 01060"
"$619,000","218 ELM ST , NORTHAMPTON, MA 01060"
"$80,000","60 Laurel Park # 60, Northampton, MA 01060"
"$279,900","8 HOCKANUM RD APT 14, NORTHAMPTON, MA 01060"
"$349,900","257 SOUTH ST , NORTHAMPTON, MA 01060"
"$829,900","29 TYLER CT , NORTHAMPTON, MA 01060"
"$309,900","35 NEW SOUTH ST APT 105, NORTHAMPTON, MA 01060"
"$685,000","94 CRESCENT ST , NORTHAMPTON, MA 01060"
"$1,199,995","66 BANCROFT RD , NORTHAMPTON, MA 01060"
"$1,154,888","82 COLES MEADOW RD , NORTHAMPTON, MA 01060"
"$529,000","72-74 Masonic St , Northampton, MA 01060"
"$437,000","14 Moser St # 14, Northampton, MA 01060"
"$1,995,000","74 COLES MEADOW RD , NORTHAMPTON, MA 01060"
"$489,650","17 Higgins Way , Northampton, MA 01060"
"$537,500","11 Higgins Way , Northampton, MA 01060"
"$1,650,000","91 ROUND HILL RD , NORTHAMPTON, MA 01060"
"$629,000","41 Ford Xing , Northampton, MA 01060"
"$279,000","61 LAUREL PARK , NORTHAMPTON, MA 01060"
