"$314,900","138 VINING HILL RD , SOUTHWICK, MA 01077"
"$879,000","9 N POND RD , SOUTHWICK, MA 01077"
"$299,900","438 COLLEGE HWY , SOUTHWICK, MA 01077"
"$199,900","46 TANNERY RD , SOUTHWICK, MA 01077"
"$99,900","447 N LOOMIS ST , SOUTHWICK, MA 01077"
"$329,900","457 COLLEGE HWY , SOUTHWICK, MA 01077"
"$199,900","259 HILLSIDE RD , SOUTHWICK, MA 01077"
"$159,900","20 Rosewood Ln # 20, Southwick, MA 01077"
"$489,000","143 S LONGYARD RD , SOUTHWICK, MA 01077"
"$114,900","2 MAPLE ST , SOUTHWICK, MA 01077"
"$112,300","609 COLLEGE HWY , SOUTHWICK, MA 01077"
"$274,900","16 S LOOMIS ST , SOUTHWICK, MA 01077"
"$450,000","139 COLLEGE HWY , SOUTHWICK, MA 01077"
"$595,000","33 LAUREN LN , SOUTHWICK, MA 01077"
"$169,900","128 N LAKE AVE , SOUTHWICK, MA 01077"
"$359,900","20 SAM WEST RD , SOUTHWICK, MA 01077"
"$167,900","32 BUNGALOW ST , SOUTHWICK, MA 01077"
"$459,900","201 HILLSIDE RD , SOUTHWICK, MA 01077"
"$84,900","157 VINING HILL RD , SOUTHWICK, MA 01077"
"$324,900","9 Junction Station Rd # 28B, Southwick, MA 01077"
"$649,900","94 BERKSHIRE AVE , SOUTHWICK, MA 01077"
"$439,000","15 LIQUORI DR , SOUTHWICK, MA 01077"
"$169,900","87 KLAUS ANDERSON RD , SOUTHWICK, MA 01077"
"$169,000","31 Overlook Ln , Southwick, MA 01077"
"$189,900","14 CASTLE ST , SOUTHWICK, MA 01077"
