"$179,900","20 HILLSIDE AVE , SOUTH HADLEY, MA 01075"
"$179,900","34 SEARLE RD , SOUTH HADLEY, MA 01075"
"$229,900","31 LEXINGTON AVE , SOUTH HADLEY, MA 01075"
"$430,000","309 HADLEY ST , SOUTH HADLEY, MA 01075"
"$149,900","14 Hillcrest Park # 14, South Hadley, MA 01075"
"$269,900","4 WELLINGTON AVE , SOUTH HADLEY, MA 01075"
"$252,000","6 MILLER AVE , SOUTH HADLEY, MA 01075"
"$259,900","7 ROUNDELAY RD , SOUTH HADLEY, MA 01075"
"$196,900","63 MCKINLEY AVE , SOUTH HADLEY, MA 01075"
"$350,000","3 CHESTNUT HILL RD , SOUTH HADLEY, MA 01075"
"$339,900","14 YOUNG CIR , SOUTH HADLEY, MA 01075"
"$349,000","81 EAST ST , SOUTH HADLEY, MA 01075"
"$132,900","79 RIVER RD , SOUTH HADLEY, MA 01075"
"$234,900","8 LYMAN ST , SOUTH HADLEY, MA 01075"
"$429,000","273 PEARL ST , SOUTH HADLEY, MA 01075"
"$147,900","540 GRANBY RD # 22, SOUTH HADLEY, MA 01075"
"$225,900","516 AMHERST RD , SOUTH HADLEY, MA 01075"
"$224,900","28 EDISON DR , SOUTH HADLEY, MA 01075"
"$350,000","124 SILVER ST , SOUTH HADLEY, MA 01075"
"$99,900","55-57 Lamb St , South Hadley, MA 01075"
"$449,900","19 PRIESTLY FARMS RD , SOUTH HADLEY, MA 01075"
"$394,900","197 MOSIER ST , SOUTH HADLEY, MA 01075"
$147K,"15 BUNKER HL , SOUTH HADLEY, MA 01075"
"$410,000","1 The Knls , South Hadley, MA 01075"
"$495,000","152 FERRY ST , SOUTH HADLEY, MA 01075"
