"$239,900","24 MOUNTAIN VIEW CIR , SOUTHAMPTON, MA 01073"
"$459,000","26 KATELYN WAY , SOUTHAMPTON, MA 01073"
"$299,000","62 GILBERT RD , SOUTHAMPTON, MA 01073"
"$415,000","3 PINE MEADOW DR , SOUTHAMPTON, MA 01073"
"$375,000","6 KYLENE CIR , SOUTHAMPTON, MA 01073"
"$265,000","10 PARC PL UNIT 5, SOUTHAMPTON, MA 01073"
"$124,900","92 CROOKED LEDGE RD , SOUTHAMPTON, MA 01073"
"$399,000","51 POMEROY MEADOW RD , SOUTHAMPTON, MA 01073"
"$525,000","112 WHITE LOAF RD , SOUTHAMPTON, MA 01073"
"$524,900","4 PINE WOOD DR , SOUTHAMPTON, MA 01073"
"$369,900","176 POMEROY MEADOW RD , SOUTHAMPTON, MA 01073"
"$138,000","6 COLEMAN RD , SOUTHAMPTON, MA 01073"
"$579,000","3 MADELINE WAY , SOUTHAMPTON, MA 01073"
"$532,900","79 CROOKED LEDGE RD , SOUTHAMPTON, MA 01073"
"$479,000","79 VALLEY RD , SOUTHAMPTON, MA 01073"
"$334,900","21 JONATHAN JUDD CIR , SOUTHAMPTON, MA 01073"
"$789,900"," Lot 10 Nicholas , Southampton, MA 01073"
"$569,900","15 KATELYN WAY , SOUTHAMPTON, MA 01073"
"$297,000","7 RATTLE HILL RD , SOUTHAMPTON, MA 01073"
"$750,000","69 CROOKED LEDGE RD , SOUTHAMPTON, MA 01073"
"$535,000","51 COLEMAN RD , SOUTHAMPTON, MA 01073"
"$639,000","107 PLEASANT ST , SOUTHAMPTON, MA 01073"
"$319,900","14 CAMP JAHN RD , SOUTHAMPTON, MA 01073"
"$475,000","220 COLLEGE HWY , SOUTHAMPTON, MA 01073"
