"$179,000","4 VINING ST , PLAINFIELD, MA 01070"
"$229,000","305 MAIN ST , PLAINFIELD, MA 01070"
"$790,000"," 55 Campbell Road , Plainfield, MA 01070"
"$789,500","55 CAMPBELL RD , PLAINFIELD, MA 01070"
"$175,000","196 PROSPECT ST , PLAINFIELD, MA 01070"
"$39,900","57 Summit St , Plainfield, MA 01070"
"$34,900","2 East St , Plainfield, MA 01070"
"$60,000","23 Old South St , Plainfield, MA 01070"
"$35,000","0 West St , Plainfield, MA 01070"
"$42,500","3 Bow St , Plainfield, MA 01070"
"$42,500"," Bow St Lot 3, Plainfield, MA 01070"
"$42,500","4 Bow St , Plainfield, MA 01070"
"$42,500"," Bow St Lot 4, Plainfield, MA 01070"
