"$27,500"," Pratt Cor Lot 0, Shutesbury, MA 01072"
"$33,500","0 W Pelham Rd , Shutesbury, MA 01072"
"$50,000","22 W Pelham Rd Lot U, Shutesbury, MA 01072"
"$189,900","319 WENDELL RD , SHUTESBURY, MA 01072"
"$189,900","43 MERRILL DR , SHUTESBURY, MA 01072"
"$239,900","250 W PELHAM RD , SHUTESBURY, MA 01072"
"$29,900","121 W Pelham Rd , Shutesbury, MA 01072"
"$324,900","273-275 WENDELL RD , SHUTESBURY, MA 01072"
"$584,000","294 W PELHAM RD , SHUTESBURY, MA 01072"
"$399,900","204 W PELHAM RD , SHUTESBURY, MA 01072"
"$420,000","105 SAND HILL RD , SHUTESBURY, MA 01072"
"$168,000","305 LOCKS POND RD , SHUTESBURY, MA 01072"
"$245,000","27 MERRILL DR , SHUTESBURY, MA 01072"
"$275,000","73 January Hills Rd , Shutesbury, MA 01072"
"$110,000","0 Montague Rd Lot 34, Shutesbury, MA 01072"
"$399,000","6 GREAT PINES DRIVE EXT , SHUTESBURY, MA 01072"
"$275,000","11 GREAT PINES DRIVE EXT , SHUTESBURY, MA 01072"
"$249,500","16 MERRILL DR , SHUTESBURY, MA 01072"
