"$34,900","21 Pomeroy Ter , Russell, MA 01071"
"$294,900","680 S QUARTER RD , RUSSELL, MA 01071"
"$294,900","556 WOODLAND WAY , RUSSELL, MA 01071"
"$369,900","340 WESTFIELD RD , RUSSELL, MA 01071"
"$129,000","30 Huntington Rd , Russell, MA 01071"
"$589,000","15 WOODLAND WAY , RUSSELL, MA 01071"
"$99,900","0 East St , Plainfield, MA 01071"
"$538,800","355 WOODLAND WAY , RUSSELL, MA 01071"
"$14,900","0 Timberidge Dr , Russell, MA 01071"
"$150,000","1185 Huntington Rd , Russell, MA 01071"
"$25,000","368 BLANDFORD RD , RUSSELL, MA 01071"
"$89,900","1 Dickinson Hill Rd , Russell, MA 01071"
