"$24,900","0 Carrington Rd , Montgomery, MA 01085"
"$160,000","8 Lindbergh Blvd Unit 8, Westfield, MA 01085"
"$269,900","24 Green Pine Ln , Westfield, MA 01085"
"$239,900","25 Spruce St , Westfield, MA 01085"
"$63,900","13 2nd Ave , Westfield, MA 01085"
"$419,900","55 Hillcrest Cir , Westfield, MA 01085"
"$339,900","265 Shaker Rd , Westfield, MA 01085"
"$399,900","73 Llewellyn Dr , Westfield, MA 01085"
"$179,900","351 Root Rd , Westfield, MA 01085"
"$299,900","180 Eastwood Dr , Westfield, MA 01085"
"$279,900","93 George St , Westfield, MA 01085"
"$116,000","119 UNION ST APT 2, WESTFIELD, MA 01085"
"$229,900","109 Little River Rd , Westfield, MA 01085"
"$135,000","0 Nicholas Ln , Hampden, MA 01085"
"$358,000","10 Daniel Rdg , Westfield, MA 01085"
"$214,900","8 Woronoco Ave , Westfield, MA 01085"
"$279,900","57 Western Ave , Westfield, MA 01085"
"$369,900","65 Kane Brothers Cir , Westfield, MA 01085"
"$374,900","15 Eastwood Dr , Westfield, MA 01085"
"$199,987","6 Belmont St , Westfield, MA 01085"
"$189,900","8 Birch Bluffs Dr , Westfield, MA 01085"
"$598,500","270 North Rd , Westfield, MA 01085"
"$164,900","50 Dartmouth St , Westfield, MA 01085"
"$359,000","10 Woodland Rd , Westfield, MA 01085"
"$155,000","85 Mechanic St , Westfield, MA 01085"
