"$245,175+","231 West St # VIRLK0, West Hatfield, MA 01088"
"$304,900","176 LINSEED RD , WEST HATFIELD, MA 01088"
"$389,900","3 OLD STAGE RD , WEST HATFIELD, MA 01088"
"$358,575+","231 West St # K98CV9, West Hatfield, MA 01088"
"$211,225+","231 West St # SS7ERH, West Hatfield, MA 01088"
"$342,125+","231 West St # DMY1Y5, West Hatfield, MA 01088"
"$935,900+","231 West St # NAXR3D, West Hatfield, MA 01088"
"$244,475+","231 West St # TR2N1R, West Hatfield, MA 01088"
"$314,300+","231 West St # JF4C2A, West Hatfield, MA 01088"
"$484,925+","231 West St # S0NVC7, West Hatfield, MA 01088"
"$313,425+","231 West St # 4CQWWI, West Hatfield, MA 01088"
"$849,000","0 West St , Hatfield, MA 01088"
"$368,725+","231 West St # NX5RNV, West Hatfield, MA 01088"
"$414,575+","231 West St # AFM6HV, West Hatfield, MA 01088"
"$445,900+","231 West St # FYP640, West Hatfield, MA 01088"
