"$138,600","972 MORGAN RD , WEST SPRINGFIELD, MA 01089"
"$174,900","163 ALBERT ST , WEST SPRINGFIELD, MA 01089"
"$189,900","123 GREYSTONE AVE , WEST SPRINGFIELD, MA 01089"
"$339,900","829 PIPER RD , WEST SPRINGFIELD, MA 01089"
"$299,900","29 ADRIAN AVE , WEST SPRINGFIELD, MA 01089"
"$250,000","14 UPPER BEVERLY HLS , WEST SPRINGFIELD, MA 01089"
"$199,900","1520 WESTFIELD ST , WEST SPRINGFIELD, MA 01089"
"$248,000","7 PARK DR , WEST SPRINGFIELD, MA 01089"
"$219,999","74 FORRIS ST , WEST SPRINGFIELD, MA 01089"
"$249,900","67 SAGAMORE RD , WEST SPRINGFIELD, MA 01089"
"$385,000","84 HILL ST , WEST SPRINGFIELD, MA 01089"
"$649,900","147 PEACHSTONE GLN , WEST SPRINGFIELD, MA 01089"
"$349,900","27 GOLDENVIEW DR , WEST SPRINGFIELD, MA 01089"
"$749,900","48 ALEXANDER DR , WEST SPRINGFIELD, MA 01089"
"$248,500","12 Sprague St # 14, West Springfield, MA 01089"
"$289,000","1103 MORGAN RD , WEST SPRINGFIELD, MA 01089"
"$250,000","930 PIPER RD , WEST SPRINGFIELD, MA 01089"
"$210,999","148 VAN HORN ST , WEST SPRINGFIELD, MA 01089"
"$180,000","13 CHAPIN ST , WEST SPRINGFIELD, MA 01089"
"$489,000","6 LENNYS WAY , WEST SPRINGFIELD, MA 01089"
$136K,"202 GREYSTONE AVE , WEST SPRINGFIELD, MA 01089"
"$2,900,000","170 QUARRY RD , WEST SPRINGFIELD, MA 01089"
"$234,900","216 Farmer Brown Ln , West Springfield, MA 01089"
"$275,000","15 LABELLE ST , WEST SPRINGFIELD, MA 01089"
"$337,560","255 DEWEY ST , WEST SPRINGFIELD, MA 01089"
