"$170,000","26 LAKE SHORE DR , WALES, MA 01081"
"$228,900","23 MCBRIDE RD , WALES, MA 01081"
"$245,000","33 MONSON RD , WALES, MA 01081"
"$209,900","95 HAYNES HILL RD , WALES, MA 01081"
"$109,900","16 LAKE SHORE DR , WALES, MA 01081"
"$55,900","16 HIDDEN ACRES RD , WALES, MA 01081"
"$54,500","15 WALKER RD , WALES, MA 01081"
"$80,600","6 MAIN ST , WALES, MA 01081"
"$79,900","19 Ash Ln , Wales, MA 01081"
"$280,000","41 FOUNTAIN RD , WALES, MA 01081"
"$289,900","22 HOLLAND RD , WALES, MA 01081"
"$389,900","8 SHAW RD , WALES, MA 01081"
"$319,000","55 FOUNTAIN RD , WALES, MA 01081"
"$25,000","77 Mount Hitchcock Rd , Wales, MA 01081"
"$65,000","214 UNION RD , WALES, MA 01081"
"$42,000","87 MONSON RD , WALES, MA 01081"
"$75,000","52 LAKE GEORGE RD , WALES, MA 01081"
"$25,000","102 HOLLOW RD , WALES, MA 01081"
"$15,847","145 MAIN ST , WALES, MA 01081"
"$19,847","76 MCBRIDE RD , WALES, MA 01081"
