"$186,000","177 OSBORNE RD , WARE, MA 01082"
"$109,500","90 W MAIN ST , WARE, MA 01082"
"$199,900","2322 Greenwich Rd , Hardwick, MA 01082"
"$249,900","282 PALMER RD , WARE, MA 01082"
"$139,900","39 BANK ST , WARE, MA 01082"
"$229,900","150 Collins Rd , Hardwick, MA 01082"
"$273,500","50 BACON RD , WARE, MA 01082"
"$165,000"," Lots 1 & 2 Old Gilbertville Rd , Ware, MA 01082"
"$36,000","221 North St Trlr 7, Ware, MA 01082"
"$495,000","3518 Greenwich Rd , Hardwick, MA 01082"
"$54,500","20 RIVER RD , WARE, MA 01082"
"$50,000","51 MONSON TURNPIKE RD , WARE, MA 01082"
"$154,900","180 OLD BELCHERTOWN RD , WARE, MA 01082"
"$40,000","72 PULASKI ST , WARE, MA 01082"
"$234,900","19 JUNIPER HILL RD , WARE, MA 01082"
$146K,"129 GREENWICH RD , WARE, MA 01082"
$231K,"6 GWEN CIR , WARE, MA 01082"
"$239,000","146 Upper Church St , Ware, MA 01082"
"$49,900","11 Pleasant Ter , Ware, MA 01082"
$86K,"15 WAREBROOK VLG , WARE, MA 01082"
"$55,000","6 Coldbrook Dr , Ware, MA 01082"
"$55,000","29 Coldbrook Dr , Ware, MA 01082"
"$59,900","60 Pulaski St , Ware, MA 01082"
"$23,375","3 OLD POOR FARM RD , WARE, MA 01082"
"$469,900","20 MATTSON BLVD , WARE, MA 01082"
