"$875,000","133 OLD POST RD , WORTHINGTON, MA 01098"
"$749,000","102 CLARK RD , WORTHINGTON, MA 01098"
"$219,000","125 CUDWORTH RD , WORTHINGTON, MA 01098"
"$998,000","163 Huntington Rd , Worthington, MA 01098"
"$129,000","561 DINGLE RD , WORTHINGTON, MA 01098"
"$195,000","49 BUFFINGTON HILL RD , WORTHINGTON, MA 01098"
"$199,900","217 HUNTINGTON RD , WORTHINGTON, MA 01098"
"$49,000","51 WILLIAMSBURG RD , WORTHINGTON, MA 01098"
"$49,900","43-A E River Rd , Middlefield, MA 01098"
"$109,900","0 Huntington Rd , Worthington, MA 01098"
"$25,000","570 DINGLE RD , WORTHINGTON, MA 01098"
"$49,900","M0411 L41 Huntington Rd , Worthington, MA 01098"
"$339,000","0 Starkweather Hill Rd , Worthington, MA 01098"
"$539,000","11 OLD POST RD , WORTHINGTON, MA 01098"
"$269,000","79 RIVER RD , WORTHINGTON, MA 01098"
"$40,000","493 WEST ST , WORTHINGTON, MA 01098"
