"$875,000","18 VILLAGE HILL RD , WILLIAMSBURG, MA 01096"
"$365,000","49 VILLAGE HILL RD , WILLIAMSBURG, MA 01096"
"$385,000","269 OLD GOSHEN RD , WILLIAMSBURG, MA 01096"
"$285,000","36 HYDE HILL RD , WILLIAMSBURG, MA 01096"
"$279,000","185 SUGAR HILL RD , WILLIAMSBURG, MA 01096"
"$200,000","2 Chesterfield Rd , Williamsburg, MA 01096"
"$519,900","123 PETTICOAT HILL RD , WILLIAMSBURG, MA 01096"
"$269,900","147 GOSHEN RD , WILLIAMSBURG, MA 01096"
"$209,900","202 S Chesterfield Rd , Williamsburg, MA 01096"
"$899,000","122 PETTICOAT HILL RD , WILLIAMSBURG, MA 01096"
"$599,000","74 VILLAGE HILL RD , WILLIAMSBURG, MA 01096"
"$359,000","11 N Main St # R, Williamsburg, MA 01096"
"$90,000","146 ASHFIELD RD , WILLIAMSBURG, MA 01096"
"$85,000","0 Ashfield Rd , Williamsburg, MA 01096"
"$39,000","40 Goshen Rd , Williamsburg, MA 01096"
