"$335,000","8 RUSSELL RD , WILBRAHAM, MA 01095"
"$249,900","37 BROOKSIDE DR , WILBRAHAM, MA 01095"
"$314,900","35 BROOKMONT DR , WILBRAHAM, MA 01095"
"$199,900","238 3 Rivers Rd , Wilbraham, MA 01095"
"$319,900","274 SOULE RD , WILBRAHAM, MA 01095"
"$199,000","1016 MAIN ST , WILBRAHAM, MA 01095"
"$384,000","560 STONY HILL RD , WILBRAHAM, MA 01095"
"$194,900","3160 BOSTON RD , WILBRAHAM, MA 01095"
"$294,900","15 WESTERNVIEW DR , WILBRAHAM, MA 01095"
"$299,900","13 STIRLING DR , WILBRAHAM, MA 01095"
"$149,900","14 DEVONSHIRE DR , WILBRAHAM, MA 01095"
"$439,900","820 TINKHAM RD , WILBRAHAM, MA 01095"
"$169,900","16 BELLOWS RD , WILBRAHAM, MA 01095"
"$299,900","780 TINKHAM RD , WILBRAHAM, MA 01095"
"$434,900","39 BENNETT RD , WILBRAHAM, MA 01095"
"$799,000","13 OVERLOOK DR , WILBRAHAM, MA 01095"
"$274,900","575 RIDGE RD , WILBRAHAM, MA 01095"
"$219,900","5 FERNWOOD DR , WILBRAHAM, MA 01095"
"$424,811","57 GLENN DR , WILBRAHAM, MA 01095"
"$269,000","7 BUNGALOW PT , WILBRAHAM, MA 01095"
"$399,900","685 MAIN ST , WILBRAHAM, MA 01095"
"$619,000","8 WANDERING MDWS , WILBRAHAM, MA 01095"
"$215,900","24 BRIAR CLIFF DR , WILBRAHAM, MA 01095"
"$324,900","1 MEADOWVIEW RD , WILBRAHAM, MA 01095"
