$1.05M,"220 Commercial St # 1R, Boston, MA 02109"
"$899,900","139 FULTON ST APT 5, BOSTON, MA 02109"
"$2,399,000","2 BATTERY WHARF # 2508, BOSTON, MA 02109"
"$549,000","300 COMMERCIAL ST APT 312, BOSTON, MA 02109"
"$714,900","120 COMMERCIAL ST APT 5-3, BOSTON, MA 02109"
"$549,900","300 COMMERCIAL ST APT 310, BOSTON, MA 02109"
"$5,500,000"," Battery Wharf , Boston, MA 02109"
"$5,500,000","4 Battery Wharf # 4611, Boston, MA 02109"
"$1,195,000","376 COMMERCIAL ST APT 4E, BOSTON, MA 02109"
"$2,100,000","402 Commercial St , Boston, MA 02109"
"$575,000","357 COMMERCIAL ST APT 14, BOSTON, MA 02109"
"$625,000","357 Commercial St Apt 004, Boston, MA 02109"
"$725,000","120 Fulton St # DE, Boston, MA 02109"
"$2,095,000","100 State St Fl 5, Boston, MA 02109"
"$579,000","147-149 Richmond St # 4, Boston, MA 02109"
"$839,000","357 COMMERCIAL ST APT 815, BOSTON, MA 02109"
"$1,100,000","199 STATE ST UNIT 101, BOSTON, MA 02109"
"$2,100,000","402 COMMERCIAL ST APT 3, BOSTON, MA 02109"
"$990,000","2 BATTERY WHARF # 2307, BOSTON, MA 02109"
"$675,000","300 COMMERCIAL ST APT 501, BOSTON, MA 02109"
"$699,000","99 FULTON ST APT 6-1, BOSTON, MA 02109"
