"$499,990","21 BEACON ST , BOSTON, MA 02108"
"$1,150,000","140 MOUNT VERNON ST APT 1, BOSTON, MA 02108"
"$2,895,000","45 PROVINCE ST APT 2305, BOSTON, MA 02108"
"$689,000","75 CHESTNUT ST APT 13, BOSTON, MA 02108"
"$1,899,000","21 W CEDAR ST # 3, BOSTON, MA 02108"
"$1,425,000","80 BEACON ST # 22, BOSTON, MA 02108"
"$3,299,000","3 Winter Pl Ph 4, Boston, MA 02108"
"$4,175,000","142 Chestnut St Apt 9, Boston, MA 02108"
"$15,995,000","89 BEACON ST , BOSTON, MA 02108"
"$8,250,000","49 Mount Vernon St # 2, Boston, MA 02108"
"$8,995,000","77 CHESTNUT ST , BOSTON, MA 02108"
"$1,795,000","7 OTIS PL # 1, BOSTON, MA 02108"
"$8,495,000","33 Beaver Pl , Boston, MA 02108"
"$3,395,000","4 ACORN ST , BOSTON, MA 02108"
"$2,630,000","94 BEACON ST APT 5, BOSTON, MA 02108"
"$7,750,000","14 CHESTNUT ST , BOSTON, MA 02108"
"$5,900,000","90 Chestnut St , Boston, MA 02108"
"$8,995,000","7 Mount Vernon Pl , Boston, MA 02108"
"$5,900,000","20 Beacon St , Boston, MA 02108"
"$3,595,000","86 Chestnut St , Boston, MA 02108"
"$6,400,000","32 LIME ST , BOSTON, MA 02108"
"$3,695,000","73 Mount Vernon St Apt 1, Boston, MA 02108"
"$3,990,000","62 Beacon St # 1, Boston, MA 02108"
"$2,769,000","33 BRIMMER ST # C, BOSTON, MA 02108"
"$1,439,000","45 PROVINCE ST APT 2202, BOSTON, MA 02108"
