"$349,000","35 Circuit St # 1, Boston, MA 02119"
"$555,000","178 Thornton St # 2, Boston, MA 02119"
"$499,000","2 Saint James Pl , Boston, MA 02119"
"$659,000","178 Thornton St # 4, Boston, MA 02119"
"$542,000","2 Alpine Pl , Boston, MA 02119"
"$429,900","88 Cedar St Apt 3, Boston, MA 02119"
"$675,000","130 Thornton St # 2, Boston, MA 02119"
"$2,550,000","50 Townsend St # 52, Boston, MA 02119"
"$749,000","130 Thornton St # 1, Boston, MA 02119"
"$1,031,031","47 Notre Dame St , Roxbury, MA 02119"
"$849,900","14-16 WELD AVE , BOSTON, MA 02119"
$396K,"143 Mount Pleasant Ave , Boston, MA 02119"
$200K,"66 Saint James St Apt 106, Boston, MA 02119"
"$499,000","67 Whiting St , Boston, MA 02119"
"$439,900","90 Walnut Ave , Boston, MA 02119"
"$529,000","2-6 Guild St # 4, Boston, MA 02119"
"$629,000","12 Thwing St , Boston, MA 02119"
"$499,000","67 Whiting St # 3, Boston, MA 02119"
"$439,900","90 Walnut Ave # 1, Boston, MA 02119"
"$675,000","128 Thornton St # 2, Boston, MA 02119"
"$75,000","47 Woodbine St , Boston, MA 02119"
"$699,999","1 Ellis St # 2, Boston, MA 02119"
"$674,900","210 Blue Hill Ave , Boston, MA 02119"
