"$18,000,000","45 Temple St # 1, Boston, MA 02114"
"$660,000+","100 Lovejoy Wharf # I068ZM, Boston, MA 02114"
"$499,900","23 TEMPLE ST APT 5, BOSTON, MA 02114"
"$1,154,000","47 JOY ST # 1, BOSTON, MA 02114"
"$649,000","112 PINCKNEY ST APT 1, BOSTON, MA 02114"
"$1,800,000","100 Lovejoy Pl # D5, Boston, MA 02114"
"$995,000+","100 Lovejoy Wharf # 3QU4MM, Boston, MA 02114"
"$479,000","9 HAWTHORNE PL APT 2L, BOSTON, MA 02114"
"$1,425,000","100 Lovejoy Pl # 12H, Boston, MA 02114"
"$860,000+","100 Lovejoy Wharf # 3BRYSD, Boston, MA 02114"
"$615,000","6 Whittier Pl # 120, Boston, MA 02114"
"$630,000","6 WHITTIER PL APT 15O, BOSTON, MA 02114"
"$620,000","6 WHITTIER PL APT 12A, BOSTON, MA 02114"
"$1,475,000","3 ROLLINS PL , BOSTON, MA 02114"
"$3,150,000","17 Hancock St # 2, Boston, MA 02114"
"$1,895,000","19 JOY ST # B, BOSTON, MA 02114"
"$4,542,313","45 Temple St # 311, Boston, MA 02114"
"$1,375,000","100 Lovejoy Pl # 3G, Boston, MA 02114"
"$649,000","13 BOWDOIN ST APT 3C, BOSTON, MA 02114"
"$2,778,480","45 Temple St # 408, Boston, MA 02114"
"$3,757,511","45 Temple St # 603, Boston, MA 02114"
"$759,000","121 Portland St Unit 609, Boston, MA 02114"
"$1,366,000","45 Temple St # 104, Boston, MA 02114"
"$549,000","121 Portland St Unit 406, Boston, MA 02114"
