"$3,175,000","51 APPLETON ST , BOSTON, MA 02116"
"$6,695,000","150 BEACON ST APT 3, BOSTON, MA 02116"
"$1,200,000","21 MELROSE ST APT 2, BOSTON, MA 02116"
"$2,299,000","35 WINCHESTER ST , BOSTON, MA 02116"
"$759,000","74 COMMONWEALTH AVE APT 6, BOSTON, MA 02116"
"$1,349,000","310 COLUMBUS AVE APT 4, BOSTON, MA 02116"
"$549,000","35 LAWRENCE ST APT 4, BOSTON, MA 02116"
"$649,000","271 Dartmouth St Apt 3H, Boston, MA 02116"
"$2,385,000","11 KNOX ST , BOSTON, MA 02116"
"$489,000","3 APPLETON ST APT 504, BOSTON, MA 02116"
"$995,000","250 COMMONWEALTH AVE APT 9, BOSTON, MA 02116"
"$529,000","9 APPLETON ST APT 408, BOSTON, MA 02116"
"$729,000","41 Warren Ave Apt G, Boston, MA 02116"
"$13,000,000","122 Commonwealth Ave , Boston, MA 02116"
"$1,550,000","212 W CANTON ST APT 3, BOSTON, MA 02116"
"$774,000","22 CHURCH ST # 4, BOSTON, MA 02116"
"$2,395,000","341 BEACON ST APT 4C, BOSTON, MA 02116"
"$875,000","132 COMMONWEALTH AVE APT 8, BOSTON, MA 02116"
"$5,350,000","9 Commonwealth Ave Apt 5, Boston, MA 02116"
"$1,350,000","110 STUART ST UNIT 25H, BOSTON, MA 02116"
"$925,000","1 CHARLES ST S UNIT 501, BOSTON, MA 02116"
"$5,675,000","117 Beacon St # 1, Boston, MA 02116"
"$589,900","207 COMMONWEALTH AVE APT 1, BOSTON, MA 02116"
"$3,500,000","345 Beacon St # 1S, Boston, MA 02116"
"$2,995,000","7 Warren Ave Penthouse 18, Boston, MA 02116"
