"$479,000","75 BURBANK ST APT 505, BOSTON, MA 02115"
"$369,000","362 Commonwealth Ave , Boston, MA 02115"
"$1,475,000","449 BEACON ST APT 9, BOSTON, MA 02115"
"$2,789,000","102 SAINT BOTOLPH ST , BOSTON, MA 02115"
"$699,000","362 COMMONWEALTH AVE APT 6F, BOSTON, MA 02115"
"$1,795,000","333 COMMONWEALTH AVE APT 6, BOSTON, MA 02115"
"$5,850,000","480 BEACON ST # 1, BOSTON, MA 02115"
"$1,895,000","484 BEACON ST APT 2, BOSTON, MA 02115"
"$699,900","133 SAINT BOTOLPH ST APT 4, BOSTON, MA 02115"
"$589,000","12 STONEHOLM ST APT 323, BOSTON, MA 02115"
"$549,000","114 FENWAY # G1, BOSTON, MA 02115"
"$2,800,000","10 GLOUCESTER ST , BOSTON, MA 02115"
"$1,725,000","327 COMMONWEALTH AVE APT 5, BOSTON, MA 02115"
"$599,000","43 Westland Ave Unit 510, Boston, MA 02115"
"$5,399,000","334 MARLBOROUGH ST , BOSTON, MA 02115"
"$1,490,000","290 COMMONWEALTH AVE APT 17, BOSTON, MA 02115"
"$1,495,000","376 MARLBOROUGH ST # 6, BOSTON, MA 02115"
"$1,299,000","393 Marlborough St , Boston, MA 02115"
"$4,495,000","474 Beacon St # 1, Boston, MA 02115"
"$2,950,000","17 Cumberland St # 1, Boston, MA 02115"
"$559,000","12 STONEHOLM ST APT 315, BOSTON, MA 02115"
"$7,400,000","401 Beacon St Apt 2B, Boston, MA 02115"
"$4,750,000","329 COMMONWEALTH AVE APT 5, BOSTON, MA 02115"
"$6,600,000","401 Beacon St # IV, Boston, MA 02115"
"$1,800,000","329 COMMONWEALTH AVE APT 1, BOSTON, MA 02115"
