"$1,375,000","580 Washington St # 203, Boston, MA 02111"
"$1,900,000","35 KINGSTON ST APT 5, BOSTON, MA 02111"
"$2,200,000","580 Washington St # 1203, Boston, MA 02111"
"$669,000","42 Chauncy St Apt 5C, Boston, MA 02111"
"$3,095,000","1 AVERY ST APT 19B, BOSTON, MA 02111"
"$1,900,000","2 AVERY ST APT 18H, BOSTON, MA 02111"
"$1,995,000","580 Washington St # 508, Boston, MA 02111"
"$1,049,000","580 Washington St # 310, Boston, MA 02111"
"$1,675,000","580 Washington St # 15F, Boston, MA 02111"
"$1,425,000","1 AVERY ST APT 18F, BOSTON, MA 02111"
"$30,000","151 Tremont St. Ll # 131, Boston, MA 02111"
"$3,245,000","111 Beach St # 2H/I, Boston, MA 02111"
"$1,499,000","1 NASSAU ST UNIT 2201, BOSTON, MA 02111"
"$1,325,000","170 TREMONT ST APT 1604, BOSTON, MA 02111"
"$60,000","151 Tremont St. Ul # 259, Boston, MA 02111"
"$1,250,000","151 TREMONT ST APT 25D, BOSTON, MA 02111"
"$859,900","3 AVERY ST UNIT 401, BOSTON, MA 02111"
"$7,900,000","2 Avery St Penthouse 2B, Boston, MA 02111"
"$1,200,000","170 TREMONT ST APT 1704, BOSTON, MA 02111"
"$2,499,000","1 AVERY ST APT 20A, BOSTON, MA 02111"
"$2,999,999","1 AVERY ST APT 20B, BOSTON, MA 02111"
"$1,575,000","1 AVERY ST APT 16G, BOSTON, MA 02111"
"$2,595,000","1 AVERY ST APT 29D, BOSTON, MA 02111"
"$3,495,000","1 AVERY ST APT 22B, BOSTON, MA 02111"
"$689,900","3 AVERY ST UNIT 803, BOSTON, MA 02111"
