"$585,000","62 N MARGIN ST APT 1, BOSTON, MA 02113"
"$679,000","36 HULL ST APT 8, BOSTON, MA 02113"
"$595,000","105 Prince St # 1, Boston, MA 02113"
"$699,900","3 Prince St # 3, Boston, MA 02113"
"$685,000","19 WIGET ST APT 302, BOSTON, MA 02113"
"$4,995,000","93 CHARTER ST , BOSTON, MA 02113"
"$760,000","137 Salem St # 2, Boston, MA 02113"
"$2,299,000","8 Unity St , Boston, MA 02113"
"$2,095,000","126 Salem St # 9, Boston, MA 02113"
"$949,000","126 Salem St # 6, Boston, MA 02113"
"$995,000","126 Salem St # 3, Boston, MA 02113"
"$4,395,000","17 Thacher St , Boston, MA 02113"
