"$2,150,000","1 Franklin St # 1404, Boston, MA 02110"
"$1,459,000","63 Atlantic Ave Apt 6D, Boston, MA 02110"
"$2,849,000","1 Franklin St Unit 3508, Boston, MA 02110"
"$1,950,000","1 Franklin St Apt 1607, Boston, MA 02110"
"$634,900","80 BROAD ST UNIT 605, BOSTON, MA 02110"
"$1,175,000","65 E INDIA ROW APT 8B, BOSTON, MA 02110"
"$2,395,000","85 E India Row # 4AB, Boston, MA 02110"
"$5,350,000","1 Franklin St # 3703, Boston, MA 02110"
"$5,750,000","110 Broad St Ph 2, Boston, MA 02110"
"$2,585,000","110 Broad St # 304, Boston, MA 02110"
"$2,800,000","110 Broad St # 504, Boston, MA 02110"
"$2,150,000","1 Franklin St Unit 1404, Boston, MA 02110"
"$1,799,000","80 Broad St Penthouse 1102, Boston, MA 02110"
"$4,295,000","1 Franklin St # 3704, Boston, MA 02110"
"$1,799,000","80 Broad St Ph 1102, Boston, MA 02110"
"$2,900,000","1 Franklin St # 3702, Boston, MA 02110"
"$3,685,000","110 Broad St # 803, Boston, MA 02110"
"$1,225,000","1 Franklin St Unit 1011, Boston, MA 02110"
"$569,000","99-105 Broad St # 6F, Boston, MA 02110"
"$2,995,000","1 Franklin St # 3901, Boston, MA 02110"
"$1,280,000","1 Franklin St # 1601, Boston, MA 02110"
"$2,900,000","1 Franklin St Unit 3401, Boston, MA 02110"
"$2,150,000","1 Franklin St Unit 1708, Boston, MA 02110"
"$3,845,000","110 Broad St # 901, Boston, MA 02110"
"$1,690,000","80 Summer St # 5, Boston, MA 02110"
