"$3,295,000","85 PEMBROKE ST # 1, BOSTON, MA 02118"
"$775,000","40 Traveler St # 512, Boston, MA 02118"
"$1,850,000","18 UPTON ST # 2, BOSTON, MA 02118"
"$925,000","35 WORCESTER ST # 1, BOSTON, MA 02118"
"$2,495,000","103 W SPRINGFIELD ST , BOSTON, MA 02118"
"$925,000","140 Shawmut Ave Unit 3F, Boston, MA 02118"
"$2,275,000","481 Harrison Ave Unit 4B, Boston, MA 02118"
"$1,650,000","41 UPTON ST # 1, BOSTON, MA 02118"
"$2,495,000","2 Cumston St # 2, Boston, MA 02118"
"$2,995,000","83 WALTHAM ST # 3, BOSTON, MA 02118"
"$660,000","1670 WASHINGTON ST APT 5, BOSTON, MA 02118"
"$900,000","758 TREMONT ST # 2, BOSTON, MA 02118"
"$2,200,000","485 Harrison Ave # 402, Boston, MA 02118"
"$602,193","13 Waltham St Apt B-309, Boston, MA 02118"
"$699,000","48 E SPRINGFIELD ST APT 4, BOSTON, MA 02118"
"$869,000","552 MASSACHUSETTS AVE APT 4, BOSTON, MA 02118"
"$879,000","682 TREMONT ST # 3, BOSTON, MA 02118"
"$619,000","99 E BROOKLINE ST APT 2, BOSTON, MA 02118"
"$2,750,000","161 W BROOKLINE ST , BOSTON, MA 02118"
"$1,239,000","511 Massachusetts Ave , Boston, MA 02118"
"$659,000","75 WALTHAM ST APT 1, BOSTON, MA 02118"
"$950,000","26 UPTON ST # 2, BOSTON, MA 02118"
"$719,500","1597 WASHINGTON ST APT 604, BOSTON, MA 02118"
"$1,765,000","10 WORCESTER SQ APT 2, BOSTON, MA 02118"
"$729,000","257 NORTHAMPTON ST UNIT 412, BOSTON, MA 02118"
