"$829,000","19 Frost Ave , Boston, MA 02122"
"$699,900","18 Glide St , Boston, MA 02122"
"$769,000","21 Sylvester Rd , Boston, MA 02122"
$587K,"4 Marie St , Boston, MA 02122"
"$745,000","160 Train St , Boston, MA 02122"
"$679,000","64 Pierce Ave , Boston, MA 02122"
"$949,354","716-718 ADAMS ST , BOSTON, MA 02122"
"$840,000","389 Centre St , Boston, MA 02122"
"$1,199,000","103 Dix St , Boston, MA 02122"
"$699,000","28 Park St # 1, Boston, MA 02122"
"$399,900","588 Adams St , Boston, MA 02122"
"$499,900","15 Centre Ct , Boston, MA 02122"
"$699,000","18 Holiday St , Boston, MA 02122"
"$2,000,000","36 Nahant Ave Apt 4, Boston, MA 02122"
"$349,000","675 Adams St , Boston, MA 02122"
"$375,000","343 Centre St # 1, Boston, MA 02122"
