"$599,000","59B Old Morton St , Boston, MA 02126"
"$349,000","69 Favre St , Boston, MA 02126"
"$410,000","188 Colorado St , Boston, MA 02126"
"$345,000","1000 Harvard St Apt 8, Boston, MA 02126"
"$569,000","89-91 EDGEWATER DR , BOSTON, MA 02126"
"$590,000","119 Hazelton St , Boston, MA 02126"
"$449,900","36 Burmah St , Boston, MA 02126"
"$349,900","1000 Harvard St Apt 3, Boston, MA 02126"
"$230,000","64 Tampa St , Boston, MA 02126"
"$239,000","9 Westmore Rd , Boston, MA 02126"
"$450,000","36 Fessenden St , Boston, MA 02126"
