"$299,900","5 Nottingham St , Boston, MA 02121"
"$250,000","416 Seaver St Apt 1, Boston, MA 02121"
"$248,814","24 Homestead St Apt 3, Boston, MA 02121"
"$499,900","25 Holborn St , Boston, MA 02121"
"$299,000","71-79 Brunswick St # 73B, Boston, MA 02121"
"$379,900","440 Warren St # 1, Boston, MA 02121"
"$759,900","26 Lawrence Ave , Boston, MA 02121"
"$388,000","27 Ellington St # 2, Boston, MA 02121"
"$399,900","440 Warren St # 2, Boston, MA 02121"
"$700,000","100 Intervale St , Boston, MA 02121"
"$460,000","34 Holborn St , Boston, MA 02121"
"$479,000","42 Deckard St # 2, Boston, MA 02121"
"$459,000","47 Oldfields Rd # 2, Boston, MA 02121"
"$799,000","9 Wayne St , Boston, MA 02121"
"$999,900","27 Howland St # 2, Boston, MA 02121"
"$1,295,000","80 Erie St , Boston, MA 02121"
"$499,000","42 Deckard St # 3, Boston, MA 02121"
"$399,999","15 Bullard St , Boston, MA 02121"
"$1,100,000","75 Ruthven St , Boston, MA 02121"
"$599,000","42 Deckard St # 1, Boston, MA 02121"
"$1,199,000","51 Hutchings St # 2, Boston, MA 02121"
"$1,575,000","69 Greenwood St , Boston, MA 02121"
"$750,000","18-20 Merrill St # 18-20, Dorchester, MA 02121"
