"$2,450,000","49 Monument Ave , Boston, MA 02129"
"$679,000","20 Soley St # 2, Boston, MA 02129"
"$549,000","5 Winthrop St # 1, Boston, MA 02129"
"$879,900","17 Prospect St # 2, Charlestown, MA 02129"
"$1,195,000","17 Prospect St # 1, Boston, MA 02129"
"$995,000","24 Oak St # 2, Boston, MA 02129"
"$1,249,000","93 Elm St , Boston, MA 02129"
"$1,425,000","30 Mount Vernon St # 1, Boston, MA 02129"
"$1,025,000","30 Oak St # 1, Boston, MA 02129"
"$625,000","32 Parker St Apt 1, Boston, MA 02129"
"$2,200,000","13 Adams St , Boston, MA 02129"
"$639,900","107 Russell St # 3, Boston, MA 02129"
"$674,900","13 Eden St # 3, Boston, MA 02129"
"$949,000","17 Prospect St # 3, Boston, MA 02129"
"$849,000","30 Monument Sq Apt 104, Boston, MA 02129"
"$859,000","42 8th St Apt 1506, Boston, MA 02129"
"$795,000","433 Bunker Hill St # 2, Boston, MA 02129"
"$689,000","22 Mystic St # 2, Boston, MA 02129"
"$699,000","42 8th St Apt 1411, Boston, MA 02129"
"$1,279,000","38 Sackville St , Boston, MA 02129"
"$799,000","259 Main St , Charlestown, MA 02129"
"$1,839,000","47A Monument Sq # A, Boston, MA 02129"
"$699,000","126 Elm St # 2, Boston, MA 02129"
"$849,000","65 Chelsea St Apt 407, Boston, MA 02129"
"$499,000","106 13th St Apt 124, Boston, MA 02129"
