"$379,900","650 Columbia Rd # 1, Boston, MA 02125"
"$379,900","648 Columbia Rd # 3, Boston, MA 02125"
"$749,000","76 Mayfield St , Boston, MA 02125"
"$709,000","15 Howell St # 3, Boston, MA 02125"
"$349,900","42 Monadnock St # 2, Boston, MA 02125"
"$529,000","7 Grampian Way # 2, Boston, MA 02125"
"$475,000","26 Peverell St # 2, Boston, MA 02125"
"$349,900","42 Monadnock St , Boston, MA 02125"
"$729,000","8 Sea View Ter # 1, Boston, MA 02125"
"$699,000","14 Whitby Ter # 1, Boston, MA 02125"
"$439,900","21 Cawfield St # 2, Boston, MA 02125"
"$699,000","246 Boston St # 3, Boston, MA 02125"
"$459,000","1 Dove St # 1, Boston, MA 02125"
"$379,900","648 Columbia Rd # 2, Boston, MA 02125"
"$699,000","246 Boston St # 2, Boston, MA 02125"
"$649,900","246 Boston St # 1, Boston, MA 02125"
"$575,000","2 Elton St # 1, Boston, MA 02125"
"$719,000","9 Bellflower St Apt 3, Boston, MA 02125"
"$625,000","76 Hamilton St , Boston, MA 02125"
"$1,865,000","17 Moseley St , Boston, MA 02125"
"$635,000","36 Elton St # 2, Boston, MA 02125"
"$1,197,000","56 Monadnock St , Boston, MA 02125"
"$1,100,000","1275 Massachusetts Ave , Boston, MA 02125"
"$849,000","175-175A Sydney St , Boston, MA 02125"
"$495,000","106 Sawyer Ave # 1, Boston, MA 02125"
