"$310,000","321-325 MERIDIAN ST UNIT 8, BOSTON, MA 02128"
"$749,900","13 MORRIS ST , BOSTON, MA 02128"
"$1,150,000","83 CHELSEA ST , BOSTON, MA 02128"
"$695,000+","90 Cottage St # TRB28M, Boston, MA 02128"
"$545,000","156 PORTER ST APT 356, BOSTON, MA 02128"
"$659,000+","90 Cottage St # F2WS0K, Boston, MA 02128"
"$999,900","40 W EAGLE ST , BOSTON, MA 02128"
"$599,000","312 Sumner St # 2, Boston, MA 02128"
"$399,000","74 LEYDEN ST , BOSTON, MA 02128"
"$320,000","396 MERIDIAN ST APT 4, BOSTON, MA 02128"
"$699,000","312 Sumner St # 1, Boston, MA 02128"
"$560,000","312 Sumner St # 3, Boston, MA 02128"
"$799,000","202 FALCON ST , BOSTON, MA 02128"
"$449,000","3 MORTON PL , BOSTON, MA 02128"
"$599,000","19 Chelsea St # 3, Boston, MA 02128"
"$1,400,000","108 Chelsea St , Boston, MA 02128"
"$2,200,000","106 Chelsea St , Boston, MA 02128"
"$975,000","82 MARION ST , BOSTON, MA 02128"
"$560,000","312 Sumner St # 4, Boston, MA 02128"
"$549,000","78 TRENTON ST , BOSTON, MA 02128"
"$709,900","320 Maverick St # 503, Boston, MA 02128"
"$674,900","49 Leyden St # 5, Boston, MA 02128"
"$669,900","320 Maverick St # 305, Boston, MA 02128"
"$669,900","320 Maverick St # 405, Boston, MA 02128"
"$225,000","84 Condor St , Boston, MA 02128"
