"$419,900","27 W Tremlett St # 1, Boston, MA 02124"
"$839,000","27 Fairmount St , Boston, MA 02124"
"$269,999","59-69 Msgr Patrick J Lydon Way # 201, Boston, MA 02124"
"$749,000","131 Centre St , Boston, MA 02124"
$497K,"1051 Adams St , Boston, MA 02124"
"$529,900","39 Gallivan Blvd # 39, Boston, MA 02124"
"$489,900","18 Armandine St # 1, Boston, MA 02124"
"$519,000","2 -4 Hopestill St , Boston, MA 02124"
"$679,900","5-7 Louis Ter # 5A, Boston, MA 02124"
"$244,900","92 Whitfield St , Boston, MA 02124"
"$869,900","28 Ferndale St # 2, Boston, MA 02124"
"$575,000","19 Nightingale St , Boston, MA 02124"
"$659,900","30 Rugdale Rd , Boston, MA 02124"
"$524,900","13 Merlin St , Boston, MA 02124"
"$125,328","18 Mascot St , Boston, MA 02124"
"$899,900","65-69 Nightingale St # 1, Boston, MA 02124"
"$619,000","25 Saint Marks Rd , Boston, MA 02124"
"$249,900","25 Driscoll Dr , Boston, MA 02124"
"$725,000","43 Whitfield St # 2, Boston, MA 02124"
"$670,000","1241 Adams St # 609, Boston, MA 02124"
"$659,000","5 Stone Ter , Boston, MA 02124"
"$504,900","39 Rockne Ave , Boston, MA 02124"
"$449,000","166 Ashmont St # 5, Boston, MA 02124"
"$800,000","10 Centre Ave Apt 1, Boston, MA 02124"
