"$685,000","65 Averton St , Boston, MA 02131"
"$475,000","16 Wellsmere Rd , Boston, MA 02131"
"$454,000","148 Cornell St , Boston, MA 02131"
"$415,000","42 Fairview St # 42, Boston, MA 02131"
"$750,000","54 Mendum St , Boston, MA 02131"
"$499,000","41 Glendower Rd , Boston, MA 02131"
"$379,999","3 Ridge St # 3, Boston, MA 02131"
"$400,000","352 Beech St # 2, Boston, MA 02131"
"$989,000","35 Albano St , Boston, MA 02131"
"$799,000","34 Wyvern St # 34, Boston, MA 02131"
"$479,000","1 Fletcher St # 2, Boston, MA 02131"
"$519,000","78 Glencliff Rd , Boston, MA 02131"
"$439,000","43 Clare Ave # B, Boston, MA 02131"
"$988,900","76 Hemman St , Boston, MA 02131"
"$700,000","25 Brown Ave , Boston, MA 02131"
"$669,000","66 Catherine St # 66, Boston, MA 02131"
"$429,900","11 S Fairview St # 4, Boston, MA 02131"
"$395,000","6 Pinedale Rd , Roslindale, MA 02131"
"$589,900","242 Roslindale Ave , Boston, MA 02131"
"$509,000","10 Highfield Ter , Boston, MA 02131"
"$619,999","30 Highfield Rd , Boston, MA 02131"
"$649,900","39 Amherst St # 39, Boston, MA 02131"
"$649,900","39 Amherst St , Boston, MA 02131"
"$849,900","73 Bradfield Ave # 2, Boston, MA 02131"
"$599,900","39 Hewlett St , Boston, MA 02131"
