"$419,000","3 Cypress Rd Apt 305, Boston, MA 02135"
"$349,900","107 Bigelow St # 2, Boston, MA 02135"
"$699,900","124 Parsons St , Boston, MA 02135"
"$388,000","1666 Commonwealth Ave Apt 25, Boston, MA 02135"
"$539,000","120 Foster Ter , Boston, MA 02135"
"$579,500","1419 Commonwealth Ave Apt 403, Boston, MA 02135"
"$475,000","574 Washington St # 3, Boston, MA 02135"
"$399,900","2039 Commonwealth Ave Apt 3, Boston, MA 02135"
"$298,000","26 Commonwealth Ter Apt 1, Boston, MA 02135"
"$439,000","28 Ransom Rd Apt 10, Boston, MA 02135"
"$535,000","126 Kilsyth Rd Apt 2, Boston, MA 02135"
"$524,900","2 Sutherland Rd Apt 54, Boston, MA 02135"
"$535,000","22 Lake Shore Ter Apt 1, Boston, MA 02135"
"$309,900","5 Braemore Rd Apt 19, Boston, MA 02135"
"$799,900","99 Brooks St , Boston, MA 02135"
"$369,000","8 Ransom Rd Apt 4, Boston, MA 02135"
"$950,000","38 Matchett St , Boston, MA 02135"
"$1,290,000","9 Shepard St , Boston, MA 02135"
"$459,900","140 Kenrick St Apt 8, Boston, MA 02135"
"$679,900","709-711 WASHINGTON ST # 711, BOSTON, MA 02135"
"$439,000","318 Summit Ave Apt 7, Boston, MA 02135"
"$1,695,000","118 Huntington Rd # 110G, Boston, MA 02135"
"$999,000","67-69 NONANTUM ST , BOSTON, MA 02135"
"$909,000","1650 Commonwealth Ave # 405, Boston, MA 02135"
"$629,000","153 Chiswick Rd Apt 3, Boston, MA 02135"
