"$689,000","460 Baker St , Boston, MA 02132"
"$389,000","1212 Vfw Pkwy Apt 24, Boston, MA 02132"
"$389,000","24 Joyce Kilmer Rd # 2, Boston, MA 02132"
"$459,900","89 Northdale Rd , Boston, MA 02132"
"$949,000","61 Russett Rd , Boston, MA 02132"
"$769,900","20 Willet St , Boston, MA 02132"
"$625,000","4 Temple Ter , Boston, MA 02132"
"$549,900","2197 Centre St , Boston, MA 02132"
"$469,900","720 Vfw Pkwy , Boston, MA 02132"
"$499,900","36 Miami Ave , Boston, MA 02132"
"$679,000","28 Russett Rd , Boston, MA 02132"
"$629,900","55 Avalon Rd , Boston, MA 02132"
"$549,900","11 Atlantis St , Boston, MA 02132"
"$1,150,000","86 Hastings St , Boston, MA 02132"
"$499,900","20 Gould St , Boston, MA 02132"
"$529,000","841 Lagrange St Unit 4, Boston, MA 02132"
"$589,000","26 Stearns Rd , Boston, MA 02132"
"$1,395,000","20 Pelton St , Boston, MA 02132"
"$1,299,900","131 Maple St , West Roxbury, MA 02132"
"$799,000","10 Ledgewood Rd , Boston, MA 02132"
"$899,900","133 Maple St , Boston, MA 02132"
"$355,000","25 Rockland St # 4, Boston, MA 02132"
"$829,000","270-272 WILLOW ST , BOSTON, MA 02132"
"$495,000","212 Stimson St , Boston, MA 02132"
"$799,900","69 Buchanan Rd , Boston, MA 02132"
