"$634,900","26 Williams Ave , Boston, MA 02136"
"$399,000","14 Bradlee Ct , Boston, MA 02136"
"$419,000","20 Hillis Rd , Boston, MA 02136"
"$500,000","54 CHARLES ST , BOSTON, MA 02136"
"$478,900","9 Bradlee St , Boston, MA 02136"
"$229,000","800 Hyde Park Ave Apt 28, Boston, MA 02136"
"$499,000","42 Mariposa St , Boston, MA 02136"
"$599,000","58 Summit St , Boston, MA 02136"
"$469,000","95 Sunnyside St # 1, Boston, MA 02136"
"$429,000","18 Business Ter # A, Boston, MA 02136"
"$510,000","3 Windham Rd , Boston, MA 02136"
"$259,900","4 Victoria Heights Rd , Boston, MA 02136"
"$159,000","623 Cummins Hwy Apt E, Boston, MA 02136"
"$499,900","41 Dietz Rd , Boston, MA 02136"
"$295,000","33 Mariposa St , Boston, MA 02136"
"$499,900","34 Hallron St , Boston, MA 02136"
"$354,900","16 Alwin St # 16, Boston, MA 02136"
"$490,000","120 Bradlee St Apt 7, Boston, MA 02136"
"$615,000","25 Victoria Heights Rd , Boston, MA 02136"
