"$1,295,000","351 WESTERN AVE , CAMBRIDGE, MA 02139"
"$675,000","11 TUFTS ST APT 2, CAMBRIDGE, MA 02139"
"$729,000","14 SUFFOLK ST # 1, CAMBRIDGE, MA 02139"
"$1,695,000","147 Prospect St # 3, Cambridge, MA 02139"
"$1,399,000","13 GARDNER RD , CAMBRIDGE, MA 02139"
"$968,000","39 PRINCE ST # 2, CAMBRIDGE, MA 02139"
"$489,000","27 LAWRENCE ST # A, CAMBRIDGE, MA 02139"
"$1,600,000","47 GRANITE ST , CAMBRIDGE, MA 02139"
"$539,000","285 HARVARD ST APT 405, CAMBRIDGE, MA 02139"
"$2,890,000","2 ELLSWORTH PARK , CAMBRIDGE, MA 02139"
"$4,750,000","41 PLEASANT ST , CAMBRIDGE, MA 02139"
"$800,000","150 HAMPSHIRE ST APT 6, CAMBRIDGE, MA 02139"
"$449,800","29A Tremont St Apt 3L, Cambridge, MA 02139"
"$799,000","149 Hamilton St # 2, Cambridge, MA 02139"
"$749,000","37 FAIRMONT ST # 3, CAMBRIDGE, MA 02139"
"$3,950,000","51 Howard St # 55, Cambridge, MA 02139"
"$1,190,000","3 CRAWFORD ST APT 2, CAMBRIDGE, MA 02139"
"$1,828,000","170 BROOKLINE ST , CAMBRIDGE, MA 02139"
"$2,100,000","123 Kinnaird St # 123, Cambridge, MA 02139"
"$615,000","3 GREENOUGH AVE , CAMBRIDGE, MA 02139"
