"$449,000","1267 Commonwealth Ave Apt 7, Boston, MA 02134"
"$999,999","624 Cambridge St , Boston, MA 02134"
"$499,988","180 Telford St # 407, Allston, MA 02134"
"$1,695,000","57 Imrie Rd , Boston, MA 02134"
"$629,800","29 Brainerd Rd Apt 304, Boston, MA 02134"
"$539,000","61 Quint Ave Apt 7, Boston, MA 02134"
"$579,000","11 High Rock Way # 2, Boston, MA 02134"
"$679,900","49 Hano St # 0, Boston, MA 02134"
"$679,900","49 Hano St , Boston, MA 02134"
"$9,350,000","25 Beacon St Apt 4, Boston, MA 02134"
"$899,900","171 Everett St , Boston, MA 02134"
"$445,000","32A Glenville Ave # 32A, Boston, MA 02134"
