"$729,000","9 CHAUNCY ST APT 70, CAMBRIDGE, MA 02138"
"$1,050,000","29 CHAUNCY ST APT 3, CAMBRIDGE, MA 02138"
"$4,800,000","22 CRAIGIE ST , CAMBRIDGE, MA 02138"
"$879,900","1600 MASSACHUSETTS AVE APT 803, CAMBRIDGE, MA 02138"
"$2,250,000","40 MEADOW WAY , CAMBRIDGE, MA 02138"
"$675,000","17 GRAY ST APT 4, CAMBRIDGE, MA 02138"
"$1,599,000","2 STEARNS ST , CAMBRIDGE, MA 02138"
"$1,785,000","7 SPARKS ST , CAMBRIDGE, MA 02138"
"$699,900","9 CHAUNCY ST APT 51, CAMBRIDGE, MA 02138"
"$879,000","20 LOOMIS ST APT 2, CAMBRIDGE, MA 02138"
"$569,000","24 BAY STATE RD UNIT 19, CAMBRIDGE, MA 02138"
"$2,000,000","74 HOLWORTHY ST , CAMBRIDGE, MA 02138"
"$2,995,000","11-15 Elmwood Ave # 11, Cambridge, MA 02138"
"$15,000,000","12 LAKE VIEW AVE , CAMBRIDGE, MA 02138"
"$699,900","655 CONCORD AVE APT 504, CAMBRIDGE, MA 02138"
"$2,950,000","173 COOLIDGE HL , CAMBRIDGE, MA 02138"
"$2,898,000","41 Royal Ave # 43, Cambridge, MA 02138"
"$2,390,000","368 CONCORD AVE , CAMBRIDGE, MA 02138"
"$525,000","598-600 Huron Ave Unit 3, Cambridge, MA 02138"
"$849,000","53 Loomis St # 53, Cambridge, MA 02138"
"$2,700,000","36R Carver St # 36R, Cambridge, MA 02138"
"$1,500,000","110 ABERDEEN AVE , CAMBRIDGE, MA 02138"
"$1,395,000","368 Concord Ave # 1, Cambridge, MA 02138"
"$950,000","84 HAMMOND ST , CAMBRIDGE, MA 02138"
"$995,000","368 Concord Ave # 2, Cambridge, MA 02138"
