"$1,050,000","8 Cheshire St # 8, Boston, MA 02130"
"$899,000","44 Cranston St # 2, Boston, MA 02130"
"$288,446","21 Creighton St # 13, Boston, MA 02130"
"$509,000","30 Armstrong St # 301, Boston, MA 02130"
"$1,089,000","5 Hubbard St , Boston, MA 02130"
"$499,000","78 Forest Hills St # 3, Boston, MA 02130"
"$450,000","3531 Washington St # 313, Boston, MA 02130"
"$729,000","62 Patten St # 2, Boston, MA 02130"
"$1,050,000","3531 Washington St # 517, Boston, MA 02130"
"$650,000","3531 Washington St # 324, Boston, MA 02130"
"$750,000","1 Warren Sq # 1, Boston, MA 02130"
"$779,000","1 Warren Sq # 2, Boston, MA 02130"
"$1,400,000","1 Warren Sq , Boston, MA 02130"
"$630,000","3531 Washington St # 301, Boston, MA 02130"
"$899,000","37 Orchardhill Rd , Boston, MA 02130"
"$440,000","44 Gartland St # 3, Boston, MA 02130"
"$1,300,000","17 Chilcott Pl , Boston, MA 02130"
"$575,000","3531 Washington St # 406, Boston, MA 02130"
"$442,000","7 Segel St Apt 1, Boston, MA 02130"
"$815,000","3531 Washington St # 520, Boston, MA 02130"
"$735,000","3531 Washington St # 220, Boston, MA 02130"
"$775,000","3531 Washington St # 422, Boston, MA 02130"
"$479,000","46 Glen Rd # 1, Boston, MA 02130"
"$649,000","27 Paul Gore St # 1, Boston, MA 02130"
"$435,000","159 South St Apt 2L, Boston, MA 02130"
