"$179,000","685 Broadway Trlr 26, Malden, MA 02148"
"$429,900","75 Malden St , Malden, MA 02148"
"$399,000","145 GLENWOOD ST UNIT 204, MALDEN, MA 02148"
"$449,900","10 LOWELL AVE , MALDEN, MA 02148"
"$499,000","260 CHARLES ST , MALDEN, MA 02148"
"$355,000","58 ALMONT ST APT 6, MALDEN, MA 02148"
"$179,000","685 BROADWAY , MALDEN, MA 02148"
"$550,000","12 MARVIN ST , MALDEN, MA 02148"
"$469,900","19 DESMOND RD , MALDEN, MA 02148"
"$650,000","22 BARTLETT ST , MALDEN, MA 02148"
"$799,000","186 E BORDER RD , MALDEN, MA 02148"
"$349,900","20 Daniels St # 118, Malden, MA 02148"
"$365,000","20-30 Daniels St # 409, Malden, MA 02148"
"$475,357","43 GALE ST , MALDEN, MA 02148"
"$799,900","60 MAIN ST , MALDEN, MA 02148"
"$720,000","40 2ND ST , MALDEN, MA 02148"
"$369,000","87 CEDAR ST APT 10, MALDEN, MA 02148"
"$329,900","145 GLENWOOD ST UNIT 104, MALDEN, MA 02148"
"$450,000","30 FRANKLIN ST UNIT 115, MALDEN, MA 02148"
"$305,000","108 MAPLE ST APT 4, MALDEN, MA 02148"
"$459,900","55R Beachview Ter , Malden, MA 02148"
"$685,000","23 FAIRMONT ST , MALDEN, MA 02148"
"$399,900","26 BARKER RD , MALDEN, MA 02148"
"$689,900","76 Medford St # 78, Malden, MA 02148"
"$409,995","30 Daniels St Apt 412, Malden, MA 02148"
