"$669,000","7 PALERMO ST , CAMBRIDGE, MA 02141"
"$669,000","7 Palermo St # 7, Cambridge, MA 02141"
"$699,000","150 Cambridge St # A406, Cambridge, MA 02141"
"$819,000","10 Museum Way Apt 1826, Cambridge, MA 02141"
"$1,095,000","87 Gore St # 2, Cambridge, MA 02141"
"$749,000","8-12 Museum Way # 829, Cambridge, MA 02141"
"$799,000","1 EARHART ST UNIT 308, CAMBRIDGE, MA 02141"
"$679,000","8 Museum Way # 2103, Cambridge, MA 02141"
"$1,819,000","20 2nd St Unit 625H, Cambridge, MA 02141"
"$979,000","20 2nd St Unit 623H, Cambridge, MA 02141"
"$2,800,000","11 Sciarappa St # 13, Cambridge, MA 02141"
"$1,695,000","308 HURLEY ST , CAMBRIDGE, MA 02141"
"$3,268,000","24 UNION ST , CAMBRIDGE, MA 02141"
"$1,245,000","44 WEBSTER AVE , CAMBRIDGE, MA 02141"
"$1,695,000","308 Hurley St # 308, Cambridge, MA 02141"
"$2,199,000","117 GORE ST , CAMBRIDGE, MA 02141"
"$950,000","344 HURLEY ST , CAMBRIDGE, MA 02141"
"$1,300,000","150 CAMBRIDGE ST UNIT 302, CAMBRIDGE, MA 02141"
"$3,000,000","71-73 Thorndike St , Cambridge, MA 02141"
"$899,000","117 Gore St # A, Cambridge, MA 02141"
"$1,399,000","117 Gore St # B, Cambridge, MA 02141"
"$1,199,000","262 Monsignor Obrien Hwy # 407, Cambridge, MA 02141"
"$999,000","262 Monsignor Obrien Hwy # 102, Cambridge, MA 02141"
"$959,000","262 Monsignor Obrien Hwy # 401, Cambridge, MA 02141"
"$1,290,000","8 Museum Way # 2304, Cambridge, MA 02141"
