"$725,000","93 JAQUES ST , SOMERVILLE, MA 02145"
"$599,900","54 BRADLEY ST , SOMERVILLE, MA 02145"
"$820,000","96 BROADWAY , SOMERVILLE, MA 02145"
"$799,000","32 GRANT ST , SOMERVILLE, MA 02145"
"$999,000","1 Perkins Pl # 1, Somerville, MA 02145"
"$1,098,000","45 ROBINSON ST , SOMERVILLE, MA 02145"
"$590,000","49 HEATH ST # 1, SOMERVILLE, MA 02145"
"$1,050,000","7 Montgomery Ave , Somerville, MA 02145"
"$649,000","60 TUFTS ST APT 17, SOMERVILLE, MA 02145"
"$795,000","6 WILSON AVE # 2, SOMERVILLE, MA 02145"
"$1,195,000","67 TEMPLE ST , SOMERVILLE, MA 02145"
"$499,000","64 Hinckley St , Somerville, MA 02145"
"$1,299,000","18 AUBURN AVE , SOMERVILLE, MA 02145"
"$650,000","7 VIRGINIA ST , SOMERVILLE, MA 02145"
"$949,900","375 Canal St # 1001, Somerville, MA 02145"
"$869,900","19 Cutter St # 1, Somerville, MA 02145"
"$899,000","195 School St # 1, Somerville, MA 02145"
"$1,849,000","263 Broadway # 265, Somerville, MA 02145"
"$1,160,000","12 Warwick St # 1, Somerville, MA 02145"
"$499,000","64 Hinckley St # 64, Somerville, MA 02145"
"$799,900","31 BOND ST , SOMERVILLE, MA 02145"
"$2,000,000","20-24 Rush , Somerville, MA 02145"
"$1,979,000","137 SYCAMORE ST , SOMERVILLE, MA 02145"
"$405,000","9 NASHUA ST # 2, SOMERVILLE, MA 02145"
"$950,000","17 NEW HAMPSHIRE AVE , SOMERVILLE, MA 02145"
