"$138,672","429 NORFOLK ST UNIT 3, SOMERVILLE, MA 02143"
"$695,000","66 LOWELL ST # 2, SOMERVILLE, MA 02143"
"$1,100,000","6 Beacon St # 1, Somerville, MA 02143"
"$3,395,000","69 Beacon St # 71, Somerville, MA 02143"
"$1,100,000","40 Medford St # 302, Somerville, MA 02143"
"$1,065,000","40 Medford St # 304, Somerville, MA 02143"
"$839,900","197 Washington St # 410, Somerville, MA 02143"
"$1,300,000","221 BEACON ST APT 2, SOMERVILLE, MA 02143"
"$469,000","82 MUNROE ST APT 6, SOMERVILLE, MA 02143"
"$949,000","51 Boston St # 1, Somerville, MA 02143"
"$999,000","6 Spring St # 1, Somerville, MA 02143"
"$1,275,000","34 PRESTON RD , SOMERVILLE, MA 02143"
"$1,125,000","7 Grand View Ave # B, Somerville, MA 02143"
"$729,000","59 Berkeley St # 3, Somerville, MA 02143"
"$899,000","59 Berkeley St # 2, Somerville, MA 02143"
"$569,000","8 Conwell St # 8, Somerville, MA 02143"
"$999,000","59 Berkeley St # 1, Somerville, MA 02143"
"$1,200,000","43 CHURCH ST , SOMERVILLE, MA 02143"
"$999,000","3 Village St # 2, Somerville, MA 02143"
"$2,700,000","40 LAUREL ST , SOMERVILLE, MA 02143"
"$2,000,000","82-86 Prospect St , Somerville, MA 02143"
"$1,599,000","40 Laurel St # 402, Somerville, MA 02143"
"$1,199,000","40 Laurel St # 401, Somerville, MA 02143"
"$1,020,000","40 Medford St # 303, Somerville, MA 02143"
