"$680,000","31 PAULINA ST # 1, SOMERVILLE, MA 02144"
"$899,900","115 BOSTON AVE , SOMERVILLE, MA 02144"
"$799,900","216 Powder House Blvd # 216, Somerville, MA 02144"
"$724,900","35 Alpine St # 2, Somerville, MA 02144"
"$939,000","122 Hudson St # 1, Somerville, MA 02144"
"$1,300,000","47 SPENCER AVE , SOMERVILLE, MA 02144"
"$550,000","100 WOODSTOCK ST # 3, SOMERVILLE, MA 02144"
"$1,799,000","53 Meacham Rd # 55, Somerville, MA 02144"
"$1,400,000","49 Paulina , Cambridge, MA 02144"
"$949,000","9 Appleton St # 1, Somerville, MA 02144"
"$1,249,900","88 Irving St # 1, Somerville, MA 02144"
"$750,000","12 College Hill Rd # 2, Somerville, MA 02144"
"$750,000","12 College Hill Rd # 1, Somerville, MA 02144"
"$750,000","15 College Hill Rd # 2, Somerville, MA 02144"
"$826,000","139 Boston Ave # 139, Somerville, MA 02144"
"$1,100,000","167 ALBION ST , SOMERVILLE, MA 02144"
"$1,100,000","167A Albion St , Somerville, MA 02144"
"$1,890,000","147 WILLOW AVE , SOMERVILLE, MA 02144"
"$979,900","15 WHITMAN ST , SOMERVILLE, MA 02144"
"$899,900","90 GORDON ST , SOMERVILLE, MA 02144"
"$750,000","15 College Hill Rd # 1, Somerville, MA 02144"
"$2,500,000","50 WHITE ST , SOMERVILLE, MA 02144"
"$2,500,000","50-52 White St , Somerville, MA 02144"
"$1,350,000","11 WATSON ST , SOMERVILLE, MA 02144"
"$1,299,000","8 COLLEGE HILL RD , SOMERVILLE, MA 02144"
