"$330,000","17 JONES ST # 3, EVERETT, MA 02149"
"$479,000","26 FREMONT AVE , EVERETT, MA 02149"
"$195,000","32 FREMONT AVE , EVERETT, MA 02149"
"$680,000","103 Clarence St , Everett, MA 02149"
"$439,000","16 HENDERSON ST , EVERETT, MA 02149"
"$479,000","7 Clinton Pl , Everett, MA 02149"
"$485,000","2 BALDWIN PL , EVERETT, MA 02149"
"$699,990","121 FREMONT AVE , EVERETT, MA 02149"
"$369,000","141 Jefferson Ave # 2, Everett, MA 02149"
"$525,000","93 WINSLOW ST , EVERETT, MA 02149"
"$269,900","21 STAPLES AVE APT 31, EVERETT, MA 02149"
"$625,000","46 Revere St # 48, Everett, MA 02149"
"$475,000","16 MORRIS ST , EVERETT, MA 02149"
"$799,900","21 IRVING ST , EVERETT, MA 02149"
"$445,000","120 WYLLIS AVE UNIT 306, EVERETT, MA 02149"
"$579,900","50 LINDEN ST , EVERETT, MA 02149"
"$449,000","1 ELWOOD ST , EVERETT, MA 02149"
"$529,000","76 SUMMER ST , EVERETT, MA 02149"
"$589,000","60 SAMMET ST , EVERETT, MA 02149"
"$499,900","83 CHESTNUT ST , EVERETT, MA 02149"
"$449,900","82 JEFFERSON AVE , EVERETT, MA 02149"
"$699,900","6 GREEN ST , EVERETT, MA 02149"
"$479,000","126 GARLAND ST , EVERETT, MA 02149"
"$489,900","528 FERRY ST , EVERETT, MA 02149"
"$629,900","13 ARLINGTON ST , EVERETT, MA 02149"
