"$899,000","14 CAMBRIDGE TER # 2, CAMBRIDGE, MA 02140"
"$749,000","4 NEWPORT RD APT 7, CAMBRIDGE, MA 02140"
"$1,285,000","34 Prentiss St # R, Cambridge, MA 02140"
"$635,000","4 Washington Ave Apt 6 8/14, Cambridge, MA 02140"
"$1,250,000","3 WALDEN MEWS , CAMBRIDGE, MA 02140"
"$745,000","30 BUENA VISTA PARK # 1, CAMBRIDGE, MA 02140"
"$1,795,000","41-43 Dover St # 43, Cambridge, MA 02140"
"$1,200,000","49 Churchill Ave # 51, Cambridge, MA 02140"
"$1,250,000","3 Walden Mews # 3, Cambridge, MA 02140"
"$675,987","179 Rindge Ave # 1, Cambridge, MA 02140"
"$799,999","51 Dudley St # 3, Cambridge, MA 02140"
"$1,800,000","27 MADISON AVE , CAMBRIDGE, MA 02140"
"$779,999","51 Dudley St # 2, Cambridge, MA 02140"
"$699,999","4 WASHINGTON AVE APT 18, CAMBRIDGE, MA 02140"
"$1,695,000","18 Dudley St , Cambridge, MA 02140"
"$849,000","6 PORTER RD APT 3L, CAMBRIDGE, MA 02140"
"$759,000","8 Allen St # 1, Cambridge, MA 02140"
