"$439,000","422 WASHINGTON AVE # A, CHELSEA, MA 02150"
"$194,900","505 WASHINGTON AVE APT 37, CHELSEA, MA 02150"
"$425,000","126 WASHINGTON AVE # 2, CHELSEA, MA 02150"
"$395,000","165 Winnisimmet St Unit 3B, Chelsea, MA 02150"
"$599,000","36 MEDFORD ST # 3, CHELSEA, MA 02150"
"$399,900","100 CAPTAINS ROW APT 102, CHELSEA, MA 02150"
"$339,900","122 CHESTNUT ST # 2, CHELSEA, MA 02150"
"$549,000","295 WASHINGTON AVE # 2, CHELSEA, MA 02150"
"$525,000","60 DUDLEY ST APT 105, CHELSEA, MA 02150"
"$385,000","34 LOUIS ST , CHELSEA, MA 02150"
"$559,500","37 WINNISIMMET ST # 6, CHELSEA, MA 02150"
"$479,000","28 Harvard St # 2, Chelsea, MA 02150"
"$275,000","74 SPRINGVALE AVE APT 17, CHELSEA, MA 02150"
"$849,500","57 KIMBALL RD , CHELSEA, MA 02150"
"$519,900","16 FRANKLIN AVE , CHELSEA, MA 02150"
"$899,000","60 LASH ST , CHELSEA, MA 02150"
"$589,900","219 WEBSTER AVE , CHELSEA, MA 02150"
"$469,900","60 DUDLEY ST APT 26, CHELSEA, MA 02150"
"$469,900","929 BROADWAY , CHELSEA, MA 02150"
"$675,000","92 Pearl St # 100, Chelsea, MA 02150"
"$950,000","254 SPENCER AVE , CHELSEA, MA 02150"
