"$489,900","291 PLEASANT ST , WINTHROP, MA 02152"
"$499,000","43 SEAVIEW AVE , WINTHROP, MA 02152"
"$550,000","154 PAULINE ST , WINTHROP, MA 02152"
"$449,900","100 LOCUST ST , WINTHROP, MA 02152"
"$549,900","188 COTTAGE PARK RD , WINTHROP, MA 02152"
"$399,000","550 Pleasant St Suite 407, Winthrop, MA 02152"
"$525,000","32 PROSPECT AVE , WINTHROP, MA 02152"
"$409,900","15 OCEAN AVE APT 109, WINTHROP, MA 02152"
"$675,000","58 COTTAGE AVE , WINTHROP, MA 02152"
"$525,000","23 SAGAMORE AVE , WINTHROP, MA 02152"
"$675,000","24 MARYLAND AVE , WINTHROP, MA 02152"
"$995,000","156 SEWALL AVE , WINTHROP, MA 02152"
"$561,900","73 CRYSTAL COVE AVE , WINTHROP, MA 02152"
"$650,000","217 WINTHROP SHORE DR , WINTHROP, MA 02152"
"$549,900","188 COURT RD , WINTHROP, MA 02152"
"$629,900","15 LINDEN ST , WINTHROP, MA 02152"
"$499,900","21 TAYLOR ST , WINTHROP, MA 02152"
"$559,900","284 RIVER RD , WINTHROP, MA 02152"
"$539,000","1 Seal Harbor Rd Ph 0, Winthrop, MA 02152"
"$549,900","50 BATES AVE , WINTHROP, MA 02152"
"$749,000","175 PLEASANT ST , WINTHROP, MA 02152"
"$479,990","171 WINTHROP SHORE DR APT 1, WINTHROP, MA 02152"
"$619,900","50 SEAFOAM AVE , WINTHROP, MA 02152"
"$650,000","156 LOCUST ST , WINTHROP, MA 02152"
"$499,900","3 SEAL HARBOR RD APT 547, WINTHROP, MA 02152"
