"$609,900","25 BROGAN RD , MEDFORD, MA 02155"
"$485,000","79 LAWRENCE ST , MEDFORD, MA 02155"
"$849,900","914 HIGHLAND AVE , MEDFORD, MA 02155"
"$850,000","2500 MYSTIC VALLEY PKWY APT 801, MEDFORD, MA 02155"
"$469,900","51 FULTON ST , MEDFORD, MA 02155"
"$615,000","271 WILLIS AVE , MEDFORD, MA 02155"
"$719,900","33 MARSHALL ST , MEDFORD, MA 02155"
"$899,000","537 HIGH ST , MEDFORD, MA 02155"
"$549,000","57 ELM ST , MEDFORD, MA 02155"
"$768,888","34 JOSEPH ST , MEDFORD, MA 02155"
"$799,900","51 PINKERT ST , MEDFORD, MA 02155"
"$639,900","14 HEADLAND WAY , MEDFORD, MA 02155"
"$599,000","100 STATION LNDG UNIT 304, MEDFORD, MA 02155"
"$559,900","140 SPRING ST , MEDFORD, MA 02155"
"$624,900","215 HARVARD ST UNIT 6, MEDFORD, MA 02155"
"$799,000","14 Princeton St # 14, Medford, MA 02155"
"$679,900","93 CEDAR RD N , MEDFORD, MA 02155"
"$859,000","93 MYSTIC ST , MEDFORD, MA 02155"
"$429,000","35 LAMBERT ST # 1, MEDFORD, MA 02155"
"$525,000","34 KENMERE RD , MEDFORD, MA 02155"
"$599,900","22 9TH ST APT 207, MEDFORD, MA 02155"
"$439,900","154 FERN RD , MEDFORD, MA 02155"
"$629,900","231 Spring St # 1, Medford, MA 02155"
"$799,900","103 WRIGHT AVE , MEDFORD, MA 02155"
"$899,900","268 BOSTON AVE , MEDFORD, MA 02155"
