"$1,700,000","505 Broadway # 507, Revere, MA 02151"
"$449,900","34 TRUE ST , REVERE, MA 02151"
"$130,000","111 Walnut St , Revere, MA 02151"
"$699,000","69 STARK AVE , REVERE, MA 02151"
"$419,999","350 Revere Beach Blvd Apt 3-2N, Revere, MA 02151"
"$430,000","43 DASHWOOD ST , REVERE, MA 02151"
"$449,900","544 Revere St , Revere, MA 02151"
"$599,900","453 MALDEN ST , REVERE, MA 02151"
"$355,000","36 PORTER AVE , REVERE, MA 02151"
"$174,900","924 WINTHROP AVE , REVERE, MA 02151"
"$429,000","81 RICE AVE , REVERE, MA 02151"
"$389,000","47 BICKFORD AVE , REVERE, MA 02151"
"$75,000","16 Walnut St , Revere, MA 02151"
"$239,900","15 WAVE AVE APT 2A, REVERE, MA 02151"
"$599,000","232 Prospect Ave # 1, Revere, MA 02151"
"$649,000","234 Prospect Ave # 2, Revere, MA 02151"
"$574,900","56 TAPLEY AVE , REVERE, MA 02151"
"$245,000","733 BROADWAY APT 4, REVERE, MA 02151"
"$515,000","350 REVERE BEACH BLVD # 13K, REVERE, MA 02151"
"$549,619","770 Washington Ave # 503, Revere, MA 02151"
"$429,900","27 JOHN AVE , REVERE, MA 02151"
$267K,"36 LAMBERT ST , REVERE, MA 02151"
"$599,900","154 Larkin St , Revere, MA 02151"
$182K,"1 AVALON ST , REVERE, MA 02151"
"$749,000","11 LYNNWAY , REVERE, MA 02151"
