"$369,900","139 SPRING ST , QUINCY, MA 02169"
"$849,900","206 MANET AVE , QUINCY, MA 02169"
"$835,000","49 DIXWELL AVE , QUINCY, MA 02169"
"$349,900","10 Homestead Ave , Quincy, MA 02169"
"$499,900","38 GERMAIN AVE , QUINCY, MA 02169"
"$320,000","227 PALMER ST , QUINCY, MA 02169"
"$318,000","230 WILLARD ST UNIT 804, QUINCY, MA 02169"
"$625,000","1308 QUINCY SHORE DR , QUINCY, MA 02169"
"$325,000","113 COMMON ST , QUINCY, MA 02169"
"$439,900","63 WOODCLIFF RD , QUINCY, MA 02169"
"$225,000","106 Liberty St # 108, Quincy, MA 02169"
"$525,000","651 SEA ST , QUINCY, MA 02169"
"$459,900","55 EMERALD ST , QUINCY, MA 02169"
"$375,000","10 COUNTY RD , QUINCY, MA 02169"
"$339,900","328 Copeland St Apt 1A, Quincy, MA 02169"
"$529,900","174 Glendale Rd # 174, Quincy, MA 02169"
"$519,000","42 Harrison St # 44, Quincy, MA 02169"
"$699,900","34 WAMPATUCK RD , QUINCY, MA 02169"
"$325,000","47 CALVIN RD , QUINCY, MA 02169"
"$485,000","1025 HANCOCK ST UNIT 3M, QUINCY, MA 02169"
"$349,000","135 CRESCENT ST APT 2, QUINCY, MA 02169"
"$629,000","10 Homestead Ave # 1, Quincy, MA 02169"
"$450,000","111 GREENLEAF ST , QUINCY, MA 02169"
"$775,000","50 Desmoines Rd Unit 5A, Quincy, MA 02169"
