"$419,900","45 HANCOCK ST UNIT 405, QUINCY, MA 02171"
"$499,900","73 EDWIN ST , QUINCY, MA 02171"
"$265,000","133 COMMANDER SHEA BLVD APT 302, QUINCY, MA 02171"
"$264,900","133 COMMANDER SHEA BLVD APT 502, QUINCY, MA 02171"
"$365,000","10 SEAPORT DR APT 2217, QUINCY, MA 02171"
"$599,900","136 W SQUANTUM ST , QUINCY, MA 02171"
"$1,180,000","85 BAYSIDE RD , QUINCY, MA 02171"
"$609,900","44 Tilden Cir # 44, Quincy, MA 02171"
"$509,000","65 POPE ST , QUINCY, MA 02171"
"$369,900","165 QUINCY SHORE DR APT C52, QUINCY, MA 02171"
"$599,900","19 FAXON RD , QUINCY, MA 02171"
"$1,049,000","155 Lansdowne St , Quincy, MA 02171"
"$599,000","322 W SQUANTUM ST , QUINCY, MA 02171"
"$619,000","23 Harbourside Rd # 23, Quincy, MA 02171"
"$789,000","239 Victory Rd # 239, Quincy, MA 02171"
"$1,250,000","3 Preston Sq # 31, Quincy, MA 02171"
"$499,999","100 MARINA DR APT 208, QUINCY, MA 02171"
"$679,900","226 Marina Dr # 226, Quincy, MA 02171"
"$6,895,000","85 MYRTLE ST , QUINCY, MA 02171"
"$824,900","1001 MARINA DR APT 703, QUINCY, MA 02171"
"$739,900","74 WALNUT ST , QUINCY, MA 02171"
"$810,000","5 WAUMBECK ST , QUINCY, MA 02171"
"$798,000","3 Tilden Commons Dr # 3, Quincy, MA 02171"
"$769,600","9 Tilden Commons Dr # 9, Quincy, MA 02171"
"$600,000","84 STANDISH RD , QUINCY, MA 02171"
