"$569,900","78 SACHEM ST , QUINCY, MA 02170"
"$799,900","165 DAVIS ST , QUINCY, MA 02170"
"$600,000","100 TAYLOR ST , QUINCY, MA 02170"
"$199,000","97 Rawson Rd , Quincy, MA 02170"
"$475,000","290 FENNO ST , QUINCY, MA 02170"
"$499,900","104 FRANKLIN AVE , QUINCY, MA 02170"
"$484,500","17 PRINCESS EVE DR , QUINCY, MA 02170"
"$619,900","79 LINCOLN AVE , QUINCY, MA 02170"
"$599,000","48 CUMMINGS AVE , QUINCY, MA 02170"
"$500,000","122 Willow St , Quincy, MA 02170"
"$499,900","21 RIDGEWAY ST , QUINCY, MA 02170"
"$500,000","25 Phillips St # 25, Quincy, MA 02170"
"$799,000","30 ELMWOOD PARK , QUINCY, MA 02170"
"$1,375,000","40 Hatherly Rd , Quincy, MA 02170"
"$779,000","120 HILLSIDE AVE , QUINCY, MA 02170"
"$699,000","82 W ELM AVE , QUINCY, MA 02170"
