"$399,900","26 1ST ST , MELROSE, MA 02176"
"$599,900","17 ASH ST , MELROSE, MA 02176"
"$385,000","66 LEBANON ST , MELROSE, MA 02176"
"$699,000","146 W WYOMING AVE , MELROSE, MA 02176"
"$599,900","28 E HIGHLAND AVE , MELROSE, MA 02176"
"$769,000","7 EAST ST , MELROSE, MA 02176"
"$339,000","260 TREMONT ST APT 12, MELROSE, MA 02176"
"$719,900","32 W HILL AVE , MELROSE, MA 02176"
"$750,000","7 GLENDOWER RD , MELROSE, MA 02176"
"$949,900","172 ASHLAND ST , MELROSE, MA 02176"
"$1,250,000","36 ASHMONT ST , MELROSE, MA 02176"
"$519,999","29 WHEELER AVE , MELROSE, MA 02176"
"$799,000","23 HOLLAND RD , MELROSE, MA 02176"
"$699,000","22 CRICKLEWOOD LN , MELROSE, MA 02176"
"$449,900","100 SYLVAN ST , MELROSE, MA 02176"
"$269,900","53 MELROSE ST APT 5E, MELROSE, MA 02176"
"$849,900","647 Main St , Melrose, MA 02176"
"$699,900","200 Woodcrest Dr , Melrose, MA 02176"
"$215,000","43-51 Albion St # A2, Melrose, MA 02176"
$594K,"54 OAKLAND ST , MELROSE, MA 02176"
"$799,900","86 Lake Ave # 88, Melrose, MA 02176"
"$825,000","14 GOOCH ST , MELROSE, MA 02176"
"$850,000","73 ESSEX ST , MELROSE, MA 02176"
"$70,000","0 Montvale St # L:2, Melrose, MA 02176"
"$949,000","40 AARON ST , MELROSE, MA 02176"
