"$1,050,000+","865 Brush Hill Rd # DEXIW4, Milton, MA 02186"
"$825,000+","865 Brush Hill Rd # NXWOC0, Milton, MA 02186"
"$975,000+","865 Brush Hill Rd # H8CM6S, Milton, MA 02186"
"$1,005,000+","865 Brush Hill Rd # DTCQTY, Milton, MA 02186"
"$750,000","632 CANTON AVE , MILTON, MA 02186"
"$2,829,000","4 FLETCHER STEELE WAY , MILTON, MA 02186"
"$979,000","9 ALLERTON RD , MILTON, MA 02186"
"$589,900","5 Preacher Rd # 5, Milton, MA 02186"
"$599,900","101 NEPONSET VALLEY PKWY , MILTON, MA 02186"
"$749,000","333 BRUSH HILL RD UNIT A3, MILTON, MA 02186"
"$1,055,000","33 Woodmere Dr # 23, Milton, MA 02186"
"$1,195,000","1371 CANTON AVE , MILTON, MA 02186"
"$2,150,000","263 ADAMS ST , MILTON, MA 02186"
"$1,079,000","44 BARBARA LN , MILTON, MA 02186"
"$419,900","9 CROWN ST , MILTON, MA 02186"
"$2,600,000","300 HIGHLAND ST , MILTON, MA 02186"
"$1,495,000","919 BLUE HILL AVE , MILTON, MA 02186"
"$1,249,000","76 BROOK HILL RD , MILTON, MA 02186"
"$1,700,000","16 HALLEN AVE , MILTON, MA 02186"
"$699,000","33 HOLLIS ST , MILTON, MA 02186"
$486K,"24 LOTHROP AVE , MILTON, MA 02186"
"$849,000","32 BARTONS LN , MILTON, MA 02186"
"$949,000","88 WHARF ST UNIT 505, MILTON, MA 02186"
"$729,000","239 GRANITE AVE , MILTON, MA 02186"
"$1,250,000","65 INDIAN SPRING RD , MILTON, MA 02186"
