"$375,000","644 FRONT ST , WEYMOUTH, MA 02188"
"$299,900","107 HOMESTEAD AVE , WEYMOUTH, MA 02188"
"$324,900","64 GLENDALE ST , WEYMOUTH, MA 02188"
"$199,000","0 W Minster Rd , Weymouth, MA 02188"
"$519,900","19 MILL ST , WEYMOUTH, MA 02188"
"$350,000","114 CIRCUIT AVE , WEYMOUTH, MA 02188"
"$429,900","815 MIDDLE ST , WEYMOUTH, MA 02188"
"$549,900","331 ESSEX ST , WEYMOUTH, MA 02188"
$375K,"15 GIBBENS ST , WEYMOUTH, MA 02188"
"$409,999","49 CIRCUIT AVE , WEYMOUTH, MA 02188"
"$414,900","131 WEST ST , WEYMOUTH, MA 02188"
"$82,500","16 Cynthia Cir , Weymouth, MA 02188"
"$479,900","88 SUMMER ST , WEYMOUTH, MA 02188"
