"$399,900","39 Hunt Ave , Braintree, MA 02184"
"$299,900","43 Bradford Commons Ln Unit 43, Braintree, MA 02184"
"$419,000","40 Dewey Rd , Braintree, MA 02184"
"$444,900","178 Shaw St , Braintree, MA 02184"
"$389,900","359 Tilden Commons Ln # 359, Braintree, MA 02184"
"$799,900","58 Windemere Cir , Braintree, MA 02184"
"$280,000","57 WILKINS RD , BRAINTREE, MA 02184"
"$425,000","4 Strathmore Rd , Braintree, MA 02184"
"$575,000","7 Winter St , Braintree, MA 02184"
"$458,000","77 Sherbrooke Ave , Braintree, MA 02184"
"$619,000","71 STORRS AVE , BRAINTREE, MA 02184"
"$344,900","501 Commerce Dr Unit 4313, Braintree, MA 02184"
"$315,000","30 Church St Apt 8, Braintree, MA 02184"
"$659,999","22 Winter St , Braintree, MA 02184"
$323K,"178 POND ST , BRAINTREE, MA 02184"
"$699,000","141 Hollingsworth Ave , Braintree, MA 02184"
"$639,900","41 Barstow Dr , Braintree, MA 02184"
"$569,900","3 Marisa Dr , Braintree, MA 02184"
"$279,900","501 Commerce Dr Unit 4115, Braintree, MA 02184"
"$599,900","135 Argyle Rd , Braintree, MA 02184"
"$399,900","169 Tyson Commons Ln Unit 169, Braintree, MA 02184"
"$399,900","11 Brookside Rd Unit 6, Braintree, MA 02184"
"$875,000","15 Andrea Dr , Braintree, MA 02184"
"$449,900","80 Arthur St , Braintree, MA 02184"
"$770,000","53 Howard St , Braintree, MA 02184"
