"$299,900","38 School St # 1, Weymouth, MA 02189"
"$329,900","21 Church St Unit 18, Weymouth, MA 02189"
"$319,000","97 Lake St , Weymouth, MA 02189"
"$345,000","269 Middle St , Weymouth, MA 02189"
"$399,000","1025 Washington St # 2, Weymouth, MA 02189"
"$335,000","43 Carroll St , Weymouth, MA 02189"
"$555,000","517 Middle St , Weymouth, MA 02189"
"$195,000","277 Lake St Unit 2, Weymouth, MA 02189"
"$479,900","1284 Commercial St # 9, East Weymouth, MA 02189"
"$260,000","100 Cedar St , Weymouth, MA 02189"
$234K,"342 Middle St , Weymouth, MA 02189"
"$369,900","100 Westminster Rd , Weymouth, MA 02189"
"$509,900","166 Westminster Rd , Weymouth, MA 02189"
"$439,900","90 Randall Ave # 92, Weymouth, MA 02189"
"$269,900","52 Putnam St , Weymouth, MA 02189"
"$429,900","1000 Pleasant St Unit 2, Weymouth, MA 02189"
"$450,000","34 Overlook Rd , Weymouth, MA 02189"
"$625,000","25 South Ave , Weymouth, MA 02189"
