"$599,990","29 CONGRESS ST , STONEHAM, MA 02180"
"$469,900","32 PENNY LN , STONEHAM, MA 02180"
"$419,900","89 SUMMER ST , STONEHAM, MA 02180"
"$395,000","11 ELIZABETH RD , STONEHAM, MA 02180"
"$459,900","6 RAFFERTY RD , STONEHAM, MA 02180"
"$580,000","33 RAVINE RD , STONEHAM, MA 02180"
"$269,900","588 MAIN ST APT 3D, STONEHAM, MA 02180"
"$499,999","18 HERSAM ST , STONEHAM, MA 02180"
"$674,900","26 LAWNDALE RD , STONEHAM, MA 02180"
"$589,900","245 WILLIAM ST , STONEHAM, MA 02180"
"$509,900","4 LUCY ST , STONEHAM, MA 02180"
"$499,999","74 SUMMER ST , STONEHAM, MA 02180"
"$649,900","18 CRICKLEWOOD DR , STONEHAM, MA 02180"
"$465,000","426 MAIN ST UNIT 203, STONEHAM, MA 02180"
"$659,900","52 LEE ST , STONEHAM, MA 02180"
"$700,000","18 GRACEWOOD RD , STONEHAM, MA 02180"
"$599,999","9 HARRISON ST , STONEHAM, MA 02180"
"$309,999","133 FRANKLIN ST APT 205, STONEHAM, MA 02180"
"$999,900","1 Coventry Ln , Stoneham, MA 02180"
"$1,199,900","70 SUMMER ST , STONEHAM, MA 02180"
"$274,900","159 FRANKLIN ST APT D5, STONEHAM, MA 02180"
"$550,000","25 Alden Ave # 1, Stoneham, MA 02180"
"$242,400","157 Franklin St Unit IE1, Stoneham, MA 02180"
"$230,000","410 FELLSVIEW TER APT 417, STONEHAM, MA 02180"
"$599,000","42 Pleasant St # 13, Stoneham, MA 02180"
