"$13,500,000","776 BOYLSTON ST UNIT E9A, BOSTON, MA 02199"
"$2,390,000","778 Boylston St Apt 6D, Boston, MA 02199"
"$3,175,000","51 APPLETON ST , BOSTON, MA 02116"
"$6,695,000","150 BEACON ST APT 3, BOSTON, MA 02116"
"$499,990","21 BEACON ST , BOSTON, MA 02108"
"$18,000,000","45 Temple St # 1, Boston, MA 02114"
"$3,295,000","85 PEMBROKE ST # 1, BOSTON, MA 02118"
"$668,900","534 Commonwealth Ave Apt 2C, Boston, MA 02215"
"$775,000","40 Traveler St # 512, Boston, MA 02118"
"$1,200,000","21 MELROSE ST APT 2, BOSTON, MA 02116"
