"$409,900","96 Hollis St , Weymouth, MA 02190"
"$427,995+","130 Trotter Rd # TODR74, South Weymouth, MA 02190"
"$339,995+","130 Trotter Rd # JPVBDE, South Weymouth, MA 02190"
"$337,995+","130 Trotter Rd # PV3GXB, South Weymouth, MA 02190"
"$639,995+","1 Skyhawk Cir # QVDQ7O, South Weymouth, MA 02190"
"$349,900","39 Massapoag St , Weymouth, MA 02190"
"$449,999","846 Front St , Weymouth, MA 02190"
"$169,900","46 Greentree Ln Apt 16, Weymouth, MA 02190"
"$178,000","54 Fountain Ln Apt 16, Weymouth, MA 02190"
"$375,000","5 Webster St # A, Weymouth, MA 02190"
"$433,995+","130 Trotter Rd # PWRCE9, South Weymouth, MA 02190"
"$178,900","40 Fountain Ln Apt 8, Weymouth, MA 02190"
"$189,900","65 Greentree Ln Apt 24, Weymouth, MA 02190"
"$680,000","85 Randolph St , Weymouth, MA 02190"
"$679,900","14 Wampum St , Weymouth, MA 02190"
"$199,900","116 Tall Oaks Dr Unit T, Weymouth, MA 02190"
"$745,000","42 Burns Way , Weymouth, MA 02190"
"$429,900","70 Century Rd , Weymouth, MA 02190"
"$685,000","50 Massapoag St , Weymouth, MA 02190"
"$309,900","117 Tall Oaks Dr Unit E, Weymouth, MA 02190"
"$488,995+","1 Skyhawk Cir # I7ZC3Q, South Weymouth, MA 02190"
"$741,315","34 Skyhawk Cir , Weymouth, MA 02190"
"$617,995+","1 Skyhawk Cir # JL7UAH, South Weymouth, MA 02190"
"$424,995","110 Trotter Rd # 113, Weymouth, MA 02190"
"$343,995","110 Trotter Rd # 108, Weymouth, MA 02190"
