"$375,000","53 Colonial Rd , Weymouth, MA 02191"
"$450,000","36 Babcock Ave , Weymouth, MA 02191"
"$349,900","65 Rosemont Rd , Weymouth, MA 02191"
$364K,"54 Abigail Adams Cir , Weymouth, MA 02191"
"$649,900","10 Hilltop Rd , Weymouth, MA 02191"
"$365,000","18 Paomet Rd , Weymouth, MA 02191"
"$505,000","32 Ocean Ave , Weymouth, MA 02191"
"$435,000","30 Weybosset St , Weymouth, MA 02191"
"$399,900","11 Lincoln St # 13, Weymouth, MA 02191"
"$260,000","73 Broad Reach Unit T142C, Weymouth, MA 02191"
"$324,900","90 Sea St Apt 213, Weymouth, MA 02191"
"$399,900","126 Wessagussett Rd , Weymouth, MA 02191"
"$359,900","90 Sea St Apt 129, Weymouth, MA 02191"
"$865,000","17 Wolcott St , Weymouth, MA 02191"
"$359,900","11 Parnell St , Weymouth, MA 02191"
"$314,000","73 Broad Reach Unit M76C, Weymouth, MA 02191"
"$349,000","61 Broad Reach Unit M64B, Weymouth, MA 02191"
"$339,900","90 Sea St Apt 127, Weymouth, MA 02191"
"$379,900","64 Broad Reach Unit 210, Weymouth, MA 02191"
"$679,000","237-239 WESSAGUSSETT RD , WEYMOUTH, MA 02191"
