"$319,000","419 BEARSES WAY , HYANNIS, MA 02601"
"$399,000","42 MARYALICE LN , HYANNIS, MA 02601"
"$1,590,000","185 Marston Ave , Hyannis, MA 02601"
"$875,000","358 SEA ST , HYANNIS, MA 02601"
"$299,900","398 OLD STRAWBERRY HILL RD , HYANNIS, MA 02601"
"$355,000","54 SYLVAN DR , HYANNIS, MA 02601"
"$379,900","14 RABBIT LN , HYANNIS, MA 02601"
"$299,000","37 CHARLES ST , HYANNIS, MA 02601"
"$319,900","282 Old Strawberryhill Rd , Barnstable, MA 02601"
"$2,200,000","81 HAWES AVE , HYANNIS, MA 02601"
"$799,000","8 Marchants Mill Rd , Barnstable, MA 02601"
"$359,000","42 GREENBRIER LN , HYANNIS, MA 02601"
"$462,500","42 DAYBREAK LN , HYANNIS, MA 02601"
"$525,000","21 Hawes Ave Unit A4, Hyannis, MA 02601"
"$1,000,000","32 PLEASANT HILL LN , HYANNIS, MA 02601"
"$539,500","45 RIPPLE COVE RD , HYANNIS, MA 02601"
"$415,000","381 OCEAN ST APT 3, HYANNIS, MA 02601"
"$269,900","432 SEA ST # 4B, HYANNIS, MA 02601"
"$2,195,000","8 Park Pl , Barnstable, MA 02601"
"$699,000","361 OCEAN ST , HYANNIS, MA 02601"
"$199,000","432 SEA ST # 7B, HYANNIS, MA 02601"
"$385,000","73 LILLIAN DR , HYANNIS, MA 02601"
"$580,000","388 SEA ST , HYANNIS, MA 02601"
"$329,000","23 REDWOOD LN , HYANNIS, MA 02601"
"$299,900","32 Seabrook Rd , Hyannis, MA 02601"
