"$1,195,000","1211 Craigville Beach Rd , Barnstable, MA 02630"
"$449,900","1627 PHINNEYS LN , BARNSTABLE, MA 02630"
"$895,000","156 COMMERCE RD , BARNSTABLE, MA 02630"
"$249,900","28 Crocker Ln # E, Barnstable, MA 02630"
"$949,000","1685 HYANNIS RD , BARNSTABLE, MA 02630"
"$799,000","45 COBBLESTONE RD , BARNSTABLE, MA 02630"
"$1,100,000","83 RENDEZVOUS LN , BARNSTABLE, MA 02630"
"$1,329,000","50 Indian Tr , Cummaquid, MA 02630"
"$689,000","151 Harbor Point Rd , Cummaquid, MA 02630"
"$795,000","99 BEALE WAY , BARNSTABLE, MA 02630"
"$1,895,000","45 Hathaways Ln , Barnstable, MA 02630"
"$2,395,000","120 Pin Oaks Dr Lot 120, Barnstable, MA 02630"
"$749,500","2828 MAIN ST , BARNSTABLE, MA 02630"
"$635,000","59 GRANITE LN , BARNSTABLE, MA 02630"
"$349,000","61 RAILROAD AVE , BARNSTABLE, MA 02630"
"$1,495,000","10 KIDDS HILL RD , BARNSTABLE, MA 02630"
"$639,000","383 COMMERCE RD , BARNSTABLE, MA 02630"
"$4,495,000","129 POWDER HILL RD , BARNSTABLE, MA 02630"
"$629,000","283 Long Beach Rd , Barnstable, MA 02630"
"$765,000","146 COBBLESTONE RD , BARNSTABLE, MA 02630"
"$825,000","16 ICE HOUSE LN , BARNSTABLE, MA 02630"
"$1,399,000","86 COBBLESTONE RD , BARNSTABLE, MA 02630"
"$799,000","3660 Main St , Barnstable, MA 02630"
"$219,000","87 SALTEN POINT RD , BARNSTABLE, MA 02630"
