"$375,000","385 SKUNKNET RD , CENTERVILLE, MA 02632"
"$275,000","1016 PHINNEYS LN , CENTERVILLE, MA 02632"
$239K,"124 ZENO CROCKER RD , CENTERVILLE, MA 02632"
"$389,000","56 THOREAU DR , CENTERVILLE, MA 02632"
"$469,900","545 Lumbert Mill Rd , Centerville, MA 02632"
"$575,000","65 TRINITY PL , CENTERVILLE, MA 02632"
"$389,900","35 BRETWOOD LN , CENTERVILLE, MA 02632"
"$750,000","168 LONG BEACH RD , CENTERVILLE, MA 02632"
"$759,000","122 ANNABLE POINT RD , CENTERVILLE, MA 02632"
"$579,000","103 REGATTA DR , CENTERVILLE, MA 02632"
"$1,875,000","138 LAKEVIEW DR , CENTERVILLE, MA 02632"
"$699,900","35 HILL CREEK RD , CENTERVILLE, MA 02632"
"$389,000","475 PINE ST , CENTERVILLE, MA 02632"
"$399,500","51 LAUREL RD , CENTERVILLE, MA 02632"
"$349,900","34 MAIN ST , CENTERVILLE, MA 02632"
"$4,495,000","283 LONG BEACH RD , CENTERVILLE, MA 02632"
"$239,900","457 OLD STAGE RD , CENTERVILLE, MA 02632"
"$779,000","1136 CRAIGVILLE BEACH RD , CENTERVILLE, MA 02632"
"$949,500","64 SHORT BEACH RD , CENTERVILLE, MA 02632"
"$375,000","650 OLD STRAWBERRY HILL RD , CENTERVILLE, MA 02632"
"$590,000","415 ELLIOTT RD , CENTERVILLE, MA 02632"
"$539,000","28 CROSBY CIR , CENTERVILLE, MA 02632"
"$554,000","69 FOX RUN , CENTERVILLE, MA 02632"
"$649,000","43 BEECHWOOD RD , CENTERVILLE, MA 02632"
"$1,600,000","656 S MAIN ST , CENTERVILLE, MA 02632"
