"$1,725,000","524 CROWELLS BOG RD , BREWSTER, MA 02631"
"$699,000","287 WAUQUANESIT DR , BREWSTER, MA 02631"
"$360,000","154 COMMONS WAY , BREWSTER, MA 02631"
"$569,900","1492-1494 LONG POND RD , BREWSTER, MA 02631"
"$239,000","125 EATON LN , BREWSTER, MA 02631"
"$489,999","35 WHITE ROCK RD , BREWSTER, MA 02631"
"$569,900","1492 Long Pond Rd , Brewster, MA 02631"
"$449,900","146 BLUEBERRY POND DR , BREWSTER, MA 02631"
"$299,000","322 HOLLY AVE , BREWSTER, MA 02631"
"$410,000","1269 MILLSTONE RD , BREWSTER, MA 02631"
"$349,000","653 S ORLEANS RD , BREWSTER, MA 02631"
"$899,000","12 Woodview Dr Unit L12, Brewster, MA 02631"
"$1,300,000","60 ASHLEY WAY , BREWSTER, MA 02631"
"$499,000","211 ROBBINS HILL RD , BREWSTER, MA 02631"
"$359,500"," Paines Creek Rd , Brewster, MA 02631"
"$885,000","104 SUSANNA DR , BREWSTER, MA 02631"
"$1,195,000","56 KATHERINES LN , BREWSTER, MA 02631"
"$699,000","9 RUDDY DUCK RD , BREWSTER, MA 02631"
"$599,000","75 SHEEP POND CIR , BREWSTER, MA 02631"
"$699,900","424 MAIN ST , BREWSTER, MA 02631"
"$129,000","202 BROOK TRAIL RD , BREWSTER, MA 02631"
"$599,000","140 MILLSTONE RD UNIT C, BREWSTER, MA 02631"
"$435,000","45 QUASONS PATH , BREWSTER, MA 02631"
"$155,000","345 YANKEE DR , BREWSTER, MA 02631"
