"$399,900","88 Polly Fisk Ln , Dennis Port, MA 02639"
"$329,900","18 Myrtle Rd , Dennis Port, MA 02639"
"$229,000","128 Sea St Unit 11, Dennis Port, MA 02639"
"$189,000","232 Old Wharf Rd , Dennis Port, MA 02639"
"$399,000","139 Cornell Dr , Dennis Port, MA 02639"
"$369,900","78 Pleasant St , Dennis Port, MA 02639"
"$115,000","251 Old Wharf Rd # 220, Dennis Port, MA 02639"
"$107,000","218 Old Wharf Rd # 200A, Dennis Port, MA 02639"
"$529,900","69 Ocean Dr , Dennis Port, MA 02639"
"$249,000","69 Beaten Rd # U 13, Dennis Port, MA 02639"
"$184,900","19 Ocean Dr # 2, Dennis Port, MA 02639"
"$539,000","80 Beaten Rd # 13, Dennis Port, MA 02639"
"$329,000","154 Old Wharf Rd # U 65, Dennis Port, MA 02639"
"$199,000","154 Old Wharf Rd # 62, Dennis Port, MA 02639"
"$649,900","20 River Ln , Dennis Port, MA 02639"
"$215,000","205 Lower County Rd # 1, Dennis Port, MA 02639"
"$494,900","30 Edwards Rd , Dennis Port, MA 02639"
"$299,900","12 Beach Hills Rd # 12, Dennis Port, MA 02639"
"$275,000","112 Old Wharf Rd Apt E9, Dennis Port, MA 02639"
"$139,000","9 Edwards Ave # U-B5, Dennis Port, MA 02639"
"$359,900","48 Center St , Dennis port, MA 02639"
"$85,314","162 Captain Chase Rd # U 20, Dennis Port, MA 02639"
"$215,000","154 Old Wharf Rd # 1-2, Dennis Port, MA 02639"
"$85,314","162 Captain Chase Rd # 20, Dennis Port, MA 02639"
"$525,000","101 Division St , Dennis Port, MA 02639"
