"$739,000","88 Beach St , Dennis, MA 02638"
"$832,750","2 OX BOW WAY , DENNIS, MA 02638"
"$359,500","20 Captain Prestons Rd , Dennis, MA 02638"
"$709,900","107 ROBBINS CIR , DENNIS, MA 02638"
"$2,795,000","9 Jericho Rd , Dennis, MA 02638"
"$170,000","31 Ronda Ln , Dennis, MA 02638"
"$1,295,000","3 Rosemary Ln , Dennis, MA 02638"
"$489,000","44 S West Dr , South Dennis, MA 02638"
"$399,900","41 Rocky Rdg , Dennis, MA 02638"
"$272,500","59 Route 6a # U4-2, Dennis, MA 02638"
"$399,900","239 Paddocks Path , Dennis, MA 02638"
"$1,850,000","100 Bleak House Cir , Dennis, MA 02638"
"$554,900","165 Scargo Hill Rd , Dennis, MA 02638"
"$1,750,000","58 HORSEFOOT PATH , DENNIS, MA 02638"
"$1,450,000","45 Jericho Rd , Dennis, MA 02638"
"$1,085,000","87 TAUNTON AVE , DENNIS, MA 02638"
"$759,000","12 PADDOCKS PATH , DENNIS, MA 02638"
"$1,249,000","18 Highland St , Dennis, MA 02638"
"$1,125,000","15 FEATHERBED LN , DENNIS, MA 02638"
"$1,295,000","46 Dunes View Rd , Dennis, MA 02638"
"$899,000","574 Route 6a , Dennis, MA 02638"
"$799,999","4 RED CEDAR CIR , DENNIS, MA 02638"
"$219,000","890 MAIN ST , DENNIS, MA 02638"
"$209,000","15 Courier Dr , Dennis, MA 02638"
"$499,000","6 HEEGEONG DR , DENNIS, MA 02638"
