"$425,000","21 Cap'n Isiah's Rd , Barnstable, MA 02635"
"$425,000","21 Cap'n Isiah's Rd , Cotuit, MA 02635"
"$894,000","109 CHERRY TREE RD , COTUIT, MA 02635"
"$550,000","1254 SANTUIT NEWTOWN RD , COTUIT, MA 02635"
"$349,900","120 MAIN ST , COTUIT, MA 02635"
"$420,000","275 OXFORD DR , COTUIT, MA 02635"
"$615,000","16 SPRING BROOK LN , COTUIT, MA 02635"
"$489,000","766 PUTNAM AVE , COTUIT, MA 02635"
"$579,000","960 PUTNAM AVE , COTUIT, MA 02635"
"$675,000","40 OLD KINGS RD , COTUIT, MA 02635"
"$439,900","49 CONTENT LN , COTUIT, MA 02635"
"$419,000","625 POPONESSETT RD , COTUIT, MA 02635"
"$3,950,000","994 MAIN ST , COTUIT, MA 02635"
"$310,000","1666 SANTUIT NEWTOWN RD , COTUIT, MA 02635"
"$629,000","52 SCHOONER DR , COTUIT, MA 02635"
"$429,900","7 EISENHOWER DR , COTUIT, MA 02635"
"$619,000","750 SANTUIT RD , COTUIT, MA 02635"
"$629,000","121 LOVELLS RD , COTUIT, MA 02635"
"$449,000","80 NICKERSON RD , COTUIT, MA 02635"
"$649,000","329 Waquoit Rd , Cotuit, MA 02635"
"$375,000","134 MAIN ST , COTUIT, MA 02635"
"$1,995,000","324 CLAMSHELL COVE RD , COTUIT, MA 02635"
"$599,000","39 MASHPEE RD , COTUIT, MA 02635"
"$459,900","33 GROVE ST , COTUIT, MA 02635"
"$639,000","61 WHITMAR RD , COTUIT, MA 02635"
