"$1,195,000","19 KENT PL , CHATHAM, MA 02633"
"$1,695,000","136 MAIN ST , CHATHAM, MA 02633"
"$450,000","160 Tanglewood Dr , Chatham, MA 02633"
"$4,999,999","24 CAPTAIN SEARS WAY , CHATHAM, MA 02633"
"$2,800,000","734 FOX HILL RD , CHATHAM, MA 02633"
"$19,995,000","97 TILIPI RUN ST , CHATHAM, MA 02633"
"$1,049,000","12 Clark Metters Way , Chatham, MA 02633"
"$739,900","18 Deer Meadow Ln , Chatham, MA 02633"
$549K,"438 GEORGE RYDER RD , CHATHAM, MA 02633"
"$499,000","302 TRAINING FIELD RD , CHATHAM, MA 02633"
"$3,499,900","185 Queen Anne Rd , Chatham, MA 02633"
"$749,000","158 Old Queen Anne Rd , Chatham, MA 02633"
"$695,000","47 Deer Meadow Ln , Chatham, MA 02633"
"$339,900","98 W POND RD , CHATHAM, MA 02633"
"$9,900,000","75 Tilipi Run St , Chatham, MA 02633"
"$550,000","14 SHADY LN , CHATHAM, MA 02633"
"$925,000","21 ELDREDGE SQ , CHATHAM, MA 02633"
"$1,699,000","66 CROSS ST , CHATHAM, MA 02633"
"$749,999","124 Emery Ln , Chatham, MA 02633"
"$1,149,000","34 DIANE DR , CHATHAM, MA 02633"
"$749,000","56 STEPPING STONES RD , CHATHAM, MA 02633"
"$575,000","64 RALPH ST , CHATHAM, MA 02633"
"$1,995,000","156 Wapoos Trl , Chatham, MA 02633"
"$499,900","50 EVERGREEN LN , CHATHAM, MA 02633"
"$1,499,000","444 COCKLE COVE RD , CHATHAM, MA 02633"
