"$699,000","38 BRIGHT COVES WAY , MASHPEE, MA 02649"
"$548,000","12 EQUESTRIAN AVE , MASHPEE, MA 02649"
"$195,000","300 FALMOUTH RD APT 3D, MASHPEE, MA 02649"
"$529,900","2 Atlantic Ct # 754, Mashpee, MA 02649"
"$509,900","1 Atlantic Ct , Mashpee, MA 02649"
"$547,700","110 GREY HAWK DR , MASHPEE, MA 02649"
"$2,100,000","31 SAND DOLLAR LN , MASHPEE, MA 02649"
"$374,900","62 PINE HILL BLVD , MASHPEE, MA 02649"
"$144,900","70 CAPE DR APT 14A, MASHPEE, MA 02649"
"$399,000","34 LISA LN , MASHPEE, MA 02649"
"$375,000","6 Beacon Ct # 0, Mashpee, MA 02649"
"$375,000","6 BEACON CT , MASHPEE, MA 02649"
"$914,000","10 HARBOR RIDGE RD , MASHPEE, MA 02649"
"$799,000","29 CHRISTOPHER LN , MASHPEE, MA 02649"
"$369,900","62 SHIELDS RD , MASHPEE, MA 02649"
"$825,000","72 BAYSHORE DR , MASHPEE, MA 02649"
"$340,000","6 WEBQUISH LN , MASHPEE, MA 02649"
"$1,550,000","145 WILLOW BEND DR , MASHPEE, MA 02649"
"$599,000","92 TROON WAY , MASHPEE, MA 02649"
"$165,000","70 CAPE DR APT 6C, MASHPEE, MA 02649"
"$275,000","4 ORCHARD RD , MASHPEE, MA 02649"
"$365,000","32 FOREST DR , MASHPEE, MA 02649"
"$859,999","32 CAMDEN LN , MASHPEE, MA 02649"
"$299,000","68 MID IRON WAY # 7539, MASHPEE, MA 02649"
"$279,900","22 MID IRON WAY # 7518, MASHPEE, MA 02649"
