"$1,499,000","369 WHEELER RD , MARSTONS MILLS, MA 02648"
"$310,000","44 AUDREYS LN , MARSTONS MILLS, MA 02648"
"$319,900","31 EMERALD LN , MARSTONS MILLS, MA 02648"
"$369,200","31 AUDREYS LN , MARSTONS MILLS, MA 02648"
"$675,000","61 Barnicle Dr , Barnstable, MA 02648"
"$850,000","810 WAKEBY RD , MARSTONS MILLS, MA 02648"
"$249,900","744 Old Falmouth Rd # 724, Marstons Mills, MA 02648"
"$529,000","1239 OSTERVILLE WEST BARNSTABLE RD , MARSTONS MILLS, MA 02648"
"$529,900","140 DEVON LN , Cotuit, MA 02648"
"$599,900","33 Waters Edge , Marstons Mills, MA 02648"
"$395,900","60 CHIPPINGSTONE RD , MARSTONS MILLS, MA 02648"
"$484,900","228 WHISTLEBERRY DR , MARSTONS MILLS, MA 02648"
"$299,900","116 LAURIES LN , MARSTONS MILLS, MA 02648"
"$579,000","960 Putnam Ave , Marstons Mills, MA 02648"
"$429,000","222 LAKE SHORE DR , MARSTONS MILLS, MA 02648"
"$750,000","50 River Rd , Marstons Mills, MA 02648"
"$4,998,000","250 BAXTERS NECK RD , MARSTONS MILLS, MA 02648"
"$1,195,000","351 HOLLIDGE HILL LN , MARSTONS MILLS, MA 02648"
"$4,995,000","20 CHOPTEAQUE LN , MARSTONS MILLS, MA 02648"
"$750,000","315 BAXTERS NECK RD , MARSTONS MILLS, MA 02648"
"$219,900","50 RIVER RD , MARSTONS MILLS, MA 02648"
"$550,000","29 CHOPTEAQUE LN , MARSTONS MILLS, MA 02648"
"$625,000","58 MOCKINGBIRD LN , MARSTONS MILLS, MA 02648"
"$1,995,000","30 LAUREN DR , MARSTONS MILLS, MA 02648"
