"$395,000","501 Long Pond Dr , Harwich, MA 02645"
"$619,000","16 Courtney Rd , Harwich, MA 02645"
"$369,000","3 4TH ST , HARWICH, MA 02645"
"$649,000","142 Round Cove Rd , Harwich, MA 02645"
"$1,299,000","14 MARINER DR , HARWICH, MA 02645"
"$449,000","11 RED RIVER RD , HARWICH, MA 02645"
"$359,900","1208 Orleans Rd , Harwich, MA 02645"
"$280,000","898 Orleans Rd , Harwich, MA 02645"
"$515,000","18 Paddock Pond Rd , Harwich, MA 02645"
"$369,000","4 Aspen Rd , Harwich, MA 02645"
"$439,900","15 Whidah Dr , Harwich, MA 02645"
"$599,900","7 Pheasant Run Rd , Harwich, MA 02645"
"$409,000","1120 Queen Anne Rd , Harwich, MA 02645"
"$439,000","17 Long Pond Dr , Harwich, MA 02645"
"$325,000","696 Queen Anne Rd , Harwich, MA 02645"
"$299,000","593 Depot St , Harwich, MA 02645"
"$497,000","39 Park St , Harwich, MA 02645"
"$349,900","7 Village Ln , Harwich, MA 02645"
"$530,000","6 Spences Trce , Harwich, MA 02645"
"$349,000","38 DEPOT RD , HARWICH, MA 02645"
"$300,000","708 Main St , Harwich, MA 02645"
"$1,290,000","23 Prince Charles Dr , Harwich, MA 02645"
"$649,000","21 Mary Willet Ct , Harwich, MA 02645"
"$450,000","33 Cornerwood Dr , Harwich, MA 02645"
"$849,000","10 Sandy Shore Way , Harwich, MA 02645"
