"$469,000","285 HARVEST RD , EASTHAM, MA 02642"
"$399,000","21 NUTMEG LN , EASTHAM, MA 02642"
"$525,000","45 FERN RD , EASTHAM, MA 02642"
"$375,000","15 MASSASOIT RD , EASTHAM, MA 02642"
"$1,200,000","2 NYCOMA WAY , EASTHAM, MA 02642"
"$695,000","18 CHARLIE NOBLE WAY , EASTHAM, MA 02642"
"$849,000","80 PLATEAU AVE , EASTHAM, MA 02642"
"$899,000","470 HERRING BROOK RD , EASTHAM, MA 02642"
"$1,200,000","450 QUASON DR , EASTHAM, MA 02642"
"$439,000","1160 MASSASOIT RD , EASTHAM, MA 02642"
"$959,000","495 S SUNKEN MEADOW RD , EASTHAM, MA 02642"
"$489,900","10 FERN RD , EASTHAM, MA 02642"
"$599,900","490 S SUNKEN MEADOW RD , EASTHAM, MA 02642"
"$329,900","200 CAPTAINS WAY , EASTHAM, MA 02642"
"$399,000","25 OQUAMOSHOD RD , EASTHAM, MA 02642"
"$449,000","20 SMITH FARM RD , EASTHAM, MA 02642"
"$450,000","60 SILVER SPRING BEACH RD , EASTHAM, MA 02642"
"$545,000","630 CAMPGROUND RD , EASTHAM, MA 02642"
"$599,900","70 Deerfield Lane A and # B, Eastham, MA 02642"
"$1,475,000","365 HARMES WAY , EASTHAM, MA 02642"
"$225,000","3294 State Hwy # 3, Eastham, MA 02642"
"$1,099,000","4 RABBIT RUN , EASTHAM, MA 02642"
"$689,000","370 GOODY HALLET DR , EASTHAM, MA 02642"
"$419,000","1435 STATE HWY , EASTHAM, MA 02642"
"$699,000","431 DYER PRINCE RD , EASTHAM, MA 02642"
