"$1,200,000","22 Quason Ln , Harwich Port, MA 02646"
"$499,000","26 Central Ave , Harwich Port, MA 02646"
"$599,900","18 Julien Rd , Harwich Port, MA 02646"
"$2,499,000","11 Atlantic St , Harwich, MA 02646"
"$534,900","5 Lantern Ln , Harwich Port, MA 02646"
"$649,900","88 South St , Harwich Port, MA 02646"
"$995,000","12 Hiawatha Rd , Harwich Port, MA 02646"
"$735,000","98 Gilbert Ln , Harwich port, MA 02646"
"$1,950,000","16 Satucket Rd , Harwich Port, MA 02646"
"$1,479,000","10 Woodland Rd , Harwich Port, MA 02646"
"$229,900","14 Harold St Apt 7E, Harwich Port, MA 02646"
"$995,000","36 Bank St , Harwich Port, MA 02646"
"$1,995,000","9 Atlantic Ave , Harwich Port, MA 02646"
"$1,100,000","141 Bank St , Harwich Port, MA 02646"
"$1,300,000","48 South St , Harwich Port, MA 02646"
"$749,000","17 Oliver Snow Rd , Harwich Port, MA 02646"
"$799,000","156 Bank St , Harwich Port, MA 02646"
"$849,000","39 Neel Rd , Harwich Port, MA 02646"
"$139,000","56 Purmackene Ln , Harwich port, MA 02646"
"$995,000","36 Bank , Harwich, MA 02646"
"$649,900","88 South , Harwich, MA 02646"
"$249,900","601 Route 28 Apt 112, Harwich Port, MA 02646"
"$699,000","611 Main St , Harwich Port, MA 02646"
"$2,499,000","11 Atlantic Ave , Harwich Port, MA 02646"
"$249,900","601 Route 28 Apt 204, Harwich Port, MA 02646"
