"$475,531","39 GRAND OAK RD , FORESTDALE, MA 02644"
"$479,900","79 GREENVILLE DR , FORESTDALE, MA 02644"
"$119,900","5 Pardise Farm Ln , Sandwich, MA 02644"
"$459,000","39 ARNOLD RD , FORESTDALE, MA 02644"
"$372,000","4 DANA RD , FORESTDALE, MA 02644"
"$849,000","28 COVE RD , FORESTDALE, MA 02644"
"$579,000","2 YACHT LN , FORESTDALE, MA 02644"
$256K,"18 SHAGBARK RD , FORESTDALE, MA 02644"
$221K,"2 GUILD RD , FORESTDALE, MA 02644"
"$424,900","7 OLD SNAKE POND RD , FORESTDALE, MA 02644"
"$434,781","33 ANCHOR DR , FORESTDALE, MA 02644"
"$199,900","21 COVE RD , FORESTDALE, MA 02644"
"$199,900","4 EMERALD WAY , FORESTDALE, MA 02644"
"$199,900","24A Country Farm Rd , Forestdale, MA 02644"
"$199,900","5 SCOTCH PINE LN , FORESTDALE, MA 02644"
"$199,900","11 LAUREL LN , FORESTDALE, MA 02644"
"$199,900","24 Country Farm Rd , Sandwich, MA 02644"
"$199,900","8 LAUREL LN , FORESTDALE, MA 02644"
"$199,900","1 DEEP WOOD DR , FORESTDALE, MA 02644"
"$199,900","28 COUNTRY FARM RD , FORESTDALE, MA 02644"
"$199,900","9 COUNTRY FARM RD , FORESTDALE, MA 02644"
"$199,900","1 CROSS HILL RD , FORESTDALE, MA 02644"
"$199,900","2 DEEP WOOD DR , FORESTDALE, MA 02644"
