"$889,000","230A Bradford St , Provincetown, MA 02657"
"$759,000","18 MILLER HILL RD APT 10, PROVINCETOWN, MA 02657"
"$1,049,000","24 Franklin St # U3, Provincetown, MA 02657"
$959K,"49 BAYBERRY AVE , PROVINCETOWN, MA 02657"
"$425,000","30 BANGS ST # D, PROVINCETOWN, MA 02657"
"$939,000","15 BRADFORD STREET EXT # E, PROVINCETOWN, MA 02657"
"$1,499,000","11 PILGRIM HEIGHTS RD , PROVINCETOWN, MA 02657"
"$915,000","119 BRADFORD ST , PROVINCETOWN, MA 02657"
"$687,000","81 Province Lands Rd # U2, Provincetown, MA 02657"
"$785,000","21 Dewey Ave , Provincetown, MA 02657"
"$989,000","306 Commercial St # UA, Provincetown, MA 02657"
"$499,000","586 COMMERCIAL ST UNIT 13, PROVINCETOWN, MA 02657"
"$239,000","945 Commercial St # U6C, Provincetown, MA 02657"
"$1,299,000","928 Commercial St # U11B, Provincetown, MA 02657"
"$659,000","32 Bradford Street Free Standing , Provincetown, MA 02657"
"$1,495,000","40 PLEASANT ST # 1, PROVINCETOWN, MA 02657"
"$989,000","394 Commercial St # 3, Provincetown, MA 02657"
"$999,000","586 Commercial St # U13, Provincetown, MA 02657"
"$614,000","13 Willow Dr # 1-, Provincetown, MA 02657"
"$604,000","501 Commercial St # 1F/1C, Provincetown, MA 02657"
"$2,195,000","501 Commercial St # U17, Provincetown, MA 02657"
"$2,995,000","3 BAYBERRY AVE , PROVINCETOWN, MA 02657"
"$849,900","7 OPPEN LN , PROVINCETOWN, MA 02657"
"$985,000","74 ATKINS MAYO RD , PROVINCETOWN, MA 02657"
