"$998,000","14 HATHORNE LN , ORLEANS, MA 02653"
"$2,188,000","137 Portanimicut Rd # 135, Orleans, MA 02653"
"$2,500,000","204 BARLEY NECK RD , ORLEANS, MA 02653"
"$2,495,000","66 TOWHEE LN , ORLEANS, MA 02653"
"$490,000","20 SALTY RIDGE RD , ORLEANS, MA 02653"
"$849,000","11 SEA BREEZE LN , ORLEANS, MA 02653"
"$3,250,000","16 THAYER LN , ORLEANS, MA 02653"
"$1,200,000","595 S ORLEANS RD , ORLEANS, MA 02653"
"$569,000","34 HOPKINS LN , ORLEANS, MA 02653"
"$639,000","539 S ORLEANS RD , ORLEANS, MA 02653"
"$325,000","22A Portanimicut Rd , Orleans, MA 02653"
"$309,000","54 OLD COLONY WAY APT A, ORLEANS, MA 02653"
"$669,000","14 POND RD , ORLEANS, MA 02653"
"$795,000","17 MALLARD DR , ORLEANS, MA 02653"
"$1,196,000","8 RIDGEWOOD RD , ORLEANS, MA 02653"
"$1,224,000","4 SPARROWHAWK RD , ORLEANS, MA 02653"
"$599,000","12 RIDGEWOOD RD , ORLEANS, MA 02653"
"$2,199,000","15 SALTWORKS CIR , ORLEANS, MA 02653"
"$359,000","90 FINLAY RD , ORLEANS, MA 02653"
"$1,049,000","45 Twinings Ln , Orleans, MA 02653"
"$829,000","12 HIGH ST , ORLEANS, MA 02653"
"$739,000","16 PLEASANT VIEW DR , ORLEANS, MA 02653"
"$439,000","65 GREAT OAK RD , ORLEANS, MA 02653"
"$995,000","24 GIBSON RD , ORLEANS, MA 02653"
"$2,895,000","100 FREEMAN LN , ORLEANS, MA 02653"
