"$414,900","16 SETH GOODSPEED WAY , OSTERVILLE, MA 02655"
"$759,000","200 POND ST , OSTERVILLE, MA 02655"
"$149,000","3040 FALMOUTH RD APT E4, OSTERVILLE, MA 02655"
"$399,000","58 EVANS ST , OSTERVILLE, MA 02655"
"$324,900","79 E OSTERVILLE RD , OSTERVILLE, MA 02655"
"$9,800,000","250 WINDSWEPT WAY , OSTERVILLE, MA 02655"
"$1,299,000","30 BARNARD RD , OSTERVILLE, MA 02655"
"$539,000","88 WATERFIELD RD , OSTERVILLE, MA 02655"
"$1,550,000","81 FARM VALLEY RD , OSTERVILLE, MA 02655"
"$585,000","98 SYLVAN LN , OSTERVILLE, MA 02655"
"$949,000","99 TOWER HILL RD , OSTERVILLE, MA 02655"
"$979,000","454 STARBOARD LN , OSTERVILLE, MA 02655"
"$519,900","105 NEWPORT LN , OSTERVILLE, MA 02655"
"$520,000","37 Sturbridge Dr , Osterville, MA 02655"
"$2,525,000","130 Main St , Osterville, MA 02655"
"$499,000","107 ROBBINS ST , OSTERVILLE, MA 02655"
"$7,495,000","75 Wianno Head Rd , Osterville, MA 02655"
"$11,500,000","421 MAIN ST , OSTERVILLE, MA 02655"
"$399,000","227 BUMPS RIVER RD , OSTERVILLE, MA 02655"
"$999,999","232 WIANNO AVE , OSTERVILLE, MA 02655"
"$675,000","35 SPICE LN , OSTERVILLE, MA 02655"
"$1,400,000","31 EEL RIVER RD , OSTERVILLE, MA 02655"
"$1,275,000","101 HOLLINGSWORTH RD , OSTERVILLE, MA 02655"
"$289,900","39 TOWER HILL RD APT 4D, OSTERVILLE, MA 02655"
"$749,000","44 Ost.-W.Barn. Rd , Osterville, MA 02655"
