"$1,595,000","14 WENTWORTH LN , NORTH CHATHAM, MA 02650"
"$3,990,000","24 ANDREW MITCHELL LN , NORTH CHATHAM, MA 02650"
"$1,575,000","30 SEA COVE RD , NORTH CHATHAM, MA 02650"
"$1,100,000","641 CROWELL RD , NORTH CHATHAM, MA 02650"
"$799,000","66 WOODLAND WAY , NORTH CHATHAM, MA 02650"
"$2,950,000","301 WHIDAH RD , NORTH CHATHAM, MA 02650"
"$379,900","494 Crowell , Chatham, MA 02650"
"$585,000","1114 ORLEANS RD APT 7, NORTH CHATHAM, MA 02650"
"$1,250,000","43 HAMDEN PL , NORTH CHATHAM, MA 02650"
"$599,900","889 ORLEANS RD , NORTH CHATHAM, MA 02650"
"$1,569,000","82 FROST FISH RD , NORTH CHATHAM, MA 02650"
"$5,500,000","34 Salt Marsh Way , North Chatham, MA 02650"
"$850,000","604 ORLEANS RD , NORTH CHATHAM, MA 02650"
"$379,900","494 Crowell Rd , Chatham, MA 02650"
"$2,495,000","279 WOODLAND WAY , NORTH CHATHAM, MA 02650"
"$4,750,000","338 Seapine Rd , North Chatham, MA 02650"
"$2,195,000","10 COVE HILL RD , NORTH CHATHAM, MA 02650"
"$749,000","47 Misty Meadow Ln # C, North Chatham, MA 02650"
"$739,000","47 Misty Meadow Ln # B, North Chatham, MA 02650"
"$1,175,000","55 HAMDEN PL , NORTH CHATHAM, MA 02650"
"$829,000","700 Crowell , Chatham, MA 02650"
