"$639,000","15 BROWNS NECK RD , WELLFLEET, MA 02667"
"$560,000","115 Indian Walk Rd , Wellfleet, MA 02667"
"$1,800,000","195 KENDRICK AVE , WELLFLEET, MA 02667"
"$1,950,000","10 SALT MEADOW LN , WELLFLEET, MA 02667"
"$1,390,000","135 PINE POINT RD , WELLFLEET, MA 02667"
"$939,000","3 KENDRICK AVE , WELLFLEET, MA 02667"
"$185,000","60 Long Ave Unit H6, Wellfleet, MA 02667"
"$469,900","210 Chequessett Neck Rd # 3, Wellfleet, MA 02667"
"$189,000","2032 State Hwy # B, Wellfleet, MA 02667"
"$590,000","174 Pleasant Point Ave , Wellfleet, MA 02667"
"$279,900","325 Old Kings Hwy Lot 2, Wellfleet, MA 02667"
"$239,900","325 Old Kings Hwy Lot 3, Wellfleet, MA 02667"
"$299,900","325 Old Kings Hwy Lot 6, Wellfleet, MA 02667"
"$299,900","325 Old Kings Hwy Lot 5, Wellfleet, MA 02667"
"$319,900","325 Old Kings Hwy Lot 9, Wellfleet, MA 02667"
"$319,900","325 Old Kings Hwy Lot 8, Wellfleet, MA 02667"
"$299,900","325 Old Kings Hwy Lot 4, Wellfleet, MA 02667"
"$319,900","325 Old Kings Hwy Lot 7, Wellfleet, MA 02667"
"$850,000","150 CHEQUESSETT NECK RD , WELLFLEET, MA 02667"
"$1,599,000","625 OLD WHARF RD , WELLFLEET, MA 02667"
"$2,999,995","205 SAMOSET AVE , WELLFLEET, MA 02667"
"$2,399,000","20 SALT MEADOW LN , WELLFLEET, MA 02667"
"$750,000","345 BLUE HERON RD , WELLFLEET, MA 02667"
"$739,900","15 RING RD , WELLFLEET, MA 02667"
"$2,900,000","31 SAMOSET AVE , WELLFLEET, MA 02667"
