"$399,000","150 BERKSHIRE TRL , WEST BARNSTABLE, MA 02668"
"$385,000","245 CEDAR ST , WEST BARNSTABLE, MA 02668"
"$325,000","1912 MAIN ST , WEST BARNSTABLE, MA 02668"
"$997,900","74 HOLWAY DR , WEST BARNSTABLE, MA 02668"
"$625,000","291 PERCIVAL DR , WEST BARNSTABLE, MA 02668"
"$549,000","56 CHRISTMAS WAY , WEST BARNSTABLE, MA 02668"
"$499,000","35 IRONSIDE DR , WEST BARNSTABLE, MA 02668"
"$659,000","26 POINT HILL RD , WEST BARNSTABLE, MA 02668"
"$455,000","575 WILLOW ST , WEST BARNSTABLE, MA 02668"
"$545,000","62 BARNHILL RD , WEST BARNSTABLE, MA 02668"
"$499,000","27 Kalweit Dr , Barnstable, MA 02668"
"$695,000","43 POINT HILL RD , WEST BARNSTABLE, MA 02668"
"$2,295,000","194 MAIN ST , WEST BARNSTABLE, MA 02668"
"$698,500","1595 MAIN ST , WEST BARNSTABLE, MA 02668"
"$949,900","71 ANGELA WAY , WEST BARNSTABLE, MA 02668"
"$725,000","651 Main St , West Barnstable, MA 02668"
"$659,000","26 Point Hl , Barnstable, MA 02668"
"$765,000","70 HIGH ST , WEST BARNSTABLE, MA 02668"
"$649,000","597 Main St Rte # 6A, Barnstable, MA 02668"
"$809,000","82 KETTLE HOLE RD , WEST BARNSTABLE, MA 02668"
"$1,395,000","866 MAIN ST , WEST BARNSTABLE, MA 02668"
"$629,900","895 Cedar , Barnstable, MA 02668"
"$809,000","229 PERCIVAL DR , WEST BARNSTABLE, MA 02668"
"$114,900","866 Main/Route6a St , West Barnstable, MA 02668"
