"$247,500","2 DAVIDSON AVE , SOUTH DENNIS, MA 02660"
"$299,999","6 ALEXANDER DR , SOUTH DENNIS, MA 02660"
"$475,000","43 BASS RIVER LN , SOUTH DENNIS, MA 02660"
"$250,000","10 Hawthorn St , South Dennis, MA 02660"
"$261,500","4 LAKE DR , SOUTH DENNIS, MA 02660"
"$349,000","3 OLD CHATHAM RD W , SOUTH DENNIS, MA 02660"
"$689,000","40 COVE RD , SOUTH DENNIS, MA 02660"
"$389,900","25 Blackfoot Way , South Dennis, MA 02660"
"$284,900","24 LAKE DR , SOUTH DENNIS, MA 02660"
"$399,000","33 CAPTAIN JUD RD , SOUTH DENNIS, MA 02660"
"$240,000","385 Upper County Rd , South Dennis, MA 02660"
"$399,000","3 Center St , South Dennis, MA 02660"
"$399,900","122 Upper County Rd , Dennis Port, MA 02660"
"$329,000","62 Center St , South Dennis, MA 02660"
"$359,900","796 ROUTE 134 , SOUTH DENNIS, MA 02660"
"$549,000","40 HIGHBANK RD , SOUTH DENNIS, MA 02660"
"$289,000","12 FRANK DOYLE RD , SOUTH DENNIS, MA 02660"
"$675,000","338 Main St , South Dennis, MA 02660"
"$1,895,000","1741 Route 6A , South Dennis, MA 02660"
"$575,000","23 PALMER LN , SOUTH DENNIS, MA 02660"
"$599,000","25 Albion Way , South Dennis, MA 02660"
"$849,900","27 OPENFIELD RD , SOUTH DENNIS, MA 02660"
"$749,000","380 MAIN ST , SOUTH DENNIS, MA 02660"
"$550,000","44 Cove Rd , South Dennis, MA 02660"
"$449,000","25 Monument View Rd , South Dennis, MA 02660"
