"$315,000","66 BUCKWOOD DR , SOUTH YARMOUTH, MA 02664"
"$289,900","12 BREEZY POINT RD , SOUTH YARMOUTH, MA 02664"
"$199,000","109 SEAVIEW AVE # 4, SOUTH YARMOUTH, MA 02664"
"$829,000","152 PAWKANNAWKUT DR , SOUTH YARMOUTH, MA 02664"
"$495,000","34 LYNDALE RD , SOUTH YARMOUTH, MA 02664"
"$439,000","25 Misty Ln , Bass River, MA 02664"
"$339,000","19 ROSE RD , SOUTH YARMOUTH, MA 02664"
"$1,100,000","211 PLEASANT ST , SOUTH YARMOUTH, MA 02664"
"$569,000","330 LONG POND DR , SOUTH YARMOUTH, MA 02664"
"$799,000","14 ROADS END ST , SOUTH YARMOUTH, MA 02664"
"$439,000","27 Misty Ln , South Yarmouth, MA 02664"
"$165,000","785 ROUTE 28 UNIT 2, SOUTH YARMOUTH, MA 02664"
"$299,900","19 TOWN HALL AVE , SOUTH YARMOUTH, MA 02664"
"$350,000","62 LAKELAND AVE , SOUTH YARMOUTH, MA 02664"
"$589,000","39 TEE WAY , SOUTH YARMOUTH, MA 02664"
"$349,900","22 OLD SAGA DR , SOUTH YARMOUTH, MA 02664"
"$325,000","14 SMITH RD , SOUTH YARMOUTH, MA 02664"
"$559,000","116 MAYFLOWER TER , SOUTH YARMOUTH, MA 02664"
"$269,000","1368 Bridge Street (Rt # 28), Yarmouth, MA 02664"
"$365,000","68 ELDRIDGE RD , SOUTH YARMOUTH, MA 02664"
"$550,000","36 COVEVIEW DR , SOUTH YARMOUTH, MA 02664"
"$415,000","222 PAWKANNAWKUT DR , SOUTH YARMOUTH, MA 02664"
"$350,000","43 PUTTING GREEN CIR , SOUTH YARMOUTH, MA 02664"
"$244,900","166 SEAVIEW AVE # 3, SOUTH YARMOUTH, MA 02664"
"$549,900","160 OCEAN AVE , SOUTH YARMOUTH, MA 02664"
