"$1,299,000","2 Television Ln , West Yarmouth, MA 02673"
"$399,000","25 SACHEM PATH , WEST YARMOUTH, MA 02673"
"$265,000","481 Buck Island Rd # 26AA, West Yarmouth, MA 02673"
"$5,490,000","356 GREAT ISLAND RD , WEST YARMOUTH, MA 02673"
"$359,000","47 MCNAMARA RD , WEST YARMOUTH, MA 02673"
"$375,000","15 SULLIVAN RD , WEST YARMOUTH, MA 02673"
"$459,000","42 WILLIAMS RD , WEST YARMOUTH, MA 02673"
"$1,499,000","311 GREAT ISLAND RD , WEST YARMOUTH, MA 02673"
"$2,150,000","23 SALT MEADOW RD , WEST YARMOUTH, MA 02673"
"$895,000","5 SALT MEADOW RD , WEST YARMOUTH, MA 02673"
"$539,900","78 Cottage Dr , West Yarmouth, MA 02673"
"$149,000","34 ANTHONY RD , WEST YARMOUTH, MA 02673"
"$235,200","21 LEWIS RD , WEST YARMOUTH, MA 02673"
"$175,000","9 PUMP HOUSE LN , WEST YARMOUTH, MA 02673"
"$1,395,000","11 WINDMILL LN , WEST YARMOUTH, MA 02673"
"$585,000","11 PUMP HOUSE LN , WEST YARMOUTH, MA 02673"
"$369,900","39 PAYSON PATH , WEST YARMOUTH, MA 02673"
"$470,000","73 MASSACHUSETTS AVE , WEST YARMOUTH, MA 02673"
"$362,000","49 BARNBOARD LN , WEST YARMOUTH, MA 02673"
"$740,000","49 MAINE AVE , WEST YARMOUTH, MA 02673"
"$369,900","184 S SEA AVE # 16, WEST YARMOUTH, MA 02673"
"$325,000","184 S SEA AVE # 1, WEST YARMOUTH, MA 02673"
"$435,000","12 MUSCOVY LN , WEST YARMOUTH, MA 02673"
"$299,900","35 GLEASON AVE , WEST YARMOUTH, MA 02673"
"$299,900","9 WINDEMERE RD APT 1, WEST YARMOUTH, MA 02673"
