"$599,000","1 Belmont Rd Apt 121, West Harwich, MA 02671"
"$2,095,000","14 Mill Point Rd , West Harwich, MA 02671"
"$395,000","5 Elwood Rd , West Harwich, MA 02671"
"$1,790,000","6 SHORE ROAD LNDG , WEST HARWICH, MA 02671"
"$499,900","87 Earle Rd , West Harwich, MA 02671"
"$325,000","177 DIVISION ST , WEST HARWICH, MA 02671"
"$399,000","181 Belmont Rd , West Harwich, MA 02671"
"$294,000","257 Route 28 , West Harwich, MA 02671"
"$178,000","61 Bells Neck Rd , Harwich, MA 02671"
"$750,000","12 Silver St , West Harwich, MA 02671"
"$299,000","1 Belmont Rd Apt 515, West Harwich, MA 02671"
"$359,000","74 Depot Rd , West Harwich, MA 02671"
"$499,000","1 Belmont Rd Apt 624, West Harwich, MA 02671"
"$589,000","1 Belmont Rd Apt 314, West Harwich, MA 02671"
"$649,000","10 Route 28 , West Harwich, MA 02671"
"$649,000","24 CHASE ST , WEST HARWICH, MA 02671"
"$299,000","221 Route 28 , West Harwich, MA 02671"
"$359,000","74 Depot Rd W , West Harwich, MA 02671"
