"$735,000","38 Winter St , Yarmouth Port, MA 02675"
"$549,000","17 Boxwood Cir # 17, Yarmouth Port, MA 02675"
"$385,000","82 Barnacle Rd , Yarmouth Port, MA 02675"
"$220,000","2102 Heatherwood , Yarmouth Port, MA 02675"
"$225,000","28 Seminole Dr , Yarmouth Port, MA 02675"
"$509,000","35 Whistler Ln , Yarmouth Port, MA 02675"
"$499,000","4 Rose Arbor Rd , Yarmouth Port, MA 02675"
"$688,350","303 Route 6A , Yarmouth Port, MA 02675"
"$230,000","1206 Heatherwood # 1206, Yarmouth Port, MA 02675"
"$448,000","7 Pine Reach # K*, Yarmouth Port, MA 02675"
"$549,900","62 Homestead Ln , Yarmouth Port, MA 02675"
"$865,000","18 Carriage Ln , Yarmouth Port, MA 02675"
"$2,100,000","83 Route 6A # A, Yarmouth Port, MA 02675"
"$875,000","112 Route 6A , Yarmouth Port, MA 02675"
"$739,000","54 Bray Farm Rd N , Yarmouth Port, MA 02675"
"$899,900","450 Route 6a , Yarmouth Port, MA 02675"
"$1,099,000","441 Route 6A , Yarmouth, MA 02675"
"$875,000","112 Main St , Yarmouth Port, MA 02675"
"$819,000","302 Route 6A , Yarmouth Port, MA 02675"
"$759,000","6 Eider St , Yarmouth Port, MA 02675"
"$379,900","6 Riseknoll Path , Yarmouth Port, MA 02675"
"$562,000","57 W Woods # H, Yarmouth Port, MA 02675"
"$439,000","36 Randolph Rd , Yarmouth Port, MA 02675"
"$689,000","186 Route 6a , Yarmouth Port, MA 02675"
"$549,000","29 Blueberry Path # H, Yarmouth Port, MA 02675"
