"$79,999","141 Main St # U-16, West Dennis, MA 02670"
"$395,000","112 Cove Rd , South Dennis, MA 02670"
"$339,000","9 River Rd , West Dennis, MA 02670"
"$359,900","21 WOODSIDE PARK , WEST DENNIS, MA 02670"
"$399,900","26 Lower County Rd , West Dennis, MA 02670"
"$799,900","66 Kelleys Pond Rd , West Dennis, MA 02670"
"$1,595,000","16 Bowsprit Ln , West Dennis, MA 02670"
"$489,000","14 DUCK LN , WEST DENNIS, MA 02670"
"$489,000","17 Fiddlers Green Ln , Dennis, MA 02670"
"$1,350,000","54 Loring Ave , West Dennis, MA 02670"
"$710,000","14 Leeward Ln # 16, West Dennis, MA 02670"
"$409,999","64 LOWER COUNTY RD , WEST DENNIS, MA 02670"
"$71,999","141 Main St # 10, West Dennis, MA 02670"
"$539,000","68 UNCLE BARNEYS RD , WEST DENNIS, MA 02670"
"$74,900","54 Swan River Rd , West Dennis, MA 02670"
"$550,000","44 Cove Rd , West Dennis, MA 02670"
"$839,000","39 INDIAN POND RD , WEST DENNIS, MA 02670"
"$4,500,000","161 UNCLE BARNEYS RD , WEST DENNIS, MA 02670"
"$724,900","109 FISK ST , WEST DENNIS, MA 02670"
"$419,000","5 LITTLE COVE CIR , WEST DENNIS, MA 02670"
"$1,563,900","10 Uncle Stevens Rd , Dennis, MA 02670"
"$219,000","890 Main St , West Dennis, MA 02670"
"$1,400,000","20 RIVERSIDE WAY , WEST DENNIS, MA 02670"
"$369,000","79 Main St , West Dennis, MA 02670"
"$429,900","14 Pine Rd , West Dennis, MA 02670"
