"$179,000","9 Myrtle St # 11, Greenfield, MA 01301"
"$198,500","26 Myers Farm Rd # 26, Greenfield, MA 01301"
"$49,000","0 Summer St , Greenfield, MA 01301"
"$260,000","5 FERRANTE AVE , GREENFIELD, MA 01301"
"$52,000","131 HOPE ST , GREENFIELD, MA 01301"
"$199,999","51 HASTINGS ST , GREENFIELD, MA 01301"
"$267,900","462 BERNARDSTON RD , GREENFIELD, MA 01301"
"$360,000","249 Plain Rd , Greenfield, MA 01301"
"$219,500","367 COUNTRY CLUB RD , GREENFIELD, MA 01301"
"$195,000","63 FORT SQ , GREENFIELD, MA 01301"
"$50,000","449 COUNTRY CLUB RD , GREENFIELD, MA 01301"
"$85,000","192 WELLS ST , GREENFIELD, MA 01301"
"$249,900","20 MERIDIAN ST , GREENFIELD, MA 01301"
"$217,500","172 HIGHLAND AVE , GREENFIELD, MA 01301"
"$149,900","224 CONWAY ST , GREENFIELD, MA 01301"
"$144,000","53 S Schoolhouse Rd , Leyden, MA 01301"
"$70,000","28 PHILLIPS ST , GREENFIELD, MA 01301"
"$105,000","119 DAVIS ST , GREENFIELD, MA 01301"
"$120,000","28 MOHAWK TRL , GREENFIELD, MA 01301"
"$112,000","0 Bernardston Rd , Greenfield, MA 01301"
"$110,000","77 Verde Dr Lot 18, Greenfield, MA 01301"
