"$249,900","360 Royalston Rd , Phillipston, MA 01331"
"$199,900","205 Baldwinville Rd , Phillipston, MA 01331"
"$125,000","478 Main St , Athol, MA 01331"
"$105,000","868 N ORANGE RD , ATHOL, MA 01331"
"$75,000","359 COTTAGE ST , ATHOL, MA 01331"
"$325,000","30 Burnshirt Rd , Phillipston, MA 01331"
$99K,"512 PINEDALE AVE , ATHOL, MA 01331"
"$270,000","185 Ward Hill Rd , Phillipston, MA 01331"
"$59,000","173 PROSPECT ST , ATHOL, MA 01331"
"$70,000","147 WALLINGFORD AVE , ATHOL, MA 01331"
"$234,900","1440 MAIN ST , ATHOL, MA 01331"
"$179,900","132 Central St , Athol, MA 01331"
"$145,000","2006 MAIN ST , ATHOL, MA 01331"
"$129,000","560 DOE VALLEY RD , ATHOL, MA 01331"
"$389,000","773 MOORE HILL RD , ATHOL, MA 01331"
"$268,500","96 CONANT RD , ATHOL, MA 01331"
$110K,"30 Baldwinville Rd , Phillipston, MA 01331"
"$184,900","207 ADAMS DR , ATHOL, MA 01331"
"$70,800","151 SILVER LAKE ST , ATHOL, MA 01331"
"$329,900","116 LINDSAY LN , ATHOL, MA 01331"
"$110,000","1954 MAIN ST , ATHOL, MA 01331"
"$289,857","1382 MAIN ST , ATHOL, MA 01331"
"$111,200","2 Powers Mill Rd , Phillipston, MA 01331"
"$225,000","438 SPRING ST , ATHOL, MA 01331"
"$675,000","681 Williamsville Rd , Phillipston, MA 01331"
