"$139,900","99 MERRIFIELD RD , BERNARDSTON, MA 01337"
"$189,900","55 RIVER ST , BERNARDSTON, MA 01337"
"$149,900","135 SOUTH ST , BERNARDSTON, MA 01337"
"$249,000","426 NORTHFIELD RD , BERNARDSTON, MA 01337"
"$75,000","343 W MOUNTAIN RD , BERNARDSTON, MA 01337"
"$209,900","310 W Leyden Rd , Leyden, MA 01337"
"$300,000","106 RIVER ST , BERNARDSTON, MA 01337"
"$249,900","179 SHAW RD , BERNARDSTON, MA 01337"
"$330,000","231 SOUTH ST , BERNARDSTON, MA 01337"
"$795,000","25 RAYMOND DR , BERNARDSTON, MA 01337"
"$70,000","160 George Lamb Rd , Leyden, MA 01337"
"$695,000","0 Eden Trail Branch Rd , Bernardston, MA 01337"
