"$589,000","131 EMMETT RD , ASHFIELD, MA 01330"
"$265,000","26 Barnes Branch Rd , Ashfield, MA 01330"
"$324,900","235 BUG HILL RD , ASHFIELD, MA 01330"
"$329,000","1049 Cape St , Ashfield, MA 01330"
"$150,000","332 BUCKLAND RD , ASHFIELD, MA 01330"
"$85,000","620 WEST RD , ASHFIELD, MA 01330"
"$34,900","3 Ranney Corner Rd , Ashfield, MA 01330"
"$34,900","1 Ranney Corner Rd , Ashfield, MA 01330"
"$36,000","0 Plainfield Rd , Ashfield, MA 01330"
"$44,900","0 Old Stage Rd Rd , Ashfield, MA 01330"
"$145,000","1 2a &2b Spruce Corner Rd , Ashfield, MA 01330"
"$98,500"," March Rd Lot 7, Ashfield, MA 01330"
"$55,000"," OLD STAGE RD , ASHFIELD, MA 01330"
"$98,500","7 March Rd , Ashfield, MA 01330"
"$79,000","0 Creamery Rd , Ashfield, MA 01330"
"$445,000","240 BELDINGVILLE RD , ASHFIELD, MA 01330"
"$79,000"," CREAMERY RD , ASHFIELD, MA 01330"
"$285,000","139 BUG HILL RD , ASHFIELD, MA 01330"
"$289,000","520 MAIN ST , ASHFIELD, MA 01330"
