"$298,000","81 Route 8a S , Charlemont, MA 01339"
"$445,000","26 Dodge Rd , Hawley, MA 01339"
"$47,000","23 TEA STREET EXT , CHARLEMONT, MA 01339"
"$199,000","85 Number 9 Rd , Charlemont, MA 01339"
"$99,000","355 MOUNTAIN RD , CHARLEMONT, MA 01339"
"$239,900","1553 ROUTE 2 E , CHARLEMONT, MA 01339"
"$149,000","0 E Hawley Rd , Hawley, MA 01339"
"$245,000","2065 Route 2 , Charlemont, MA 01370"
"$1,499,900","2201 FM 1339 , Charlemont, MA 01339"
"$229,900","193 MAIN ST , CHARLEMONT, MA 01339"
"$29,000","98 MAIN ST , CHARLEMONT, MA 01339"
"$49,000","53 SCHAEFER WAY , CHARLEMONT, MA 01339"
"$115,000","0 Middle Rd Lot 1, Hawley, MA 01339"
"$36,500"," Warfield Rd , Charlemont, MA 01339"
"$69,000","11 MAXWELL RD , CHARLEMONT, MA 01339"
"$115,000","0 Warfield Rd Lot 2, Charlemont, MA 01339"
"$115,000"," Warfield Rd Lot B, Charlemont, MA 01339"
