"$289,900","165 W LEYDEN RD , COLRAIN, MA 01340"
"$84,500","107 ADAMSVILLE RD , COLRAIN, MA 01340"
"$135,000","415 Main Rd , Colrain, MA 01340"
"$497,500","259 ED CLARK RD , COLRAIN, MA 01340"
"$525,000","9 DUNNELL DR , COLRAIN, MA 01340"
"$19,900","108 W LEYDEN RD , COLRAIN, MA 01340"
"$2,000,000","0 Prolovich Rd Lot 27, Colrain, MA 01340"
"$35,000","0 Call Rd , Colrain, MA 01340"
"$35,000","0 Green River Rd Lot 1, Colrain, MA 01340"
"$48,000","0 Green River Rd Lot 2, Colrain, MA 01340"
