"$22,500","97 ASHFIELD RD , CONWAY, MA 01341"
"$339,000","24 PARSONS HILL DR , CONWAY, MA 01341"
"$360,300","46 LARCH MEADOW DR , CONWAY, MA 01341"
"$279,000","1497 MAIN POLAND RD , CONWAY, MA 01341"
"$485,000","468 ASHFIELD RD , CONWAY, MA 01341"
"$57,000","2966 SHELBURNE FALLS RD , CONWAY, MA 01341"
"$250,000","0 Shelburne Falls Rd , Conway, MA 01341"
"$329,900","42 DELABARRE AVE , CONWAY, MA 01341"
"$195,000","801 N POLAND RD , CONWAY, MA 01341"
"$110,000","2041 Roaring Brook Rd , Conway, MA 01341"
"$225,000","11 RIVER ST , CONWAY, MA 01341"
