"$409,900","7 WHITAKER RD , NEW SALEM, MA 01355"
"$245,000","34 COOLEYVILLE RD , NEW SALEM, MA 01355"
"$159,000","244 N MAIN ST , NEW SALEM, MA 01355"
"$799,000","37 S MAIN ST , NEW SALEM, MA 01355"
"$329,900","16 OLD PETERSHAM RD , NEW SALEM, MA 01355"
"$39,500"," Lot 6 Meacham , New Salem, MA 01355"
"$39,900","1 William Rice Rd , New Salem, MA 01355"
"$19,900","00 Wendell Rd , New Salem, MA 01355"
"$60,000","0 West St , New Salem, MA 01355"
"$39,900"," Petersham Rd Aka Rte 122 Lot 5, New Salem, MA 01355"
"$39,900"," Petersham Rd Aka Rte 122 Lot 4, New Salem, MA 01355"
"$29,900"," Petersham Road Route 122 Lot 2, New Salem, MA 01355"
"$29,900"," Petersham Road Route 122 Lot 3, New Salem, MA 01355"
