"$110,000","0 (533) Millers Falls Rd , Northfield, MA 01360"
"$479,900","99 BENNETT BROOK RD , NORTHFIELD, MA 01360"
"$89,900","140 COLLER CEMETARY RD , NORTHFIELD, MA 01360"
"$50,000","133 SCHOOL ST , NORTHFIELD, MA 01360"
"$50,000","129 SCHOOL ST , NORTHFIELD, MA 01360"
"$325,000","355 WARWICK RD , NORTHFIELD, MA 01360"
"$50,000","0 Strowbridge Rd , Northfield, MA 01360"
"$389,900","218 BIRNAM RD , NORTHFIELD, MA 01360"
"$200,000","52 ASHUELOT RD , NORTHFIELD, MA 01360"
"$495,000","164 UPPER FARMS RD , NORTHFIELD, MA 01360"
"$150,000","256 MAIN ST , NORTHFIELD, MA 01360"
"$295,000","20 MAIN ST , NORTHFIELD, MA 01360"
"$119,900","61 MAIN ST , NORTHFIELD, MA 01360"
"$149,900","644 Mount Hermon Station Rd , Northfield, MA 01360"
"$59,900","755A Old Wendell Rd , Northfield, MA 01360"
"$39,000","31 OLD ELM WAY , NORTHFIELD, MA 01360"
"$125,000","8 Orange Rd , Northfield, MA 01360"
"$59,900","0 Old Turnpike Rd , Northfield, MA 01360"
"$399,900","24 FERNCLIFF CIR , NORTHFIELD, MA 01360"
"$110,000","137 ALEXANDER HILL RD , NORTHFIELD, MA 01360"
"$120,000","0 Millers Falls Rd , Northfield, MA 01360"
"$749,999","0 Mount Hermon Station Rd , Northfield, MA 01360"
"$359,900","180 MAIN ST , NORTHFIELD, MA 01360"
