"$415,000","93 GLASHEEN RD , PETERSHAM, MA 01366"
"$277,900","432 N Main St , Petersham, MA 01366"
"$429,900","19 S MAIN ST , PETERSHAM, MA 01366"
"$349,000","78 New Salem Rd , Petersham, MA 01366"
"$498,500","190 POPPLE CAMP RD , PETERSHAM, MA 01366"
"$559,000","200 WEST RD , PETERSHAM, MA 01366"
"$312,000","87 NEW SALEM RD , PETERSHAM, MA 01366"
"$33,500","426.01 Old E , Petersham, MA 01366"
"$344,900","6 N MAIN ST , PETERSHAM, MA 01366"
"$35,000","36 Old Hardwick Rd , Petersham, MA 01366"
"$25,000","4 BRIGGS RD W , PETERSHAM, MA 01366"
"$94,500","28 Barre Rd , Petersham, MA 01366"
"$80,000","75 Barre Rd , Petersham, MA 01366"
"$70,000","0000 West Rd , Phillipston, MA 01366"
