"$179,900","128 HOLTSHIRE RD , ORANGE, MA 01364"
"$179,900","90 MEMORIAL DR , ORANGE, MA 01364"
"$199,900","60 CARPENTER ST , ORANGE, MA 01364"
"$169,900","110 HORTON RD , ORANGE, MA 01364"
"$149,900","14 HIGHLAND ST , ORANGE, MA 01364"
"$179,900","3 MEADOW LN , ORANGE, MA 01364"
"$219,900","113 NEW ATHOL RD UNIT 133, ORANGE, MA 01364"
"$259,000","96 MICHAEL LN , ORANGE, MA 01364"
"$162,900","108 PLEASANT ST , ORANGE, MA 01364"
"$174,900","137 CHENEY ST , ORANGE, MA 01364"
"$299,900","105 FRYEVILLE RD , ORANGE, MA 01364"
"$199,900","29 HIGHLAND ST , ORANGE, MA 01364"
"$198,000","85 HAYDEN ST , ORANGE, MA 01364"
"$39,900","526 S MAIN ST , ORANGE, MA 01364"
"$250,000","85 N MAIN ST , ORANGE, MA 01364"
"$185,000","1 HIGH ST , ORANGE, MA 01364"
"$29,900","142 W ORANGE RD , ORANGE, MA 01364"
"$114,400","726 S MAIN ST , ORANGE, MA 01364"
"$190,000","208 E MAIN ST , ORANGE, MA 01364"
"$49,900","100 BROOKSIDE RD , ORANGE, MA 01364"
"$140,000","191-193 HAYDEN ST , ORANGE, MA 01364"
"$49,900","0 Gidney Rd , Orange, MA 01364"
"$27,500","131 FAIRMAN RD , ORANGE, MA 01364"
