"$55,000","16 N FITZWILLIAM RD , ROYALSTON, MA 01368"
"$275,000","69 WINCHENDON RD , ROYALSTON, MA 01368"
"$159,000","12 MAIN ST , ROYALSTON, MA 01368"
"$390,000","64 ATHOL RICHMOND RD , ROYALSTON, MA 01368"
"$214,500","108 ATHOL RD , ROYALSTON, MA 01368"
"$284,500","23 On the Common , Royalston, MA 01368"
"$269,000","102 BLISS HILL RD , ROYALSTON, MA 01368"
"$220,000","234 DELAND RD , ROYALSTON, MA 01368"
"$24,900","50 FALLS RD , ROYALSTON, MA 01368"
"$24,900"," Warwick Rd , Royalston, MA 01368"
"$264,900","0 Warwick Rd , Royalston, MA 01368"
"$45,000","21 Main St , Royalston, MA 01368"
"$64,900","0 NE Fitzwilliam Rd , Royalston, MA 01368"
"$25,000","7-59 NE Fitzwilliam , Royalston, MA 01368"
"$69,900"," Map-Lot 3- NE Fitzwilliam Rd , Royalston, MA 01368"
