"$259,900","64 STILLWATER RD , SOUTH DEERFIELD, MA 01373"
"$475,000","6 Eastwood Ln , South Deerfield, MA 01373"
"$249,000","108 LEE RD , SOUTH DEERFIELD, MA 01373"
"$299,900","21 LEE RD , SOUTH DEERFIELD, MA 01373"
"$950,000","15 HILLSIDE RD , SOUTH DEERFIELD, MA 01373"
"$205,000","105 SUNDERLAND RD , SOUTH DEERFIELD, MA 01373"
"$189,900","52B Stillwater Rd # B, South Deerfield, MA 01373"
"$409,900","20 SUGARLOAF ST , SOUTH DEERFIELD, MA 01373"
"$368,900","14A Duncan Dr # 14A, South Deerfield, MA 01373"
"$209,900","18 Crestview Dr , South Deerfield, MA 01373"
"$130,000","81 Stillwater Rd , South Deerfield, MA 01373"
"$79,900","1 Greenfield Rd , South Deerfield, MA 01373"
"$79,900","43 Graves St , South Deerfield, MA 01373"
"$79,900","00 Upper , Deerfield, MA 01373"
