"$219,000","120 State St , Shelburne Falls, MA 01370"
"$375,000","81 MARCH RD , SHELBURNE FALLS, MA 01370"
"$199,000","56 ASHFIELD ST , SHELBURNE FALLS, MA 01370"
"$1,375,000","48 Crittenden Hill Rd , Buckland, MA 01370"
"$289,000","85 North St , Shelburne Falls, MA 01370"
"$999,000","80 BARDWELLS FERRY RD , SHELBURNE FALLS, MA 01370"
"$559,000","3 S MAPLE ST , SHELBURNE FALLS, MA 01370"
"$549,000","67 ROBERTS RD , SHELBURNE FALLS, MA 01370"
"$56,000","1 Sears St , Buckland, MA 01370"
"$189,000"," SKINNER RD , SHELBURNE, MA 01370"
"$279,000","137 SKINNER RD , SHELBURNE FALLS, MA 01370"
"$189,000"," Bray Rd , Shelburne Falls, MA 01370"
"$375,000","0 Skinner Rd , Shelburne, MA 01370"
"$215,900"," Parcel 1 James Barnard Rd , Shelburne, MA 01370"
"$67,000"," Parcel 2 South Shelburne Rd , Shelburne, MA 01370"
"$34,900","0 Mechanic St , Shelburne, MA 01370"
"$34,900","4A Bray Rd , Shelburne Falls, MA 01370"
"$29,900","4 Bray Rd , Shelburne Falls, MA 01370"
