"$43,000","13 MORSE VILLAGE RD , WENDELL, MA 01379"
"$69,000","318 LOCKES VILLAGE RD , WENDELL, MA 01379"
"$44,900","295 JENNISON RD , WENDELL, MA 01379"
"$79,900"," Cooleyville Rd Lot 0, Wendell, MA 01379"
"$49,900","125 LOCKES VILLAGE RD , WENDELL, MA 01379"
"$47,000","0 West St Lot 3, Wendell, MA 01379"
"$99,000","3 WEST ST , WENDELL, MA 01379"
"$45,000","2 West St , Wendell, MA 01379"
"$45,000","2 Locke Hill Rd Lot 56, Wendell, MA 01379"
"$47,000","56 Locke Hill Rd , Wendell, MA 01379"
