"$499,900","44 MAPLEWOOD RD , LYNN, MA 01904"
"$529,000"," 35 Bacheller Street , lynn, MA 01904"
"$359,000","7 SANGER AVE , LYNN, MA 01904"
"$349,900","63 RICHARDSON RD , LYNN, MA 01904"
"$399,900","141 EDGEMERE RD , LYNN, MA 01904"
"$255,000","196 LOCUST ST APT 2-104, LYNN, MA 01904"
"$429,900","190 JENNESS ST , LYNN, MA 01904"
"$389,900","18 ANCHOR RD , LYNN, MA 01904"
"$189,000","406 BROADWAY APT 104, LYNN, MA 01904"
"$189,000","406 Broadway , Lynn, MA 01904"
"$319,000","12 MAPLETON PL , LYNN, MA 01904"
"$499,999","8 GRANT RD , LYNN, MA 01904"
"$649,000","279 MAPLE ST , LYNN, MA 01904"
"$419,900","104 BELLEVUE RD , LYNN, MA 01904"
"$359,900","29 JENNESS ST , LYNN, MA 01904"
"$694,900","48 NORTHERN AVE , LYNN, MA 01904"
"$309,000","332 LYNNFIELD ST , LYNN, MA 01904"
"$269,900","200 LOCUST ST APT 106, LYNN, MA 01904"
"$419,900","3 HOLLIS RD , LYNN, MA 01904"
"$399,000","8 CLAIRMONT TER , LYNN, MA 01904"
"$419,900","10 BOSTON ST , LYNN, MA 01904"
"$404,900","56 KERNWOOD DR , LYNN, MA 01904"
"$450,000","124 HARRIS RD , LYNN, MA 01904"
"$799,900","46 GLENWOOD RD , LYNN, MA 01904"
