"$325,900","32 STILES ST , LYNN, MA 01905"
"$399,900","43 CEDAR ST , LYNN, MA 01905"
"$299,000","30 Margin St , Lynn, MA 01905"
"$299,900","38 Browns Ave # 38, Lynn, MA 01905"
"$439,900","33 Glen Ct # 33, Lynn, MA 01905"
"$349,900","49 GARDINER ST , LYNN, MA 01905"
"$319,900","30 MARGIN ST # B, LYNN, MA 01905"
"$249,000","3 DREXEL TER , LYNN, MA 01905"
"$439,900","44 CHILDS ST , LYNN, MA 01905"
"$468,000","80 ORCHARD ST , LYNN, MA 01905"
"$429,999","67 LAUREL ST , LYNN, MA 01905"
"$189,900","11 MARGIN ST APT 10, LYNN, MA 01905"
"$175,000","20 HUSS CT APT 106, LYNN, MA 01905"
"$299,000","20 AMES ST , LYNN, MA 01905"
"$349,000","12 LOWELL STREET CT , LYNN, MA 01905"
"$620,000","56 COMMERCIAL ST , LYNN, MA 01905"
"$109,500","15 SOUTH ST APT 1, LYNN, MA 01905"
"$495,000","12 ETNA PL , LYNN, MA 01905"
"$299,000","30 MARGIN ST # D, LYNN, MA 01905"
"$374,900","36 NELSON ST , LYNN, MA 01905"
"$320,000","28 ASTOR ST , LYNN, MA 01905"
"$256,889","17 MARGIN ST APT 14, LYNN, MA 01905"
"$385,000","4 BROOKVALE ST , LYNN, MA 01905"
"$445,000","32 Glen Ct # 32, Lynn, MA 01905"
"$19,900","179-R Walnut St , Lynn, MA 01905"
