"$799,900","945 HUMPHREY ST , SWAMPSCOTT, MA 01907"
"$1,289,000","7 TIP TOP RD , SWAMPSCOTT, MA 01907"
"$489,900","246 BURRILL ST , SWAMPSCOTT, MA 01907"
"$625,000","11 PURITAN LN , SWAMPSCOTT, MA 01907"
"$1,295,000","16 CUTTING RD , SWAMPSCOTT, MA 01907"
"$650,000","23 SUFFOLK AVE , SWAMPSCOTT, MA 01907"
"$464,900","18 BERKSHIRE ST , SWAMPSCOTT, MA 01907"
"$1,888,000","225 HUMPHREY ST APT 5, SWAMPSCOTT, MA 01907"
"$299,900","404 Paradise Rd # T, Swampscott, MA 01907"
"$599,000","69 NASON RD , SWAMPSCOTT, MA 01907"
"$459,900","12 ELMWOOD RD , SWAMPSCOTT, MA 01907"
"$589,000","41 Edgehill Rd , Swampscott, MA 01907"
"$249,900","1006 PARADISE RD APT 1C, SWAMPSCOTT, MA 01907"
"$5,280,000","90 MOUNTWOOD RD , SWAMPSCOTT, MA 01907"
"$1,875,000","471 PURITAN RD , SWAMPSCOTT, MA 01907"
"$599,900","133 EASTMAN AVE , SWAMPSCOTT, MA 01907"
"$1,650,000","9 GALLOUPES POINT RD , SWAMPSCOTT, MA 01907"
"$2,390,000","120 GALLOUPES POINT RD , SWAMPSCOTT, MA 01907"
"$439,900","441 Essex St # 202B, Swampscott, MA 01907"
"$379,900","23 SHERWOOD RD , SWAMPSCOTT, MA 01907"
"$289,900","33 Suffolk Ave # 33, Swampscott, MA 01907"
"$379,900","56 GREENWOOD AVE # 1, SWAMPSCOTT, MA 01907"
"$386,900","441 Essex St # 206, Swampscott, MA 01907"
"$549,000","4 Nirvana Dr # 4, Swampscott, MA 01907"
"$1,200,000","118 ATLANTIC AVE , SWAMPSCOTT, MA 01907"
