"$525,000","150 LYNNWAY APT 705, LYNN, MA 01902"
"$299,900","15 TRACY AVE , LYNN, MA 01902"
"$329,900","18 SHERIDAN ST , LYNN, MA 01902"
"$369,900","83 EASTERN AVE , LYNN, MA 01902"
"$315,000","7 BULFINCH TER , LYNN, MA 01902"
"$424,900","9 FAY ST , LYNN, MA 01902"
"$299,900","20 HIGH ROCK TER , LYNN, MA 01902"
"$389,900","12 APPLETON ST , LYNN, MA 01902"
"$314,999","16 RANTOUL AVE , LYNN, MA 01902"
"$335,900","45 SEYMOUR AVE , LYNN, MA 01902"
$235K,"16 AMITY ST , LYNN, MA 01902"
"$620,000","36-38 W GREEN ST , LYNN, MA 01902"
"$400,000","209 LYNN SHORE DR # 1, LYNN, MA 01902"
"$199,900","10 Adams St # 2, Lynn, MA 01902"
"$349,900","8 WARREN ST , LYNN, MA 01902"
"$337,500","118 CHATHAM ST , LYNN, MA 01902"
"$224,617","10 PHILLIPS AVE # 2, LYNN, MA 01902"
"$419,900","169 ALLEN AVE , LYNN, MA 01902"
"$995,900","28 ATLANTIC ST , LYNN, MA 01902"
$244K,"79 MANSON ST , LYNN, MA 01902"
"$524,900","502 EASTERN AVE , LYNN, MA 01902"
"$639,000","41 TUDOR ST , LYNN, MA 01902"
"$339,000","155 LAWTON AVE , LYNN, MA 01902"
"$519,999","137 ALLEY ST , LYNN, MA 01902"
"$424,000","234 ESSEX ST , LYNN, MA 01902"
