"$1,800,000","6 NAUTICAL LN , NAHANT, MA 01908"
"$2,850,000","1 WHARF ST , NAHANT, MA 01908"
"$445,000","66 LENNOX RD , NAHANT, MA 01908"
"$1,049,000","36 PEARL RD , NAHANT, MA 01908"
"$689,900","21 EMERALD RD , NAHANT, MA 01908"
"$759,000","7 HARMONY CT , NAHANT, MA 01908"
"$2,800,000","12 Spouting Horn Road & Lot 1, Nahant, MA 01908"
"$1,950,000","12 SPOUTING HORN RD , NAHANT, MA 01908"
"$850,000","12 Spouting Horn Rd Lot 1, Nahant, MA 01908"
"$369,900","16 FURBUSH RD , NAHANT, MA 01908"
"$799,900","85 FOX HILL RD , NAHANT, MA 01908"
"$669,000","38 LITTLE NAHANT RD , NAHANT, MA 01908"
"$799,000","74 WILLOW RD , NAHANT, MA 01908"
"$279,000","59 FOX HILL RD , NAHANT, MA 01908"
"$415,000","41 GARDNER RD , NAHANT, MA 01908"
"$519,900","29 SHERMAN AVE , NAHANT, MA 01908"
