"$379,000","4 OCEANVIEW AVE , SAUGUS, MA 01906"
"$349,900","18 FLUSHING RD , SAUGUS, MA 01906"
"$325,000","9 GOLDEN HILLS RD , SAUGUS, MA 01906"
"$659,888","6 CATALPA ST , SAUGUS, MA 01906"
"$350,000","43 SUNNYSIDE AVE , SAUGUS, MA 01906"
"$215,000","33 BRISTOW ST APT 2, SAUGUS, MA 01906"
"$179,900","333 CENTRAL ST APT 1D, SAUGUS, MA 01906"
"$409,900","809 Sherwood Forest Ln # 809, Saugus, MA 01906"
"$380,000","37 BEACHAM AVE , SAUGUS, MA 01906"
"$699,900","123 LYNN FELLS PKWY , SAUGUS, MA 01906"
"$499,900","9 CARLTON ST , SAUGUS, MA 01906"
"$449,900","58 SUMMER ST , SAUGUS, MA 01906"
"$399,000","53 SEAGIRT AVE , SAUGUS, MA 01906"
"$795,000","20 Oak Point Road Ext , Saugus, MA 01906"
"$659,900","6 MORRIS PL , SAUGUS, MA 01906"
"$450,000","5 VINCENT TER , SAUGUS, MA 01906"
"$819,900","24 INDIAN ROCK DR , SAUGUS, MA 01906"
"$599,900","18 WESTLAND AVE , SAUGUS, MA 01906"
"$949,900","85 HAMMERSMITH DR , SAUGUS, MA 01906"
"$899,900","16-18 ACADIA AVE , SAUGUS, MA 01906"
"$299,000","22 HARLOW ST , SAUGUS, MA 01906"
"$1,200,888","29 HAMMERSMITH DR , SAUGUS, MA 01906"
"$399,900","14 BEACHVIEW AVE , SAUGUS, MA 01906"
"$579,900","603 LINCOLN AVE , SAUGUS, MA 01906"
"$749,900","16 HOMELAND AVE , SAUGUS, MA 01906"
