"$439,900","20 OAK CIR , AMESBURY, MA 01913"
"$349,900","10 CRUMHILL , AMESBURY, MA 01913"
"$286,000","25 POWOW ST , AMESBURY, MA 01913"
"$465,000","7 BUTTONWOOD RD , AMESBURY, MA 01913"
"$399,900","9 MERRILL AVE , AMESBURY, MA 01913"
"$319,900","21 N MARTIN RD , AMESBURY, MA 01913"
"$1,995,000","483 MAIN ST , AMESBURY, MA 01913"
"$239,900","71 Cynthia Ln # 71, Amesbury, MA 01913"
"$279,000","1 HILLSIDE AVE APT 3, AMESBURY, MA 01913"
"$359,900","8 CEDAR ST , AMESBURY, MA 01913"
"$459,900","41 BIRCHMEADOW RD , AMESBURY, MA 01913"
"$565,000","2 QUIMBY LN , AMESBURY, MA 01913"
"$285,000","16 HILLSIDE AVE # 3, AMESBURY, MA 01913"
"$269,000","141 Whittier Meadows Dr # 141, Amesbury, MA 01913"
"$525,000","46 LAKE ATTITASH RD , AMESBURY, MA 01913"
"$180,000","29 Congress St # 29, Amesbury, MA 01913"
"$569,900","5 Bartletts Reach # 5, Amesbury, MA 01913"
"$509,900","20 MANILA AVE , AMESBURY, MA 01913"
"$229,900","209 Main St # C, Amesbury, MA 01913"
"$450,000","42 SPARHAWK ST , AMESBURY, MA 01913"
"$899,900","26 MERRIMAC ST , AMESBURY, MA 01913"
"$154,900","19 Powderhouse Ct # 19, Amesbury, MA 01913"
$237K,"66 MADISON ST , AMESBURY, MA 01913"
"$329,000","35 BUTTONWOOD RD , AMESBURY, MA 01913"
"$344,900","5 PLEASANT ST , AMESBURY, MA 01913"
