"$439,900","19 MARSH AVE , BEVERLY, MA 01915"
"$349,900","11 WIRLING DR , BEVERLY, MA 01915"
"$474,900","29 COLGATE RD , BEVERLY, MA 01915"
"$312,000","15 CENTRAL ST # 1, BEVERLY, MA 01915"
"$419,900","18 LEXINGTON DR , BEVERLY, MA 01915"
"$550,000","28 HIGH ST APT 4, BEVERLY, MA 01915"
"$249,900","31 ELLIOTT ST APT 2C, BEVERLY, MA 01915"
"$449,900","114 HULL ST , BEVERLY, MA 01915"
"$319,000","11 HIGHLAND AVE # 1, BEVERLY, MA 01915"
"$60,000","12 Northridge Rd # 12, Beverly, MA 01915"
"$435,000","417 ESSEX ST , BEVERLY, MA 01915"
"$499,000","23 HERRICK ST , BEVERLY, MA 01915"
"$479,000","29 GREEN ST , BEVERLY, MA 01915"
"$284,900","22 CHESTNUT ST , BEVERLY, MA 01915"
"$814,900","35 MIDDLEBURY LN , BEVERLY, MA 01915"
"$464,900","47 Cabot St , Beverly, MA 01915"
"$425,000","16 ROOSEVELT AVE , BEVERLY, MA 01915"
"$479,000","8 Hardy St # 1, Beverly, MA 01915"
"$439,000","1 WINCHESTER TER , BEVERLY, MA 01915"
"$589,000","109 WATER ST APT 204, BEVERLY, MA 01915"
"$539,900","718R Cabot St , Beverly, MA 01915"
"$1,950,000","5 FOSTER ST , BEVERLY, MA 01915"
"$529,000","21 PRINCE ST , BEVERLY, MA 01915"
"$1,995,000","200 DODGE ST , BEVERLY, MA 01915"
