"$489,900","6 SHEFFIELD RD , DANVERS, MA 01923"
"$729,900","56 SUMMER ST , DANVERS, MA 01923"
"$869,900+"," Holly Ln # L72WKB, Danvers, MA 01923"
"$849,900+"," Holly Ln # MFLKDX, Danvers, MA 01923"
"$839,900+"," Holly Ln # PP0U7X, Danvers, MA 01923"
"$499,999","38 SHERWOOD AVE , DANVERS, MA 01923"
"$529,000","120 CENTRE ST , DANVERS, MA 01923"
"$749,900","27 PRINCE ST , DANVERS, MA 01923"
"$419,900","53 SHERWOOD AVE , DANVERS, MA 01923"
"$749,900","29 PRINCE ST , DANVERS, MA 01923"
"$419,900","172 Pine St # 1, Danvers, MA 01923"
"$209,900","35 LOCUST ST APT 3, DANVERS, MA 01923"
"$639,000","35 N BELGIAN RD , DANVERS, MA 01923"
"$899,000","127 LOCUST ST , DANVERS, MA 01923"
"$779,900","3 LEBLANC DR , DANVERS, MA 01923"
"$29,900","200 North St Lot 15A, Danvers, MA 01923"
"$489,900","10 MAPLE AVE , DANVERS, MA 01923"
"$805,000","24 ROBIN HILL RD , DANVERS, MA 01923"
"$475,000","42 RIVER ST , DANVERS, MA 01923"
"$434,900","14 ENDICOTT ST , DANVERS, MA 01923"
"$220,000","52 PURCHASE ST APT C1, DANVERS, MA 01923"
"$209,900","35 LOCUST ST APT 4, DANVERS, MA 01923"
"$420,000","19 CENTRE ST , DANVERS, MA 01923"
"$389,900","37 CONSTITUTION LN # 110, DANVERS, MA 01923"
"$379,000","2 LARRABEE AVE , DANVERS, MA 01923"
