"$440,000","31 Depot Rd , Boxford, MA 01921"
"$985,000","55 BURNING BUSH DR , BOXFORD, MA 01921"
"$624,900","245 MAIN ST , BOXFORD, MA 01921"
"$699,000","24 BATCHELDER RD , BOXFORD, MA 01921"
"$769,900","88 GEORGETOWN RD , BOXFORD, MA 01921"
"$1,069,000","230A Middleton Rd , Boxford, MA 01921"
"$695,000","137 BARE HILL RD , BOXFORD, MA 01921"
"$499,000","237 MAIN ST , BOXFORD, MA 01921"
"$699,000","20 MOONPENNY DR , BOXFORD, MA 01921"
"$895,000","14 MORNINGSIDE CIR , BOXFORD, MA 01921"
"$415,000","253 WASHINGTON ST , BOXFORD, MA 01921"
"$610,000","14 WOODHILL LN , BOXFORD, MA 01921"
"$865,000","20 BARNSIDE RD , BOXFORD, MA 01921"
"$1,395,000","63 Topsfield Rd # B, Boxford, MA 01921"
"$1,299,900","10 HOVEYS POND DR , BOXFORD, MA 01921"
"$549,900","21 HIGHLAND RD , BOXFORD, MA 01921"
"$1,390,000","38 WINDING OAKS WAY , BOXFORD, MA 01921"
"$1,189,000","24 BOREN LN , BOXFORD, MA 01921"
"$850,000","599 MAIN ST , BOXFORD, MA 01921"
"$1,095,000","34 TOWNSEND FARM RD , BOXFORD, MA 01921"
"$1,100,000","37B Pye Brook Ln , Boxford, MA 01921"
"$849,900","3 REDWOOD CIR , BOXFORD, MA 01921"
"$699,000","13 BOREN LN , BOXFORD, MA 01921"
"$1,190,000","14 WINDING OAKS WAY , BOXFORD, MA 01921"
"$724,900","21 PORTER RD , BOXFORD, MA 01921"
