"$639,000","3 Moses Ln , Essex, MA 01929"
"$1,685,000","56 Choate St , Essex, MA 01929"
"$769,000","81 Choate St Unit A, Essex, MA 01929"
"$975,000","30A Belcher St , Essex, MA 01929"
"$899,000","81 CHOATE ST # B, ESSEX, MA 01929"
"$1,175,000","19 Forest Ave , Essex, MA 01929"
"$350,000","76 Eastern Ave , Essex, MA 01929"
"$535,000","0 Shea Ct , Essex, MA 01929"
"$459,000","103 Main St , Essex, MA 01929"
"$2,500,000","0 Turtle Back Rd , Essex, MA 01929"
"$425,000","1 Laurel Ln , Essex, MA 01929"
