"$259,000","79 Mount Pleasant Ave # 2, Gloucester, MA 01930"
"$409,000","20 HAMMOND ST , GLOUCESTER, MA 01930"
"$499,000","11 ORCHARD RD , GLOUCESTER, MA 01930"
"$379,000","106 MAPLEWOOD AVE , GLOUCESTER, MA 01930"
"$299,000","145 CHERRY ST , GLOUCESTER, MA 01930"
"$234,900","19 BROOKS RD , GLOUCESTER, MA 01930"
"$289,000","25 ELM ST # 2, GLOUCESTER, MA 01930"
"$394,900","10 BECKER CIR , GLOUCESTER, MA 01930"
"$539,000","5A Stanwood St , Gloucester, MA 01930"
"$375,000","62 CHERRY ST , GLOUCESTER, MA 01930"
"$369,900","8 SYLVAN ST , GLOUCESTER, MA 01930"
"$599,000","3 ROCKY PASTURE RD , GLOUCESTER, MA 01930"
"$348,800","24 HAWTHORNE RD , GLOUCESTER, MA 01930"
"$1,345,000","34 Raven Ln # 34, Gloucester, MA 01930"
"$299,000","3 HAMMOND ST , GLOUCESTER, MA 01930"
"$674,500","25 SHORE HILL RD , GLOUCESTER, MA 01930"
"$350,000","5 CHERRY HILL RD , GLOUCESTER, MA 01930"
"$949,500","7 Rackliffe St # H8, Gloucester, MA 01930"
"$3,950,000","50 MUSSELL POINT RD , GLOUCESTER, MA 01930"
$228K,"7 FAIR ST , GLOUCESTER, MA 01930"
"$449,000","54 POPLAR ST , GLOUCESTER, MA 01930"
"$299,900","44 Lexington Ave Apt G5, Gloucester, MA 01930"
"$265,000","4 SYLVAN CT , GLOUCESTER, MA 01930"
"$499,000","1097 Washington St , Gloucester, MA 01930"
"$1,100,000","1 PLOVER WAY # A, GLOUCESTER, MA 01930"
