"$474,900","36 WASHINGTON ST , IPSWICH, MA 01938"
"$845,000","28 TURKEY SHORE RD , IPSWICH, MA 01938"
"$395,000","22 MINERAL ST , IPSWICH, MA 01938"
"$495,000","55 NORTHRIDGE RD , IPSWICH, MA 01938"
"$599,000","52 COUNTY ST , IPSWICH, MA 01938"
"$400,000","74 ARGILLA RD , IPSWICH, MA 01938"
"$975,000","27 PINESWAMP RD , IPSWICH, MA 01938"
"$281,160","400 COLONIAL DR UNIT 65, IPSWICH, MA 01938"
"$749,000","4 GREEN ST , IPSWICH, MA 01938"
"$1,175,000","116 NORTHRIDGE RD , IPSWICH, MA 01938"
$300K,"17 POPLAR ST , IPSWICH, MA 01938"
"$575,000","12 PLAINS RD , IPSWICH, MA 01938"
$300K,"10 LINEBROOK RD , IPSWICH, MA 01938"
"$875,000","24 EAGLE HILL RD , IPSWICH, MA 01938"
"$699,900","294 HIGH ST , IPSWICH, MA 01938"
"$769,000","31 NORTHRIDGE RD , IPSWICH, MA 01938"
"$389,000","6 BROADWAY AVE , IPSWICH, MA 01938"
"$768,000","6 POND EDGE LN , IPSWICH, MA 01938"
"$699,000","71 THE FAIRWAYS , IPSWICH, MA 01938"
"$575,000","7 Highland Ave # 1, Ipswich, MA 01938"
"$259,900","0 Linebrook Rd , Ipswich, MA 01938"
"$879,000","4 KINGFISHER RD , IPSWICH, MA 01938"
"$799,900","364 LINEBROOK RD , IPSWICH, MA 01938"
"$2,695,000","23 NEWMARCH ST , IPSWICH, MA 01938"
"$599,000","6 ESSEX RD UNIT 3, IPSWICH, MA 01938"
