"$999,999","7 REEDY RD , LYNNFIELD, MA 01940"
"$629,900","126 OAK RIDGE TER , LYNNFIELD, MA 01940"
"$249,900","1100 SALEM ST APT 3, LYNNFIELD, MA 01940"
"$1,095,000","8 STAFFORD RD , LYNNFIELD, MA 01940"
"$549,900","79 PLEASANT AVE , LYNNFIELD, MA 01940"
"$1,169,000","7 WILLOWBY WAY , LYNNFIELD, MA 01940"
"$799,000","703 MAIN ST , LYNNFIELD, MA 01940"
"$499,999","33 PROSPECT AVE , LYNNFIELD, MA 01940"
"$579,900","68 BROOK DR , LYNNFIELD, MA 01940"
"$895,000","29 CHATHAM WAY , LYNNFIELD, MA 01940"
"$914,900","445 ESSEX ST , LYNNFIELD, MA 01940"
"$689,000","14 BANCROFT ST , LYNNFIELD, MA 01940"
"$899,000","705 LOWELL ST , LYNNFIELD, MA 01940"
"$779,500","8 HUCKLEBERRY RD , LYNNFIELD, MA 01940"
"$2,499,000","6 N HILL DR , LYNNFIELD, MA 01940"
"$779,900","15 Ramsdell Way Unit 30, Lynnfield, MA 01940"
"$599,900","12 MITCHELL RD , LYNNFIELD, MA 01940"
"$999,000","21 HUNTINGDON RD , LYNNFIELD, MA 01940"
"$1,375,888","10 TAPPAN WAY , LYNNFIELD, MA 01940"
"$1,199,000","22 N HILL DR , LYNNFIELD, MA 01940"
"$449,900","21 BEECHWOOD RD , LYNNFIELD, MA 01940"
"$1,350,000","1 HILLTOP RD , LYNNFIELD, MA 01940"
"$1,750,000","1 ASHLEY CT , LYNNFIELD, MA 01940"
"$1,329,000","9 WINDSOR RD , LYNNFIELD, MA 01940"
"$565,000","34 DOUGLAS RD , LYNNFIELD, MA 01940"
