"$1,390,000","69 BRIDGE ST , MANCHESTER, MA 01944"
"$559,000","22 FOREST ST , MANCHESTER, MA 01944"
"$649,000","32 VINE ST , MANCHESTER, MA 01944"
"$1,395,000","26 SCHOOL ST , MANCHESTER, MA 01944"
"$15,150,000","27 SMITHS POINT RD , MANCHESTER, MA 01944"
"$1,195,000","6 VICTORIA RD , MANCHESTER, MA 01944"
"$1,450,000","3 BLYNMAN CIR , MANCHESTER, MA 01944"
"$997,000","33 VINE ST , MANCHESTER, MA 01944"
"$880,000","1 KINGS WAY , MANCHESTER, MA 01944"
"$1,295,000","8 Plum Hill Rd # 12, Manchester By the Sea, MA 01944"
"$359,900","24 Desmond Ave # 1, Manchester, MA 01944"
"$369,900","40 Central St # 2, Manchester, MA 01944"
"$1,150,000","216 Summer St , Manchester, MA 01944"
"$2,975,000","2 BLOSSOM LN , MANCHESTER, MA 01944"
"$1,975,000","84 BRIDGE ST , MANCHESTER, MA 01944"
"$1,700,000","450 SUMMER ST , MANCHESTER, MA 01944"
"$2,750,000","22 & 22r University Ln , Manchester, MA 01944"
"$3,700,000","6 PROCTOR ST , MANCHESTER, MA 01944"
"$3,400,000","15 HIGHLAND AVE , MANCHESTER, MA 01944"
"$4,450,000","3 DEXTER LN , MANCHESTER, MA 01944"
"$649,000","20 BOARDMAN AVE , MANCHESTER, MA 01944"
"$1,545,000","5 FOREST LN , MANCHESTER, MA 01944"
"$549,000","15-17 Bridge St , Manchester, MA 01944"
"$939,000","11 MILL ST , MANCHESTER, MA 01944"
