"$749,900","1R Ticehurst Ln , Marblehead, MA 01945"
"$625,000","17 ELM ST , MARBLEHEAD, MA 01945"
"$675,000","18 LINDEN ST , MARBLEHEAD, MA 01945"
"$840,000","1 ARTHUR AVE , MARBLEHEAD, MA 01945"
"$1,399,000","39 ORNE ST , MARBLEHEAD, MA 01945"
"$968,000","27 CHURCHILL RD , MARBLEHEAD, MA 01945"
"$669,000","8 POND ST , MARBLEHEAD, MA 01945"
"$624,995","85 JERSEY ST , MARBLEHEAD, MA 01945"
"$489,000","18 STONY BROOK RD , MARBLEHEAD, MA 01945"
"$629,000","11 PEACH HIGHLANDS , MARBLEHEAD, MA 01945"
"$639,500","4 COMMERCIAL ST , MARBLEHEAD, MA 01945"
"$199,900","171-R Pleasant St # 2, Marblehead, MA 01945"
"$1,475,000","17 VASSAR RD , MARBLEHEAD, MA 01945"
"$3,495,000","17 BRADLEE RD , MARBLEHEAD, MA 01945"
"$1,610,000","33 FRANKLIN ST , MARBLEHEAD, MA 01945"
"$1,395,000","12 WESTPORT LN , MARBLEHEAD, MA 01945"
"$589,900","38 RUBY AVE , MARBLEHEAD, MA 01945"
"$899,900","5 INDEPENDENCE WAY APT D, MARBLEHEAD, MA 01945"
"$299,900","17 MUGFORD ST # 1, MARBLEHEAD, MA 01945"
"$489,900","39 LINCOLN AVE # 2, MARBLEHEAD, MA 01945"
"$699,000","3 HILLCREST RD , MARBLEHEAD, MA 01945"
"$899,000","20 MIDDLE ST , MARBLEHEAD, MA 01945"
"$489,900","50 LINCOLN AVE , MARBLEHEAD, MA 01945"
"$869,000","234 WASHINGTON ST , MARBLEHEAD, MA 01945"
"$699,000","87 JERSEY ST , MARBLEHEAD, MA 01945"
