"$399,900","9 HILLDALE AVE , MIDDLETON, MA 01949"
"$1,485,000","1 WARREN DR , MIDDLETON, MA 01949"
"$454,651","15 RIVERVIEW DR , MIDDLETON, MA 01949"
"$499,999","148 N MAIN ST , MIDDLETON, MA 01949"
"$399,000","34 MAPLE ST , MIDDLETON, MA 01949"
"$799,900","128 ESSEX ST , MIDDLETON, MA 01949"
"$949,000","10 BISHOP LN , MIDDLETON, MA 01949"
"$1,200,000","4 Augusta Way , Middleton, MA 01949"
"$729,000","109 FLINT FARM RD , MIDDLETON, MA 01949"
"$435,000","27 E MEADOW LN , MIDDLETON, MA 01949"
"$579,000","91 Fuller Pond Rd # 161, Middleton, MA 01949"
"$1,200,000","4 Augusta Way # 4, Middleton, MA 01949"
"$764,000","24 Cranberry Ln # 24, Middleton, MA 01949"
"$599,000","8 Walnut Ln , Middleton, MA 01949"
"$599,000","8 Walnut Ln # 8, Middleton, MA 01949"
"$345,000","211 Ferncroft Tower # 211, Middleton, MA 01949"
"$1,100,000","23 OGDEN LN , MIDDLETON, MA 01949"
"$708,900","6 WATKINS WAY , MIDDLETON, MA 01949"
"$589,900","14 UPTON HILLS LN , MIDDLETON, MA 01949"
"$899,888","105 MILL ST , MIDDLETON, MA 01949"
"$899,900","10 JONES RD , MIDDLETON, MA 01949"
"$170,000","0 Essex , Middleton, MA 01949"
"$274,900","21 HILLDALE AVE , MIDDLETON, MA 01949"
