"$364,900","188 BEACH RD UNIT 11, SALISBURY, MA 01952"
"$529,000","61 CABLE AVE # A, SALISBURY, MA 01952"
"$389,000"," 2 Emerald Way , Salisbury, MA 01952"
"$179,900","52 FOREST RD , SALISBURY, MA 01952"
"$354,000","63 RABBIT RD , SALISBURY, MA 01952"
"$430,000","27 HIGH ST , SALISBURY, MA 01952"
"$369,900","20 LOCUST ST , SALISBURY, MA 01952"
"$465,000","1 MCCANCE WAY , SALISBURY, MA 01952"
"$499,900","21 ATLANTIC AVE UNIT 1, SALISBURY, MA 01952"
"$489,000","50 DOCK LN , SALISBURY, MA 01952"
"$181,716","135 BEACH RD UNIT B209, SALISBURY, MA 01952"
"$879,000","162 N END BLVD , SALISBURY, MA 01952"
"$183,804","135 BEACH RD UNIT B202, SALISBURY, MA 01952"
"$1,150,000","5 7TH ST E , SALISBURY, MA 01952"
"$372,900","528 N End Blvd Unit 2, Salisbury, MA 01952"
"$439,900","8 Mason Ln # 48, Salisbury, MA 01952"
"$2,200,000","420 N END BLVD , SALISBURY, MA 01952"
"$372,900","528 N End Blvd # 2-N, Salisbury, MA 01952"
"$599,999","67 N End Blvd , Salisbury, MA 01952"
"$649,900","7 CORPORAL PATTEN WAY , SALISBURY, MA 01952"
"$595,750","588 N END BLVD , SALISBURY, MA 01952"
"$379,900","46 BEACH RD , SALISBURY, MA 01952"
"$439,900","285 N END BLVD # 3, SALISBURY, MA 01952"
"$334,900","11 RAILROAD AVE UNIT B6, SALISBURY, MA 01952"
"$295,000","56 ATLANTIC AVE # 5, SALISBURY, MA 01952"
