"$699,900","26 DARTMOUTH WAY , NEWBURY, MA 01951"
"$539,900","18 SOUTHERN BLVD , NEWBURY, MA 01951"
"$349,000","84 OLD POINT RD , NEWBURY, MA 01951"
"$1,479,000","17 MARSH AVE , NEWBURY, MA 01951"
"$157,500","58 OLD ROWLEY RD , NEWBURY, MA 01951"
"$732,995","25 BASIN FRONT DR , NEWBURY, MA 01951"
"$559,000","4 MORGAN AVE , NEWBURY, MA 01951"
"$577,000","31 OLD ROWLEY RD , NEWBURY, MA 01951"
"$824,900","109 High Rd # A, Newbury, MA 01951"
"$1,595,000","35 HIGH RD , NEWBURY, MA 01951"
"$549,000","8 HIGH RD # B, NEWBURY, MA 01951"
"$1,650,000","22 RIVERFRONT , NEWBURY, MA 01951"
"$599,995","43 Hanover St # A, Newbury, MA 01951"
"$1,500,000","255 HIGH RD , NEWBURY, MA 01951"
"$949,000","10 ANNAPOLIS WAY , NEWBURY, MA 01951"
"$1,500,000","14 WILSHIRE RD , NEWBURY, MA 01951"
"$1,625,000","2 William Hurley Way , Newbury, MA 01951"
"$1,100,000","132 HIGH RD , NEWBURY, MA 01951"
"$400,000","4 35TH ST , NEWBURY, MA 01951"
"$249,900","16 PLUM ISLAND BLVD , NEWBURY, MA 01951"
"$305,000","Lot 7 LOW ST , NEWBURYPORT, MA 01951"
"$345,000","56 HAY ST , NEWBURY, MA 01951"
