"$1,399,900","274 HIGH ST , NEWBURYPORT, MA 01950"
"$954,900","99 Reservation Ter # 99, Newburyport, MA 01950"
"$1,649,900","15 82ND ST , NEWBURYPORT, MA 01950"
"$399,900","141 CROW LN , NEWBURYPORT, MA 01950"
"$929,000","18 Boyd Dr , Newburyport, MA 01950"
"$409,900","5 FAIR ST # B, NEWBURYPORT, MA 01950"
"$525,000","28-32 Liberty St Unit 5, Newburyport, MA 01950"
"$1,300,000+","266 Merrimac St # 6TT6D9, Newburyport, MA 01950"
"$1,495,000+","266 Merrimac St # 4GXT7J, Newburyport, MA 01950"
"$362,000","243 Merrimac St # B, Newburyport, MA 01950"
"$875,000+","266 Merrimac St # 6HNLP, Newburyport, MA 01950"
"$799,900","7 DOROTHY E LUCEY DR , NEWBURYPORT, MA 01950"
"$425,000","237 NORTHERN BLVD , NEWBURYPORT, MA 01950"
"$347,900","57 LIME ST # 3, NEWBURYPORT, MA 01950"
"$509,000","5 Atkinson St # 5, Newburyport, MA 01950"
"$599,900","17 56TH ST , NEWBURYPORT, MA 01950"
"$759,000","7 HIGHLAND AVE , NEWBURYPORT, MA 01950"
"$284,777","57 BOARDMAN ST # 2, NEWBURYPORT, MA 01950"
"$1,245,000","1 BASIN ST , NEWBURYPORT, MA 01950"
"$510,000","53 WARREN ST APT 313, NEWBURYPORT, MA 01950"
"$549,900","19 ESSEX ST APT 4, NEWBURYPORT, MA 01950"
"$1,250,000","301 WATER ST , NEWBURYPORT, MA 01950"
"$385,000","8 STOREY AVE , NEWBURYPORT, MA 01950"
"$979,900","9 K ST , NEWBURYPORT, MA 01950"
"$649,900","21 VIRGINIA LN , NEWBURYPORT, MA 01950"
