"$379,900","3A Dooling Cir , Peabody, MA 01960"
"$449,900","3 MANOR DR , PEABODY, MA 01960"
"$339,000","54 GLENDALE AVE , PEABODY, MA 01960"
"$472,000","150 BARTHOLOMEW ST , PEABODY, MA 01960"
"$375,000","10 DANE ST , PEABODY, MA 01960"
"$419,900","114 LYNN ST , PEABODY, MA 01960"
"$404,900","36 ABERDEEN AVE , PEABODY, MA 01960"
"$499,000","17 SUMMIT TER , PEABODY, MA 01960"
"$465,900","53 FRANKLIN ST , PEABODY, MA 01960"
"$569,900","11 SYMPHONY RD , PEABODY, MA 01960"
"$550,000","183 WINONA ST , PEABODY, MA 01960"
"$469,000","27 PATRICIA RD , PEABODY, MA 01960"
"$379,000","17B County St # 17B, Peabody, MA 01960"
"$459,900","9 LOUIS RD , PEABODY, MA 01960"
"$329,900","30 N CENTRAL ST UNIT 5, PEABODY, MA 01960"
"$399,000","44 KING ST , PEABODY, MA 01960"
"$599,999","15 DALE ST , PEABODY, MA 01960"
"$340,000","13 ENDICOTT ST # 1, PEABODY, MA 01960"
"$699,999","65 GOODALE ST , PEABODY, MA 01960"
"$79,900","150-A Bartholomew St , Peabody, MA 01960"
"$389,000","17A County St # 17A, Peabody, MA 01960"
"$539,900","7 LISA RD , PEABODY, MA 01960"
"$415,000","16 BARTHOLOMEW TER , PEABODY, MA 01960"
"$524,900","3 MARKET ST , PEABODY, MA 01960"
"$339,900","5 SYLVIA RD , PEABODY, MA 01960"
