"$2,499,000","1 PRIDES LN , ROCKPORT, MA 01966"
"$1,050,000","165 GRANITE ST , ROCKPORT, MA 01966"
"$489,000","3 SQUAM HILL RD , ROCKPORT, MA 01966"
"$350,000","89 LONG BCH , ROCKPORT, MA 01966"
"$425,000","47 HIGH ST , ROCKPORT, MA 01966"
"$1,599,000","8 MARCHANT ST , ROCKPORT, MA 01966"
"$344,900","3 BROOKS RD , ROCKPORT, MA 01966"
"$549,900","36 Quarry Ridge Ln # 36, Rockport, MA 01966"
"$1,789,000","1 CEDAR AVE , ROCKPORT, MA 01966"
"$1,095,000","111 GRANITE ST , ROCKPORT, MA 01966"
"$725,000","43 Bearskin Nck # 53, Rockport, MA 01966"
"$790,000","3 PIONEER CIR , ROCKPORT, MA 01966"
"$1,365,000","78 PENZANCE RD , ROCKPORT, MA 01966"
"$1,599,000","8 ANDREWS HOLW , ROCKPORT, MA 01966"
"$819,900","7 GALE AVE , ROCKPORT, MA 01966"
"$283,500","4 PLEASANT ST APT 1, ROCKPORT, MA 01966"
"$1,595,000","51 Marmion Way , Rockport, MA 01966"
"$1,595,000","3 ATHENA WAY , ROCKPORT, MA 01966"
"$779,000","1 SOUTH ST , ROCKPORT, MA 01966"
"$894,000","9 LANDMARK LN , ROCKPORT, MA 01966"
"$1,650,000","25 DOCK SQ , ROCKPORT, MA 01966"
"$2,495,000","51 & 51a Marmion Way , Rockport, MA 01966"
"$779,000","5 GREEN ST , ROCKPORT, MA 01966"
"$2,299,000","101 Marmion Way , Rockport, MA 01966"
"$359,900","15 TARRS LN W # A, ROCKPORT, MA 01966"
