"$809,900","42 WILKES RD , ROWLEY, MA 01969"
"$359,900","25 SCHOOL ST , ROWLEY, MA 01969"
"$340,000","166 HILLSIDE ST , ROWLEY, MA 01969"
"$749,900","563 WETHERSFIELD ST , ROWLEY, MA 01969"
"$599,900","9 WILSON POND LN , ROWLEY, MA 01969"
"$599,000","542 NEWBURYPORT TPKE , ROWLEY, MA 01969"
"$659,900","50 CROSS ST , ROWLEY, MA 01969"
"$599,900","84 WELDON FARM RD , ROWLEY, MA 01969"
"$699,000","14 GREEN NEEDLE LN , ROWLEY, MA 01969"
"$599,000","161 NEWBURY RD , ROWLEY, MA 01969"
"$750,000","21 ARTHUR GORDON DR , ROWLEY, MA 01969"
"$490,000","49 WILSON POND LN , ROWLEY, MA 01969"
"$349,900","278 CENTRAL ST , ROWLEY, MA 01969"
"$800,000","870 HAVERHILL ST APT 24C, ROWLEY, MA 01969"
"$349,900","201 MAIN ST , ROWLEY, MA 01969"
"$349,900","245 Main St , Rowley, MA 01969"
"$689,000","548 WETHERSFIELD ST , ROWLEY, MA 01969"
