"$6,000","33 Washington Sq , Salem, MA 01970"
"$189,900","11 READ ST # 5, SALEM, MA 01970"
"$200,000","102 FEDERAL ST # 2, SALEM, MA 01970"
"$239,900","4 Boardman St # 1, Salem, MA 01970"
"$660,000","92 BAY VIEW AVE , SALEM, MA 01970"
"$309,900","3 BUTLER ST , SALEM, MA 01970"
"$649,000","19 North St # A, Salem, MA 01970"
"$397,000","4 DUNDEE ST , SALEM, MA 01970"
"$525,000","73 PIERPONT ST , SALEM, MA 01970"
"$575,000","10 PRINCE ST , SALEM, MA 01970"
"$375,000","24 IRVING ST , SALEM, MA 01970"
"$464,000","1 ELM AVE , SALEM, MA 01970"
"$389,900","6 Granite St # 2, Salem, MA 01970"
"$229,000","12 PRESCOTT ST # 2, SALEM, MA 01970"
"$287,000","5 DANIELS STREET CT # 3, SALEM, MA 01970"
"$897,400","1 FORRESTER ST , SALEM, MA 01970"
"$509,000","78 VALLEY ST , SALEM, MA 01970"
"$287,900","4 NORTHEY ST # 1, SALEM, MA 01970"
"$389,000","1 Hamilton St # 1, Salem, MA 01970"
"$329,900","35 Putnam St # 35, Salem, MA 01970"
"$365,000","22 GROVE ST # 2, SALEM, MA 01970"
"$1,250,000","30 BAY VIEW AVE , SALEM, MA 01970"
"$389,000","12 LINCOLN RD , SALEM, MA 01970"
$291K,"24 BARNES CIR , SALEM, MA 01970"
"$399,900","30 GREENWAY RD , SALEM, MA 01970"
