"$399,000","11 RUST ST , SOUTH HAMILTON, MA 01982"
"$389,900","148 HIGHLAND ST , SOUTH HAMILTON, MA 01982"
"$1,189,000","343 BAY RD , SOUTH HAMILTON, MA 01982"
"$560,000","33 CUNNINGHAM DR , SOUTH HAMILTON, MA 01982"
"$175,000","26 LEE PARK , SOUTH HAMILTON, MA 01982"
"$549,000","100 FOREST ST , SOUTH HAMILTON, MA 01982"
"$525,000","4 CULLIVAN LN , SOUTH HAMILTON, MA 01982"
"$869,000","26 WALNUT RD , SOUTH HAMILTON, MA 01982"
"$1,295,000","171 ESSEX ST , SOUTH HAMILTON, MA 01982"
"$559,900","300 ESSEX ST , SOUTH HAMILTON, MA 01982"
"$795,000","572 HIGHLAND ST , SOUTH HAMILTON, MA 01982"
"$2,695,000","236 SAGAMORE ST , SOUTH HAMILTON, MA 01982"
$424K,"99 HOMESTEAD CIR , SOUTH HAMILTON, MA 01982"
"$1,950,000","649 BAY RD , SOUTH HAMILTON, MA 01982"
"$1,985,000","448 BAY RD , SOUTH HAMILTON, MA 01982"
"$505,000","13 OLD CART RD , SOUTH HAMILTON, MA 01982"
"$589,000","16 BLUEBERRY LN , SOUTH HAMILTON, MA 01982"
"$1,350,000","45 AUTUMN LN , SOUTH HAMILTON, MA 01982"
"$1,169,000","690 BAY RD , SOUTH HAMILTON, MA 01982"
"$2,995,000","1028 BAY RD , SOUTH HAMILTON, MA 01982"
"$2,490,000","627 BAY RD , SOUTH HAMILTON, MA 01982"
"$1,295,000","786 BAY RD , HAMILTON, MA 01982"
"$419,900","106 Asbury St # 1, South Hamilton, MA 01982"
"$2,500,000","468 HIGHLAND ST , SOUTH HAMILTON, MA 01982"
"$1,400,000","494 ESSEX ST , SOUTH HAMILTON, MA 01982"
