"$685,000+","470 Boston Street 28 Rolling Grn # 68EAY2, Topsfield, MA 01983"
"$725,000+","470 Boston Street 28 Rolling Grn # BW3Q0S, Topsfield, MA 01983"
"$615,000+","470 Boston Street 28 Rolling Grn # LVTROR, Topsfield, MA 01983"
"$699,000","26 CANDLEWOOD DR , TOPSFIELD, MA 01983"
"$599,900","26 PARSONAGE LN , TOPSFIELD, MA 01983"
"$779,000","85 IPSWICH RD , TOPSFIELD, MA 01983"
"$1,090,000","104 NORTH ST , TOPSFIELD, MA 01983"
"$650,000","19 BROOKSIDE RD , TOPSFIELD, MA 01983"
"$679,900","19 RIDGEVIEW RD , TOPSFIELD, MA 01983"
"$549,000","20 PROCTOR DR , TOPSFIELD, MA 01983"
"$1,200,000","5 WOODBRIER RD , TOPSFIELD, MA 01983"
"$629,900","1 HILL ST , TOPSFIELD, MA 01983"
"$1,100,000","150 Washington St , Topsfield, MA 01983"
"$539,900","64 PERKINS ROW , TOPSFIELD, MA 01983"
"$310,000","83 BARE HILL RD , TOPSFIELD, MA 01983"
"$2,695,000","195 ROWLEY BRIDGE RD , TOPSFIELD, MA 01983"
"$838,400","39 Prospect Street Prospect St , Topsfield, MA 01983"
"$725,000","470 Boston St # 22, Topsfield, MA 01983"
"$679,900","470 Boston St # 8, Topsfield, MA 01983"
"$687,500","150 Washington St , Topsfield, MA 01983"
"$615,000","470 Boston St # 2, Topsfield, MA 01983"
