"$295,000","409 Middle St , West Newbury, MA 01985"
"$539,900","48 SOUTH ST , WEST NEWBURY, MA 01985"
"$649,000","3 RIVER RD , WEST NEWBURY, MA 01985"
"$739,900","47 MOULTON ST , WEST NEWBURY, MA 01985"
"$779,900","177 RIVER RD , WEST NEWBURY, MA 01985"
"$1,299,000","80 CHURCH ST , WEST NEWBURY, MA 01985"
"$539,900","196 CRANE NECK ST , WEST NEWBURY, MA 01985"
"$800,000","9 KENT CT , WEST NEWBURY, MA 01985"
"$559,900","124 MAIN ST , WEST NEWBURY, MA 01985"
"$639,000","108 BACHELOR ST , WEST NEWBURY, MA 01985"
"$650,000","20 MIDDLE ST , WEST NEWBURY, MA 01985"
"$629,000","905 MAIN ST , WEST NEWBURY, MA 01985"
"$599,900","135 INDIAN HILL ST , WEST NEWBURY, MA 01985"
"$685,000","211 RIVER RD , WEST NEWBURY, MA 01985"
"$850,000","8 CORTLAND LN , WEST NEWBURY, MA 01985"
"$1,100,000","56 CHURCH ST , WEST NEWBURY, MA 01985"
"$929,999","3 DOLE PL , WEST NEWBURY, MA 01985"
"$699,900","15 CHURCH ST , WEST NEWBURY, MA 01985"
$332K,"85 BACHELOR ST , WEST NEWBURY, MA 01985"
"$619,900","7 FOLLINSBEE LN , WEST NEWBURY, MA 01985"
"$273,000","97 MOULTON ST , WEST NEWBURY, MA 01985"
"$399,900","183 RIVER RD , WEST NEWBURY, MA 01985"
"$649,900"," Lot 16 Daley Dr # 16, West Newbury, MA 01985"
"$749,900","9 Sullivans Ct , West Newbury, MA 01985"
"$799,900","15 Sullivans Ct , West Newbury, MA 01985"
