"$879,900","24 RUBBLY RD , WENHAM, MA 01984"
"$760,000","6 DEXTER LN , WENHAM, MA 01984"
"$719,000","7 MONUMENT ST , WENHAM, MA 01984"
"$339,000","10 FRIEND CT UNIT 4, WENHAM, MA 01984"
"$2,150,000","232 LARCH ROW , WENHAM, MA 01984"
"$1,199,000","6 CHARLES DAVIS DR , WENHAM, MA 01984"
"$1,895,000","45 DODGES ROW , WENHAM, MA 01984"
"$1,425,000","49 WILLIAM FAIRFIELD DR , WENHAM, MA 01984"
"$2,475,000","114 LARCH ROW , WENHAM, MA 01984"
"$1,025,000","6 HILLTOP DR , WENHAM, MA 01984"
"$1,295,000","41 WILLIAM FAIRFIELD DR , WENHAM, MA 01984"
"$939,000","1 CHARLES DAVIS DR , WENHAM, MA 01984"
"$5,795,000","59 WALNUT RD , WENHAM, MA 01984"
"$990,000","1 SETTLERS LN , WENHAM, MA 01984"
"$925,000","32 Topsfield Rd Lot 10, Wenham, MA 01984"
