"$72,080","24 ASHLEY ST , SPRINGFIELD, MA 01105"
"$69,987","35-37 Armory St , Springfield, MA 01105"
"$109,900","58 FREMONT ST , SPRINGFIELD, MA 01105"
"$77,600","3 ASHLEY ST , SPRINGFIELD, MA 01105"
"$179,900","229 CENTRAL ST , SPRINGFIELD, MA 01105"
"$77,000","17 Windsor St # 19, Springfield, MA 01105"
"$74,900","53 GEORGE ST , SPRINGFIELD, MA 01105"
"$178,900","32 Mattoon St # 4, Springfield, MA 01105"
"$134,999","386 HANCOCK ST , SPRINGFIELD, MA 01105"
"$99,000","226 PEARL ST APT 2R, SPRINGFIELD, MA 01105"
"$325,000","424 CENTRAL ST , SPRINGFIELD, MA 01105"
"$145,000","29 NEWMAN ST , SPRINGFIELD, MA 01105"
"$119,900","29 CEDAR ST , SPRINGFIELD, MA 01105"
"$279,900","33 ASHLEY ST , SPRINGFIELD, MA 01105"
"$350,000","13-15 Morris , Springfield, MA 01105"
"$299,000","9-15 Morris , Springfield, MA 01105"
"$184,900","22 BROAD ST , SPRINGFIELD, MA 01105"
"$100,000","135-137 CEDAR ST , SPRINGFIELD, MA 01105"
"$179,900","425 TAYLOR ST , SPRINGFIELD, MA 01105"
"$60,000","9-11 Morris , Springfield, MA 01105"
"$104,900","79 KNOX ST , SPRINGFIELD, MA 01105"
"$24,900","213 Pine St , Springfield, MA 01105"
