"$44,900","140 CHESTNUT ST APT 407, SPRINGFIELD, MA 01103"
"$169,900","235 STATE ST APT 116, SPRINGFIELD, MA 01103"
"$31,500","140 CHESTNUT ST APT 709, SPRINGFIELD, MA 01103"
"$31,500","140 CHESTNUT ST APT 310, SPRINGFIELD, MA 01103"
"$144,900","77 HURON ST , SPRINGFIELD, MA 01104"
"$135,000","84 ANDREW ST , SPRINGFIELD, MA 01109"
"$89,999","38 MELROSE ST , SPRINGFIELD, MA 01109"
"$169,900","49 NORMAN ST , SPRINGFIELD, MA 01104"
"$72,080","24 ASHLEY ST , SPRINGFIELD, MA 01105"
"$199,999","41 Johnson St , Springfield, MA 01108"
"$149,999","9-11 BLOOMFIELD ST , SPRINGFIELD, MA 01108"
"$169,999","430 PLAINFIELD ST , SPRINGFIELD, MA 01107"
