"$144,900","77 HURON ST , SPRINGFIELD, MA 01104"
"$169,900","49 NORMAN ST , SPRINGFIELD, MA 01104"
"$195,000","12 Cherrelyn St , Springfield, MA 01104"
"$120,000","146 DAVIS ST , SPRINGFIELD, MA 01104"
"$119,000","249 SAINT JAMES BLVD , SPRINGFIELD, MA 01104"
"$124,900","277 EDENDALE ST , SPRINGFIELD, MA 01104"
"$124,900","54 GEORGETOWN ST , SPRINGFIELD, MA 01104"
"$165,000","1066 CAREW ST , SPRINGFIELD, MA 01104"
"$109,900","60 MOORELAND ST , SPRINGFIELD, MA 01104"
"$149,900","60 KULIG ST , SPRINGFIELD, MA 01104"
"$180,000","66 SUZANNE ST , SPRINGFIELD, MA 01104"
"$124,900","27 GOVERNOR ST , SPRINGFIELD, MA 01104"
"$120,600","142 WINDEMERE ST , SPRINGFIELD, MA 01104"
"$189,900","109 Redlands St # 111, Springfield, MA 01104"
"$124,900","69 EDDY ST , SPRINGFIELD, MA 01104"
"$134,900","89 CORONA ST , SPRINGFIELD, MA 01104"
$98K,"1153 SAINT JAMES AVE , SPRINGFIELD, MA 01104"
"$169,900","48 Hastings St # 50, Springfield, MA 01104"
"$139,900","443 Franklin St # 445, Springfield, MA 01104"
$125K,"87 HURON ST , SPRINGFIELD, MA 01104"
"$164,900","220-222 CONNECTICUT AVE , SPRINGFIELD, MA 01104"
"$135,900","136 MELHA AVE , SPRINGFIELD, MA 01104"
"$147,900","56 NORMAN ST , SPRINGFIELD, MA 01104"
