"$450,000","79 MAPLE RD , LONGMEADOW, MA 01106"
"$299,900","81 FIELD RD , LONGMEADOW, MA 01106"
"$375,000","36 FALMOUTH RD , LONGMEADOW, MA 01106"
"$319,000","24 S PARK PL , LONGMEADOW, MA 01106"
"$309,900","1215 LONGMEADOW ST , LONGMEADOW, MA 01106"
"$309,900","137 GREENACRE AVE , LONGMEADOW, MA 01106"
"$999,000","45 TWIN HILLS DR , LONGMEADOW, MA 01106"
"$275,500","154 YARMOUTH ST , LONGMEADOW, MA 01106"
"$468,000","41 DOVER RD , LONGMEADOW, MA 01106"
"$280,000","31 SOUTH AVE , LONGMEADOW, MA 01106"
"$439,900","49 QUINNEHTUK RD , LONGMEADOW, MA 01106"
"$899,999","49 MEMERY LN , LONGMEADOW, MA 01106"
"$389,900","74 Park Dr , Springfield, MA 01106"
"$369,000","117 CRESCENT RD , LONGMEADOW, MA 01106"
"$719,000","132 PRYNNWOOD RD , LONGMEADOW, MA 01106"
"$1,100,000","702 LONGMEADOW ST , LONGMEADOW, MA 01106"
"$269,900","42 WOOLWORTH ST , LONGMEADOW, MA 01106"
"$489,900","17 ANDOVER RD , LONGMEADOW, MA 01106"
"$739,900","73 TWIN HILLS DR , LONGMEADOW, MA 01106"
"$279,900","112 BROOKWOOD DR , LONGMEADOW, MA 01106"
"$285,000","37 HAWTHORNE ST , LONGMEADOW, MA 01106"
"$269,900","204 MAPLE RD , LONGMEADOW, MA 01106"
"$369,900","115 BENEDICT TER , LONGMEADOW, MA 01106"
"$250,000","89 BLISS RD , LONGMEADOW, MA 01106"
"$499,900","47 ERSKINE DR , LONGMEADOW, MA 01106"
