"$149,900","95 LEAVITT ST , SPRINGFIELD, MA 01109"
"$104,000","246 ROSEWELL ST , SPRINGFIELD, MA 01109"
"$39,900","858 BRADLEY RD , SPRINGFIELD, MA 01109"
"$194,900","32 WESTFORD AVE , SPRINGFIELD, MA 01109"
"$135,000","84 ANDREW ST , SPRINGFIELD, MA 01109"
"$159,900","679 BRADLEY RD , SPRINGFIELD, MA 01109"
"$189,900","24 ARBUTUS ST , SPRINGFIELD, MA 01109"
"$159,000","144 KING ST , SPRINGFIELD, MA 01109"
"$49,900","94 NEWHALL ST , SPRINGFIELD, MA 01109"
"$64,500","37 DRESDEN ST , SPRINGFIELD, MA 01109"
"$189,900","198 FLORIDA ST , SPRINGFIELD, MA 01109"
"$148,000","25 HOBSON ST , SPRINGFIELD, MA 01109"
"$99,900","222 ROSEWELL ST , SPRINGFIELD, MA 01109"
"$89,999","38 MELROSE ST , SPRINGFIELD, MA 01109"
"$139,999","38 COLLINS ST , SPRINGFIELD, MA 01109"
"$62,500","18 HUNTER PL , SPRINGFIELD, MA 01109"
"$99,999","194 TYLER ST , SPRINGFIELD, MA 01109"
"$159,900","32 Dawes St , Springfield, MA 01109"
"$179,900","41 DARTMOUTH ST , SPRINGFIELD, MA 01109"
$69K,"1100 ROOSEVELT AVE , SPRINGFIELD, MA 01109"
"$74,900","190 BUCKINGHAM ST , SPRINGFIELD, MA 01109"
"$114,999","104 ROLLINS ST , SPRINGFIELD, MA 01109"
"$229,900","52 Jasper St , Springfield, MA 01109"
"$127,900","86 SILAS ST , SPRINGFIELD, MA 01109"
"$284,900","95 INGERSOLL GRV , SPRINGFIELD, MA 01109"
