"$169,999","430 PLAINFIELD ST , SPRINGFIELD, MA 01107"
"$217,500","122 ATWATER TER , SPRINGFIELD, MA 01107"
"$174,888","374 SPRINGFIELD ST , SPRINGFIELD, MA 01107"
"$165,000","35-37 BARTLETT ST , SPRINGFIELD, MA 01107"
"$178,500","34-36 STERLING ST , SPRINGFIELD, MA 01107"
"$36,550","196 MASSASOIT ST , SPRINGFIELD, MA 01107"
$81K,"23 BEVIER ST , SPRINGFIELD, MA 01107"
"$169,900","1446-1450 DWIGHT ST , SPRINGFIELD, MA 01107"
"$169,900","1529 DWIGHT ST , SPRINGFIELD, MA 01107"
"$92,000","47 Eagle St # 49, Springfield, MA 01107"
"$104,940","109 ABBE AVE , SPRINGFIELD, MA 01107"
$124K,"44-46 CALHOUN ST , SPRINGFIELD, MA 01107"
"$325,000","17 JEFFERSON AVE , SPRINGFIELD, MA 01107"
"$237,900","44 Calhoun St , Springfield, MA 01107"
"$10,000","78 CALHOUN ST , SPRINGFIELD, MA 01107"
