"$89,900","17 BRUNSWICK ST , SPRINGFIELD, MA 01108"
"$160,000","15 MOUNTAINVIEW ST , SPRINGFIELD, MA 01108"
"$194,900","22 VIRGINIA ST , SPRINGFIELD, MA 01108"
"$85,000","56 LEYFRED TER , SPRINGFIELD, MA 01108"
"$59,900","118 Longhill St Apt 7B, Springfield, MA 01108"
"$209,500","97 OLMSTED DR , SPRINGFIELD, MA 01108"
"$149,999","65 WILMONT ST , SPRINGFIELD, MA 01108"
"$178,500","33 MOUNTAINVIEW ST , SPRINGFIELD, MA 01108"
"$549,000","162 Fort Pleasant Ave , Springfield, MA 01108"
"$169,900","37 WESTERNVIEW ST , SPRINGFIELD, MA 01108"
"$1,450,000","10PROPERTY 24 Units , Springfield, MA 01108"
"$149,999","9-11 BLOOMFIELD ST , SPRINGFIELD, MA 01108"
$50K,"218 White St , Springfield, MA 01108"
"$199,999"," White St , Springfield, MA 01108"
"$112,000","41 Johnson St , Springfield, MA 01108"
"$119,900","95 SUMNER AVE APT 6, SPRINGFIELD, MA 01108"
"$245,000","15 SHAMROCK CT , SPRINGFIELD, MA 01108"
"$89,900","50 WASHINGTON RD , SPRINGFIELD, MA 01108"
"$169,900","132 Allen St # 136, Springfield, MA 01108"
"$124,900","14 FAIRFIELD ST , SPRINGFIELD, MA 01108"
$78K,"781 WHITE ST , SPRINGFIELD, MA 01108"
"$129,900","16 SACHEM ST , SPRINGFIELD, MA 01108"
"$299,900","16 GLENDELL TER , SPRINGFIELD, MA 01108"
"$169,999","190 FORT PLEASANT AVE , SPRINGFIELD, MA 01108"
