"$189,900","44 HARMON AVE , SPRINGFIELD, MA 01118"
"$195,000","28 SQUIRE LN , SPRINGFIELD, MA 01118"
$127K,"201 OVERLOOK DR , SPRINGFIELD, MA 01118"
"$269,987","708 ROOSEVELT AVE , SPRINGFIELD, MA 01118"
"$169,900","69 CORAL RD , SPRINGFIELD, MA 01118"
"$219,900","125 CLEMENT ST , SPRINGFIELD, MA 01118"
"$179,900","417 PLUMTREE RD , SPRINGFIELD, MA 01118"
"$169,900","205 GIFFORD ST , SPRINGFIELD, MA 01118"
"$160,900","113 WINTON ST , SPRINGFIELD, MA 01118"
"$259,900","490 ROOSEVELT AVE , SPRINGFIELD, MA 01118"
"$224,000","125 S SHORE DR , SPRINGFIELD, MA 01118"
"$122,900","75 ROANOKE RD , SPRINGFIELD, MA 01118"
"$189,900","274 ISLAND POND RD , SPRINGFIELD, MA 01118"
"$179,900","64 SURREY RD , SPRINGFIELD, MA 01118"
"$155,000","140 PILGRIM RD , SPRINGFIELD, MA 01118"
"$199,999","5 WOOD END RD , SPRINGFIELD, MA 01118"
"$225,000","71 HARTFORD TER , SPRINGFIELD, MA 01118"
"$284,900","170 MAYFLOWER RD , SPRINGFIELD, MA 01118"
"$185,900","136 HARKNESS AVE , SPRINGFIELD, MA 01118"
"$99,900","48 BITHER ST , SPRINGFIELD, MA 01118"
"$199,900","6 GREENTREE CIR , SPRINGFIELD, MA 01118"
"$169,999","252 ARCADIA BLVD , SPRINGFIELD, MA 01118"
"$299,000","142 BRIDLE PATH RD , SPRINGFIELD, MA 01118"
