"$120,000","82 DUGGAN CIR , SPRINGFIELD, MA 01119"
"$101,900","198 LEOPOLD ST , SPRINGFIELD, MA 01119"
"$179,000","63 FINCH RD , SPRINGFIELD, MA 01119"
"$239,900","66 EMMET ST , SPRINGFIELD, MA 01119"
"$170,000","63 OLD FARM RD , SPRINGFIELD, MA 01119"
"$179,900","73 FERNCLIFF AVE , SPRINGFIELD, MA 01119"
"$219,000","111 INGLEWOOD AVE , SPRINGFIELD, MA 01119"
"$249,900","209 Morton St , Springfield, MA 01119"
"$23,500","72 Mobile Home Way , Springfield, MA 01119"
"$99,000","111 MERRILL RD , SPRINGFIELD, MA 01119"
"$249,900","93 Wallace St , Springfield, MA 01119"
"$179,900","182 GILBERT AVE , SPRINGFIELD, MA 01119"
"$53,000","328 ARNOLD AVE , SPRINGFIELD, MA 01119"
$119K,"109 PINE GROVE ST , SPRINGFIELD, MA 01119"
$97K,"16 BISSELL ST , SPRINGFIELD, MA 01119"
"$99,000","118 TAVISTOCK ST , SPRINGFIELD, MA 01119"
"$205,000","83 NORTHWAY DR , SPRINGFIELD, MA 01119"
"$219,900","90 GARDENS DR , SPRINGFIELD, MA 01119"
"$284,900","35 ELMORE AVE , SPRINGFIELD, MA 01119"
