"$159,900","148 GLENOAK DR , SPRINGFIELD, MA 01129"
"$162,983","89 MARY COBURN RD , SPRINGFIELD, MA 01129"
"$139,900","1168 PARKER ST , SPRINGFIELD, MA 01129"
"$89,900","61 SOUTHERN RD , SPRINGFIELD, MA 01129"
"$184,900","30 RACHAEL ST , SPRINGFIELD, MA 01129"
"$183,900","27 MIDDLEBROOK DR , SPRINGFIELD, MA 01129"
"$185,000","228 ACREBROOK RD , SPRINGFIELD, MA 01129"
"$115,000","180 Nassau Dr # 180, Springfield, MA 01129"
"$139,900","75 Nassau Dr # 75, Springfield, MA 01129"
"$215,000","49 MAYBROOK RD , SPRINGFIELD, MA 01129"
"$189,900","111 MARY COBURN RD , SPRINGFIELD, MA 01129"
"$169,990","2163 WILBRAHAM RD , SPRINGFIELD, MA 01129"
"$170,000","63 SENATOR ST , SPRINGFIELD, MA 01129"
$110K,"34 PORTULACA DR , SPRINGFIELD, MA 01129"
"$124,900","27 STOCKER ST , SPRINGFIELD, MA 01129"
"$159,900","352 NASSAU DR , SPRINGFIELD, MA 01129"
"$105,000","187 Nassau Dr # 187, Springfield, MA 01129"
"$144,900","199 PARKERVIEW ST , SPRINGFIELD, MA 01129"
"$49,900","0 Parkerview # L:36, Springfield, MA 01129"
"$189,900","161 LACONIA ST , SPRINGFIELD, MA 01129"
