"$174,900","30 Falmouth St , Springfield, MA 01151"
"$134,900","18-20 MILTON ST , SPRINGFIELD, MA 01151"
"$134,900","11 MOHEGAN CT , SPRINGFIELD, MA 01151"
"$293,900","49-51 DUBOIS ST , SPRINGFIELD, MA 01151"
"$109,900","30-32 PEQUOT ST , SPRINGFIELD, MA 01151"
"$59,999","54 Michigan St , Springfield, MA 01151"
"$187,000","1189-1191 WORCESTER ST , SPRINGFIELD, MA 01151"
"$256,300","30 WING ST , SPRINGFIELD, MA 01151"
"$129,950","232 Parker St , Springfield, MA 01151"
"$147,000","43 Pasco Rd , Springfield, MA 01151"
"$149,900","37 Homestead Ave , Springfield, MA 01151"
"$254,900","130 Myrtle St , Springfield, MA 01151"
"$224,900","61-63 Quebec St , Springfield, MA 01151"
"$259,900","20 Beaudry St , Springfield, MA 01151"
"$169,900","1116-1118 Worcester St , Indian Orchard, MA 01151"
