"$549,500","82 N Main St , Assonet, MA 02702"
"$449,900","68 High St , Assonet, MA 02702"
"$499,500","14 S Hillside St , Assonet, MA 02702"
"$1,100,000","100 Narrows Rd , Assonet, MA 02702"
"$1,499,999","17 Alexandra Dr , Assonet, MA 02702"
"$465,000","21 Ledgeview Dr , Assonet, MA 02702"
"$349,000","10 E Public St , Assonet, MA 02702"
"$299,900","55 Cliff Dr , Assonet, MA 02702"
"$749,900","0 Braley Rd , Freetown, MA 02702"
"$777,000","77 Cliff Dr , Assonet, MA 02702"
"$150,000","74B Oaklawn Rd , Assonet, MA 02702"
