"$439,000","18 STANLEY ST , ATTLEBORO, MA 02703"
"$224,900","574 NEWPORT AVE , ATTLEBORO, MA 02703"
"$164,900","0 West St , Attleboro, MA 02703"
"$239,900","10 ORANGE ST , ATTLEBORO, MA 02703"
"$209,900","55 LEEDHAM ST UNIT 2-1, ATTLEBORO, MA 02703"
"$157,000","11 DAILEY ST APT E, ATTLEBORO, MA 02703"
"$418,000","18 CARL JORDAN DR , ATTLEBORO, MA 02703"
"$249,900","80 HOLMAN ST , ATTLEBORO, MA 02703"
"$375,000","15 NICK DR , ATTLEBORO, MA 02703"
"$429,900","9 AUSTIN DR , ATTLEBORO, MA 02703"
"$199,900","63 WEST ST , ATTLEBORO, MA 02703"
"$344,900","130 LINDSEY ST , ATTLEBORO, MA 02703"
"$439,900","12 LAURA DR , ATTLEBORO, MA 02703"
"$239,900","220 Mendon Rd # 220, Attleboro, MA 02703"
"$430,000","6 DAGGETT RD , ATTLEBORO, MA 02703"
"$75,000","53 Willow Creek Dr , Attleboro, MA 02703"
"$289,900","7 ELLIS ST , ATTLEBORO, MA 02703"
"$659,000","11 Lois Ct , Attleboro, MA 02703"
"$510,000","36 KERRY DR , ATTLEBORO, MA 02703"
"$285,900","32 JOHN ST , ATTLEBORO, MA 02703"
"$222,600","47 BURGESS ST # 2, ATTLEBORO, MA 02703"
"$300,000","33 WOOD ST , ATTLEBORO, MA 02703"
$254K,"207 KNIGHT AVE , ATTLEBORO, MA 02703"
"$24,900","0 Clifton St , Attleboro, MA 02703"
"$539,900","17 HARDING AVE , ATTLEBORO, MA 02703"
