"$409,900","703 STAPLES ST , EAST TAUNTON, MA 02718"
"$269,900","548 STAPLES ST , EAST TAUNTON, MA 02718"
"$330,000","281 CASWELL ST , EAST TAUNTON, MA 02718"
"$169,900","96 OLD COLONY AVE APT 222, EAST TAUNTON, MA 02718"
"$495,000","36 HOLLOWAY ST , EAST TAUNTON, MA 02718"
"$399,900","60 Sherborne St , East Taunton, MA 02718"
"$920,000","34 Holloway St # 36, East Taunton, MA 02718"
"$289,900","9 SHERBORNE ST , EAST TAUNTON, MA 02718"
"$174,900","96 OLD COLONY AVE APT 226, EAST TAUNTON, MA 02718"
"$185,000","96 OLD COLONY AVE APT 165, EAST TAUNTON, MA 02718"
"$389,900","902 CASWELL ST , EAST TAUNTON, MA 02718"
"$425,000","34 HOLLOWAY ST , EAST TAUNTON, MA 02718"
"$199,900","96 OLD COLONY AVE APT 154, EAST TAUNTON, MA 02718"
"$234,900","1797 COUNTY ST , EAST TAUNTON, MA 02718"
"$569,000","876 MIDDLEBORO AVE , EAST TAUNTON, MA 02718"
"$449,900","88 Old Colony Ave , East Taunton, MA 02718"
"$199,900","1038 S PRECINCT ST , EAST TAUNTON, MA 02718"
"$99,900","941 S PRECINCT ST , EAST TAUNTON, MA 02718"
"$175,000","98 RHODE ISLAND RD , EAST TAUNTON, MA 02718"
$207K,"96 OLD COLONY AVE APT 215, EAST TAUNTON, MA 02718"
"$110,000","2 SEAVER ST , EAST TAUNTON, MA 02718"
"$369,900","486 RICHMOND ST , EAST TAUNTON, MA 02718"
