"$359,900","12 RIDGECREST AVE , FAIRHAVEN, MA 02719"
"$319,000","3 CALUMET RD , FAIRHAVEN, MA 02719"
"$249,746","19 HITCH ST , FAIRHAVEN, MA 02719"
"$155,000","16 HAWTHORNE ST , FAIRHAVEN, MA 02719"
$229K,"41 BROWN ST , FAIRHAVEN, MA 02719"
"$235,000","53 CHERRY ST , FAIRHAVEN, MA 02719"
"$249,000","29 SCOTT ST , FAIRHAVEN, MA 02719"
"$270,000","3 MULBERRY ST , FAIRHAVEN, MA 02719"
"$375,000","151 MAIN ST , FAIRHAVEN, MA 02719"
"$289,000","7 SUMMER ST , FAIRHAVEN, MA 02719"
"$220,000","283 SCONTICUT NECK RD , FAIRHAVEN, MA 02719"
"$252,500","48 ELM AVE , FAIRHAVEN, MA 02719"
"$219,900","5 WAMSUTTA ST , FAIRHAVEN, MA 02719"
"$560,000","1 PEIRCES PT , FAIRHAVEN, MA 02719"
"$229,900","18 MORGAN ST , FAIRHAVEN, MA 02719"
"$349,000","6 BERNESE ST , FAIRHAVEN, MA 02719"
"$359,900","36 MONONDACH AVE , FAIRHAVEN, MA 02719"
"$334,900","49 ELM AVE , FAIRHAVEN, MA 02719"
"$399,000","41 BALSAM ST , FAIRHAVEN, MA 02719"
"$189,000","6B Boulder Ct , Fairhaven, MA 02719"
"$169,200","92 MIDDLE ST , FAIRHAVEN, MA 02719"
"$150,000","374 HUTTLESTON AVE , FAIRHAVEN, MA 02719"
"$140,000","71 AKIN ST , FAIRHAVEN, MA 02719"
"$1,200,000","1 MAIN ST , FAIRHAVEN, MA 02719"
"$199,900","12 GILBERT ST , FAIRHAVEN, MA 02719"
