"$34,000","0 Chace Rd , Freetown, MA 02717"
"$524,900","16 Nick Dr , East Freetown, MA 02717"
"$329,400","24 Mason Rd , East Freetown, MA 02717"
"$549,900","17 NICK DR , EAST FREETOWN, MA 02717"
"$174,900","2 CAMERONS WAY , EAST FREETOWN, MA 02717"
"$375,000","47 County Rd , East Freetown, MA 02717"
"$269,900","1 Hemlock Pt , East Freetown, MA 02717"
"$169,000","53 Costa Dr , East Freetown, MA 02717"
"$479,900","17 Point of Pines Rd , East Freetown, MA 02717"
"$384,900","17 Middleboro Rd , East Freetown, MA 02717"
"$389,900","7 Mill River Ln , East Freetown, MA 02717"
"$499,900","18 Huron Ave , East Freetown, MA 02717"
"$489,000","18 CHIPAWAY RD , EAST FREETOWN, MA 02717"
"$170,000","132 Middleboro Rd , East Freetown, MA 02717"
