"$449,900","489 HART ST , DIGHTON, MA 02715"
"$229,900","1563 Pine St , Dighton, MA 02715"
"$134,900","160 MAIN ST , DIGHTON, MA 02715"
"$389,900","1182 MAIN ST , DIGHTON, MA 02715"
"$224,900","725 MAIN ST , DIGHTON, MA 02715"
"$325,000","2063 ELM ST , DIGHTON, MA 02715"
"$429,000","2820 COUNTY ST , DIGHTON, MA 02715"
"$500,000","2643 Elm St , Dighton, MA 02715"
"$2,395,000","2900 AMARAL WAY , DIGHTON, MA 02715"
"$257,900","1463 SOMERSET AVE , DIGHTON, MA 02715"
"$269,900","2447 COUNTY ST , DIGHTON, MA 02715"
"$699,900","510 HART ST , DIGHTON, MA 02715"
"$357,900","1707 CEDAR ST , DIGHTON, MA 02715"
"$445,000"," Lot 23 Sonny's Way # Duke, Dighton, MA 02715"
"$570,000","512 MARION AVE , DIGHTON, MA 02715"
"$464,500","1920 ELM ST , DIGHTON, MA 02715"
"$250,000","3119 MILLERS LN , DIGHTON, MA 02715"
"$59,900","1042 Oak St , Dighton, MA 02715"
"$130,000","1 Main St , Dighton, MA 02715"
"$489,000","2038 Billys Ln , Dighton, MA 02715"
"$39,900","0 Williams St , Dighton, MA 02715"
"$150,000","427 SCHOOL LN , DIGHTON, MA 02715"
"$499,900","0 Cedar St , Dighton, MA 02715"
