"$289,000","61 LAFAYETTE ST , FALL RIVER, MA 02723"
"$475,000","1058 PLEASANT ST , FALL RIVER, MA 02723"
"$174,900","385 EDDY ST , FALL RIVER, MA 02723"
"$189,000","1073 BEDFORD ST , FALL RIVER, MA 02723"
"$132,900","166 BEATTIE ST # 2, FALL RIVER, MA 02723"
"$179,900","65 BEATTIE ST , FALL RIVER, MA 02723"
"$254,000","143 BARNES ST , FALL RIVER, MA 02723"
"$274,900","1095-1099 BEDFORD ST , FALL RIVER, MA 02723"
"$299,900","260 BARNES ST , FALL RIVER, MA 02723"
"$219,900","1284 BEDFORD ST , FALL RIVER, MA 02723"
"$475,000","1616 Pleasant St , Fall River, MA 02723"
"$229,900","27 JOHNSON ST , FALL RIVER, MA 02723"
"$261,500"," Lot 2 Tiffany , Fall River, MA 02723"
"$214,900","1047 BEDFORD ST , FALL RIVER, MA 02723"
"$349,900","127 N MARION ST , FALL RIVER, MA 02723"
"$175,000","218-220 ALBION ST , FALL RIVER, MA 02723"
$184K,"462 COUNTY ST , FALL RIVER, MA 02723"
"$399,900","1016 Eastern Ave , Fall River, MA 02723"
"$60,000","41 JEPSON ST , FALL RIVER, MA 02723"
