"$199,900","5055 N MAIN ST # 2, FALL RIVER, MA 02720"
"$239,000","349 STETSON ST , FALL RIVER, MA 02720"
"$211,000","1058 LANGLEY ST , FALL RIVER, MA 02720"
"$259,000","135 BLISS ST , FALL RIVER, MA 02720"
"$339,900","271 COLLEGE PARK RD , FALL RIVER, MA 02720"
"$179,000","4700 N MAIN ST APT 5C, FALL RIVER, MA 02720"
"$237,500","2671 N MAIN ST , FALL RIVER, MA 02720"
"$325,000","36 N COURT ST , FALL RIVER, MA 02720"
"$148,900","68 PROSPECT ST APT D, FALL RIVER, MA 02720"
"$199,900","542 WALNUT ST APT 5, FALL RIVER, MA 02720"
"$275,000","236 HOOD ST , FALL RIVER, MA 02720"
"$229,000","345 HANOVER ST , FALL RIVER, MA 02720"
"$159,900","120 LEWIN ST APT 5, FALL RIVER, MA 02720"
"$239,900","46 HERMAN ST , FALL RIVER, MA 02720"
"$349,900","54 School St , Fall River, MA 02720"
"$259,900","318 LINCOLN AVE , FALL RIVER, MA 02720"
"$595,000","367 Winter St , Fall River, MA 02720"
"$294,500","37 Colfax St , Fall River, MA 02720"
"$152,000","4700 N MAIN ST APT 4E, FALL RIVER, MA 02720"
"$299,900","96 STEWART ST , FALL RIVER, MA 02720"
"$270,000","207 Lindsey St , Fall River, MA 02720"
"$299,900","109 Robeson St , Fall River, MA 02720"
"$350,000","213 PURCHASE ST , FALL RIVER, MA 02720"
"$399,900","99 Robeson St , Fall River, MA 02720"
"$339,900","341 Courtney St , Fall River, MA 02720"
