"$259,000","747 BUFFINTON ST , SOMERSET, MA 02726"
"$299,900","8 LEWIS AVE , SOMERSET, MA 02726"
"$239,900","62 SCHOOL ST , SOMERSET, MA 02726"
"$294,500","700 WINSLOW AVE , SOMERSET, MA 02726"
"$419,900","330 HIGHVIEW AVE , SOMERSET, MA 02726"
"$404,900","2558 RIVERSIDE AVE , SOMERSET, MA 02726"
"$479,000","60 FOLEY AVE , SOMERSET, MA 02726"
"$449,000","147 GIFFORD AVE , SOMERSET, MA 02726"
"$234,900","281 MASSACHUSETTS AVE , SOMERSET, MA 02726"
"$299,900","1 Taunton Riv , Somerset, MA 02726"
"$335,000","95 LORRAINE AVE , SOMERSET, MA 02726"
"$339,000","138 FORDHAM DR , SOMERSET, MA 02726"
"$459,000","108 BEACH AVE , SOMERSET, MA 02726"
"$419,000","4 MARIGOLD AVE , SOMERSET, MA 02726"
"$424,900","76 GAY ST , SOMERSET, MA 02726"
"$364,900","218 PLEASANT VIEW AVE , SOMERSET, MA 02726"
"$269,000","920 PLEASANT ST , SOMERSET, MA 02726"
"$419,900","2828 RIVERSIDE AVE , SOMERSET, MA 02726"
"$175,000","190 GRANDVIEW AVE , SOMERSET, MA 02726"
"$299,950","2434 RIVERSIDE AVE , SOMERSET, MA 02726"
"$289,900","140 LUCY LN , SOMERSET, MA 02726"
"$339,000","3953 COUNTY ST , SOMERSET, MA 02726"
$160K,"65 DWELLY RD , SOMERSET, MA 02726"
"$359,900","371 HIGHVIEW AVE , SOMERSET, MA 02726"
"$545,000","297 MAIN ST , SOMERSET, MA 02726"
