"$174,995","560 LAWTON ST , FALL RIVER, MA 02721"
"$248,500","700 SHORE DR UNIT 308, FALL RIVER, MA 02721"
"$335,000","611 TUCKER ST , FALL RIVER, MA 02721"
"$274,900","490 DICKINSON ST , FALL RIVER, MA 02721"
"$289,900","970 NORMAN ST , FALL RIVER, MA 02721"
"$249,900","72 WHIPPLE ST , FALL RIVER, MA 02721"
"$299,900","599 Warren St # 601, Fall River, MA 02721"
"$314,900","160 Dickinson St , Fall River, MA 02721"
"$274,900","700 SHORE DR UNIT 806, FALL RIVER, MA 02721"
"$299,000","438 LUDLOW ST , FALL RIVER, MA 02721"
"$129,900","8 BRADFORD AVE , FALL RIVER, MA 02721"
"$220,000","1298 GLOBE ST , FALL RIVER, MA 02721"
"$250,000","132 MOTT ST , FALL RIVER, MA 02721"
"$322,000","603 NEWHALL ST , FALL RIVER, MA 02721"
"$245,000","43 COMMONWEALTH AVE , FALL RIVER, MA 02721"
"$284,995","0 Powell St , Fall River, MA 02721"
"$269,900","52 HERITAGE CT , FALL RIVER, MA 02721"
$168K,"999 RODMAN ST , FALL RIVER, MA 02721"
"$79,950","177 NASHUA ST APT 6, FALL RIVER, MA 02721"
$161K,"224 KENNEDY ST , FALL RIVER, MA 02721"
"$99,999","177 Nashua St , Fall River, MA 02721"
"$129,900","22 ABERDEEN ST , FALL RIVER, MA 02721"
$145K,"5 PROGRESS ST # 3, FALL RIVER, MA 02721"
"$399,000","85 GRANT ST , FALL RIVER, MA 02721"
"$179,000","151 BUFFINTON ST UNIT 3, FALL RIVER, MA 02721"
