"$299,500","244 BIRCH ST , FALL RIVER, MA 02724"
"$349,000","122 Church St # 130, Fall River, MA 02724"
"$309,900","684 PENN ST , FALL RIVER, MA 02724"
"$289,900","41 Conant St , Fall River, MA 02724"
"$264,000","72 COOK ST , FALL RIVER, MA 02724"
"$259,000","15 DOUGLAS ST , FALL RIVER, MA 02724"
"$125,000","29 HAMLET ST , FALL RIVER, MA 02724"
"$595,000","63 Peckham St , Fall River, MA 02724"
"$365,000","1 FRIENDSHIP ST , FALL RIVER, MA 02724"
"$325,000","1097 S Main St # 1099, Fall River, MA 02724"
"$229,999","273 Draper St # 5, Fall River, MA 02724"
"$99,900","25 VERNON ST , FALL RIVER, MA 02724"
$106K,"160 FOOTE ST , FALL RIVER, MA 02724"
"$124,900","170 ROCKLAND ST , FALL RIVER, MA 02724"
"$189,900","510 WHIPPLE ST , FALL RIVER, MA 02724"
"$236,700","124 WOODMAN ST , FALL RIVER, MA 02724"
"$75,000","646 BIRCH ST , FALL RIVER, MA 02724"
"$170,000","1136 S MAIN ST , FALL RIVER, MA 02724"
"$219,000","172 VALE ST , FALL RIVER, MA 02724"
"$214,900","208 State Ave , Fall River, MA 02724"
