"$449,999","53 Brandt Island Rd , Mattapoisett, MA 02739"
"$299,900","63 BRANDT ISLAND RD , MATTAPOISETT, MA 02739"
"$339,900","2 WINDWARD WAY , MATTAPOISETT, MA 02739"
"$479,900","85 BRANDT ISLAND RD , MATTAPOISETT, MA 02739"
"$189,000","34 Highland Avenue Bb , Mattapoisett, MA 02739"
"$375,000","156 NORTH ST , MATTAPOISETT, MA 02739"
"$499,000","9 CEDAR POINT AVE , MATTAPOISETT, MA 02739"
"$549,900","2 OLIVER ST , MATTAPOISETT, MA 02739"
"$279,000","16 High Ridge Dr , Mattapoisett, MA 02739"
"$599,000","7 PINE ISLAND RD , MATTAPOISETT, MA 02739"
"$634,900","3 FIELDSTONE DR , MATTAPOISETT, MA 02739"
"$1,150,000","18 PLEASANTVIEW AVE , MATTAPOISETT, MA 02739"
"$189,900","0 Noyes Ave , Mattapoisett, MA 02739"
"$847,000","6 PEARL ST , MATTAPOISETT, MA 02739"
"$329,900","116 ACUSHNET RD , MATTAPOISETT, MA 02739"
"$350,000","0 Angelica Ave , Mattapoisett, MA 02739"
"$345,000","6 RIVER RD , MATTAPOISETT, MA 02739"
"$157,000","60 ACUSHNET RD , MATTAPOISETT, MA 02739"
"$324,999","186 Mattapoisett Neck Rd , Mattapoisett, MA 02739"
"$425,000","5 WOODLAWN AVE , MATTAPOISETT, MA 02739"
"$499,900","0 Mattapoisett Nck , Mattapoisett, MA 02739"
"$469,900","11 Lebaron Way , Mattapoisett, MA 02739"
"$549,900","28 RANDALL RD , MATTAPOISETT, MA 02739"
"$559,900","12 2ND ST , MATTAPOISETT, MA 02739"
