"$779,000","588 DELANO RD , MARION, MA 02738"
"$269,900","82 DEXTER RD , MARION, MA 02738"
"$1,495,000","1 CONVERSE RD , MARION, MA 02738"
"$399,900","12 OAK AVE , MARION, MA 02738"
"$425,000","32 ICHABOD LN , MARION, MA 02738"
"$775,000","378 DELANO RD , MARION, MA 02738"
"$6,495,000","538 POINT RD , MARION, MA 02738"
"$399,900","104 MAIN ST , MARION, MA 02738"
"$425,000","14 AUCOOT AVE , MARION, MA 02738"
"$939,900","25 EAST AVE , MARION, MA 02738"
"$3,699,000","37 PINEY POINT RD , MARION, MA 02738"
"$342,000","424 FRONT ST , MARION, MA 02738"
"$509,850","54 JOANNE DR , MARION, MA 02738"
"$499,900","15 KABEYUN RD , MARION, MA 02738"
"$1,550,000","122 REGISTER RD , MARION, MA 02738"
"$1,995,000","64 INDIAN COVE RD , MARION, MA 02738"
"$599,800","21 OLDE MEADOW RD , MARION, MA 02738"
"$1,750,000","135 CONVERSE RD , MARION, MA 02738"
"$1,425,000","125 CONVERSE RD , MARION, MA 02738"
"$849,900","41A Main St , Marion, MA 02738"
"$514,900","35 SPRING ST , MARION, MA 02738"
"$579,900","517 DELANO RD , MARION, MA 02738"
"$999,000","237 CONVERSE RD , MARION, MA 02738"
"$630,000","18 WIANNO RD , MARION, MA 02738"
"$449,900","4 SARAH SHERMAN LN , MARION, MA 02738"
