"$299,900","308 WILSON ST , NEW BEDFORD, MA 02746"
"$199,900","487 COGGESHALL ST , NEW BEDFORD, MA 02746"
"$249,999","469 SAWYER ST , NEW BEDFORD, MA 02746"
"$95,900","320 COFFIN AVE , NEW BEDFORD, MA 02746"
"$239,900","293 HIGHLAND ST , NEW BEDFORD, MA 02746"
"$54,900","100 TALLMAN ST , NEW BEDFORD, MA 02746"
"$247,500","213 MOUNT PLEASANT ST , NEW BEDFORD, MA 02746"
"$204,900","6 ONEKO LN , NEW BEDFORD, MA 02746"
"$234,900","875 SHAWMUT AVE , NEW BEDFORD, MA 02746"
"$174,900","479 CEDAR GROVE ST , NEW BEDFORD, MA 02746"
"$149,900","385 DAVIS ST , NEW BEDFORD, MA 02746"
"$379,900","49 NYE ST , NEW BEDFORD, MA 02746"
"$259,900","193 PHILLIPS AVE , NEW BEDFORD, MA 02746"
"$199,000","96 CHURCH ST , NEW BEDFORD, MA 02746"
"$209,000","19 BULLARD ST , NEW BEDFORD, MA 02746"
"$324,900","337 TINKHAM ST , NEW BEDFORD, MA 02746"
"$199,000","1332 ACUSHNET AVE , NEW BEDFORD, MA 02746"
"$239,900","203 SAWYER ST , NEW BEDFORD, MA 02746"
"$289,900","215 COFFIN AVE , NEW BEDFORD, MA 02746"
"$257,000","429 CEDAR GROVE ST , NEW BEDFORD, MA 02746"
"$259,900","117 COFFIN AVE , NEW BEDFORD, MA 02746"
