"$174,900","267 MILL ST , NEW BEDFORD, MA 02740"
"$179,900","43 PIERCE ST , NEW BEDFORD, MA 02740"
"$240,000","45 RICHMOND ST , NEW BEDFORD, MA 02740"
"$225,900","113 ROCKLAND ST , NEW BEDFORD, MA 02740"
"$349,900","67-69 BRIGHAM ST , NEW BEDFORD, MA 02740"
"$254,900","166 PURCHASE ST , NEW BEDFORD, MA 02740"
"$222,000","67 W HILL RD , NEW BEDFORD, MA 02740"
"$179,900","36 BORDEN ST , NEW BEDFORD, MA 02740"
"$249,900","26 ELIZABETH ST , NEW BEDFORD, MA 02740"
"$309,900","359 Pleasant St , New Bedford, MA 02740"
"$239,000","304 COUNTY ST , NEW BEDFORD, MA 02740"
"$109,900","0 Wilbur St , New Bedford, MA 02740"
"$150,000","43 LIBERTY ST , NEW BEDFORD, MA 02740"
"$125,000","220 PALMER ST , NEW BEDFORD, MA 02740"
"$147,500","33 MADISON ST , NEW BEDFORD, MA 02740"
"$174,900","472 COTTAGE ST , NEW BEDFORD, MA 02740"
"$117,500","33 CRAPO ST , NEW BEDFORD, MA 02740"
"$125,000","179 ARNOLD ST , NEW BEDFORD, MA 02740"
$143K,"75 THOMAS ST , NEW BEDFORD, MA 02740"
"$235,000","218 PALMER ST , NEW BEDFORD, MA 02740"
"$284,900","27 JENNY LIND ST , NEW BEDFORD, MA 02740"
"$249,900","389 MAXFIELD ST , NEW BEDFORD, MA 02740"
"$229,900","237 COURT ST , NEW BEDFORD, MA 02740"
$81K,"116 LIBERTY ST , NEW BEDFORD, MA 02740"
$154K,"124 BONNEY ST , NEW BEDFORD, MA 02740"
