"$239,900","653 Dartmouth St , Dartmouth, MA 02748"
"$495,000","467 Elm St , Dartmouth, MA 02748"
"$289,000","35 McCabe St , Dartmouth, MA 02748"
"$925,000","3 Pleasant St , Dartmouth, MA 02748"
"$675,000","3 Old Jetty Rd , Dartmouth, MA 02748"
"$995,000","2 Clarks Cove Dr , Dartmouth, MA 02748"
"$359,900","87 McCabe St , Dartmouth, MA 02748"
"$284,900","463 Russells Mills Rd , Dartmouth, MA 02748"
"$749,900","161 Gaffney Rd , Dartmouth, MA 02748"
"$234,900","86 McCabe St , Dartmouth, MA 02748"
"$265,000","233 Bakerville Rd , Dartmouth, MA 02748"
"$1,399,000","48 N Shore Dr # 14, Dartmouth, MA 02748"
"$849,000","16 Stoney Brook Ln , Dartmouth, MA 02748"
"$269,900","115 Center St , Dartmouth, MA 02748"
"$1,385,000","10 W Rockland Farm , Dartmouth, MA 02748"
"$399,000","69 Hidden Bay Dr # 69, Dartmouth, MA 02748"
"$489,000","350 Bakerville Rd , Dartmouth, MA 02748"
"$765,000","46 Nonquitt Ave , Dartmouth, MA 02748"
"$324,900","121 Sherman St , Dartmouth, MA 02748"
"$299,900","118 Adams St , Dartmouth, MA 02748"
"$575,000","769 Dartmouth St , Dartmouth, MA 02748"
"$569,900","60 Hidden Bay Dr # 60, Dartmouth, MA 02748"
"$1,495,000","45 Naushon Ave , Dartmouth, MA 02748"
"$1,175,000","6 Summer St , Dartmouth, MA 02748"
"$1,895,000","15 Birchfield Rd , Dartmouth, MA 02748"
