"$129,900","343 Rivet St , New Bedford, MA 02744"
"$284,900","2 Welcome St # 4, New Bedford, MA 02744"
"$325,000","108 PORTLAND ST , NEW BEDFORD, MA 02744"
"$289,000","113 CLARA ST , NEW BEDFORD, MA 02744"
"$199,900","5 ROOSEVELT ST , NEW BEDFORD, MA 02744"
"$99,900","50 SALISBURY ST , NEW BEDFORD, MA 02744"
"$189,900","76-78 DELANO ST , NEW BEDFORD, MA 02744"
"$199,000","13 SOCIAL ST , NEW BEDFORD, MA 02744"
"$319,900","50 ELLEN ST , NEW BEDFORD, MA 02744"
"$229,900","54 CLARA ST , NEW BEDFORD, MA 02744"
"$319,900","506 W RODNEY FRENCH BLVD , NEW BEDFORD, MA 02744"
"$309,900","42 CLARA ST , NEW BEDFORD, MA 02744"
"$155,900","65 MOSS ST , NEW BEDFORD, MA 02744"
$139K,"1055 COVE RD , NEW BEDFORD, MA 02744"
"$199,900","12 WARREN ST , NEW BEDFORD, MA 02744"
"$595,000","20 RODNEY ST , NEW BEDFORD, MA 02744"
"$104,500","119 DIVISION ST , NEW BEDFORD, MA 02744"
"$215,900","85 CAPITOL ST , NEW BEDFORD, MA 02744"
