"$199,900","18 KENDRICK ST , ACUSHNET, MA 02743"
"$395,000","21 ANGORA AVE , ACUSHNET, MA 02743"
"$489,900","15 BEECHWOOD DR , ACUSHNET, MA 02743"
"$319,000","29 CROMPTON ST , ACUSHNET, MA 02743"
"$285,900","231 MIDDLE RD , ACUSHNET, MA 02743"
"$319,900","225 MAIN ST , ACUSHNET, MA 02743"
"$364,900","367 MIDDLE RD , ACUSHNET, MA 02743"
"$314,700","151 LAWSON AVE , ACUSHNET, MA 02743"
"$225,000","8 WHELDEN LN , ACUSHNET, MA 02743"
"$385,000","337 MENDALL RD , ACUSHNET, MA 02743"
"$189,900","24 CROMPTON ST , ACUSHNET, MA 02743"
"$329,900","635 MAIN ST , ACUSHNET, MA 02743"
"$156,900","47 HOPE ST , ACUSHNET, MA 02743"
"$414,900","245 KEENE RD , ACUSHNET, MA 02743"
"$479,900","226 ROBINSON RD , ACUSHNET, MA 02743"
"$315,000","0 Main St , Acushnet, MA 02743"
"$289,900","91 PORTER ST , ACUSHNET, MA 02743"
"$10,000","49 Clems Way , Acushnet, MA 02743"
"$449,900","2 Keene Rd , Acushnet, MA 02743"
"$595,900","163 GAMMONS RD , ACUSHNET, MA 02743"
"$899,900","62 S MAIN ST , ACUSHNET, MA 02743"
"$24,900","0 Rock St , Acushnet, MA 02743"
"$149,900","0 Gammons Rd , Acushnet, MA 02743"
"$1,299,000","0 Hathaway Rd , Acushnet, MA 02743"
"$144,900"," Pageotte St Lot 222, Acushnet, MA 02743"
