"$363,999","312 W McCabe St , Dartmouth, MA 02747"
"$479,900","238 Collins Corner Rd , Dartmouth, MA 02747"
"$175,000","462 Fisher Rd , Dartmouth, MA 02747"
"$249,900","11 York St , Dartmouth, MA 02747"
"$529,900+","856 Faunce Corner Rd # WZM591, Dartmouth, MA 02747"
"$389,900+","400 Reed Rd # OY45U2, North Dartmouth, MA 02747"
"$369,900+","400 Reed Rd # SNZMCQ, North Dartmouth, MA 02747"
"$339,000","62 Lexington Ave , Dartmouth, MA 02747"
"$434,900","547 Old Fall River Rd , Dartmouth, MA 02747"
"$499,987","266 Collins Corner Rd Lot 3, Dartmouth, MA 02747"
"$649,900","18 Ivy Way , Dartmouth, MA 02747"
"$254,900","37 Howard St , Dartmouth, MA 02747"
"$359,900","65 Rosewood Ter , Dartmouth, MA 02747"
"$220,000","000 Fisher Rd , Dartmouth, MA 02747"
"$479,900+","238 Collins Corner Rd # FW636V, North Dartmouth, MA 02747"
"$399,900","7 College Ln , Dartmouth, MA 02747"
"$279,900","10 Woodcock Rd , Dartmouth, MA 02747"
"$399,700","200 Pine Island Rd , Dartmouth, MA 02747"
"$429,900","12 Hanover Ct , Dartmouth, MA 02747"
"$239,900","89 Cross Rd , Dartmouth, MA 02747"
"$299,000","27 Sharon Ave , Dartmouth, MA 02747"
"$489,900","15 Fox Run Ter , Dartmouth, MA 02747"
"$160,000","0 Tucker Rd , Dartmouth, MA 02747"
"$269,900","79 Cross Rd , Dartmouth, MA 02747"
"$350,000","55 Lexington Ave , Dartmouth, MA 02747"
