"$199,900","425 WOOD ST , NEW BEDFORD, MA 02745"
"$259,900","22 YATES ST , NEW BEDFORD, MA 02745"
"$225,000","135-137 WOOD ST , NEW BEDFORD, MA 02745"
"$229,900","1071 BOWLES ST , NEW BEDFORD, MA 02745"
"$379,900","22 Arlington St , New Bedford, MA 02745"
"$249,900","163 JARRY ST , NEW BEDFORD, MA 02745"
"$209,900","887 MAY ST , NEW BEDFORD, MA 02745"
"$379,900","22-24 ARLINGTON ST , NEW BEDFORD, MA 02745"
"$99,400","1475 BRALEY RD APT 21, NEW BEDFORD, MA 02745"
"$52,000","1044 Phillips Rd Trlr 14, New Bedford, MA 02745"
"$320,000","58 KATELYN WAY , NEW BEDFORD, MA 02745"
"$204,900","2237 ACUSHNET AVE , NEW BEDFORD, MA 02745"
"$324,900","12 ERIN CT , NEW BEDFORD, MA 02745"
"$309,900","6 SCHOONER CT , NEW BEDFORD, MA 02745"
"$239,000","1481 PHILLIPS RD APT 1105, NEW BEDFORD, MA 02745"
"$309,999","1277 CARDINAL ST , NEW BEDFORD, MA 02745"
"$269,900","162 PRINCETON ST , NEW BEDFORD, MA 02745"
"$229,900","1150 FORBES ST , NEW BEDFORD, MA 02745"
"$349,900","2425 Acushnet Ave , New Bedford, MA 02745"
"$64,000","2110 PHILLIPS RD APT 23, NEW BEDFORD, MA 02745"
"$279,900","319 OLIVER ST , NEW BEDFORD, MA 02745"
"$69,000","126 1/2 Whitman St , New Bedford, MA 02745"
"$269,900","1495 MORTON AVE , NEW BEDFORD, MA 02745"
"$195,900","282 OLIVER ST , NEW BEDFORD, MA 02745"
"$63,600","2108 PHILLIPS RD APT 3, NEW BEDFORD, MA 02745"
