"$379,000","22 Eisenhower Dr , Norton, MA 02766"
"$349,900","15 EDDY ST , NORTON, MA 02766"
"$374,900","90 W Main St , Norton, MA 02766"
"$325,000","27 Precourt Ln Unit 27, Norton, MA 02766"
"$299,900","329 E Main St , Norton, MA 02766"
"$144,900","11 Maplewood Ave , Norton, MA 02766"
"$123,750","22 Wampum Rd , Norton, MA 02766"
"$730,000","2 Feck Way , Norton, MA 02766"
"$359,900","160 E Main St , Norton, MA 02766"
"$499,900","5 Oak St , Norton, MA 02766"
"$439,900","11 Park Ln , Norton, MA 02766"
"$114,900","19 King Philip Rd , Norton, MA 02766"
"$228,500","7 Indian Rd , Norton, MA 02766"
"$135,000","235R S Worcester St , Norton, MA 02766"
"$418,000","274 S Worcester St , Norton, MA 02766"
"$289,900","107 Maple St , Norton, MA 02766"
"$275,000","25 Shelly Rd , Norton, MA 02766"
"$419,000","23 Indian Rd , Norton, MA 02766"
"$260,000","14 Spring Ln Unit 14, Norton, MA 02766"
"$499,900","13 Precourt Ln Unit 13, Norton, MA 02766"
"$699,900","156 N Washington St , Norton, MA 02766"
"$209,000","2 Downing Dr , Norton, MA 02766"
"$385,000","145 Burt St Apt 6, Norton, MA 02766"
"$439,000","323 Godfrey Dr Unit 323, Norton, MA 02766"
