"$609,000","142 HIGHLAND MEADOW DR , NORTH ATTLEBORO, MA 02760"
"$274,000","463 HIGH ST , NORTH ATTLEBORO, MA 02760"
"$535,000","42 HIGHLAND MEADOW DR , NORTH ATTLEBORO, MA 02760"
"$359,900","502 KELLEY BLVD , NORTH ATTLEBORO, MA 02760"
"$529,900","644 ALLEN AVE , NORTH ATTLEBORO, MA 02760"
"$760,000","2 KRISTEN CIR , NORTH ATTLEBORO, MA 02760"
"$609,000","63 MAGNOLIA DR , NORTH ATTLEBORO, MA 02760"
"$125,000","641-R S Washington St # 9, North Attleboro, MA 02760"
"$43,000","130 E Washington St Unit 69, North Attleboro, MA 02760"
"$126,000","0 Spruce St , North Attleboro, MA 02760"
"$109,900","47 JUNIPER RD UNIT E2, NORTH ATTLEBORO, MA 02760"
"$679,900","84 Albert A St Lawrence , North Attleboro, MA 02760"
"$649,900","90 HUNTSBRIDGE RD , NORTH ATTLEBORO, MA 02760"
"$175,000","44 Whiting St , North Attleboro, MA 02760"
"$405,000","100 ARNOLD RD , NORTH ATTLEBORO, MA 02760"
"$173,500","25 W BULFINCH ST UNIT 14, NORTH ATTLEBORO, MA 02760"
"$334,000","262 OLD POST RD , NORTH ATTLEBORO, MA 02760"
"$300,000","414 MOUNT HOPE ST APT 305, NORTH ATTLEBORO, MA 02760"
"$334,900","40 SMITH ST , NORTH ATTLEBORO, MA 02760"
"$349,900","192 BUNGAY RD , NORTH ATTLEBORO, MA 02760"
"$39,000","19 Northwood , North Attleboro, MA 02760"
"$299,900","44 ROOSEVELT AVE , NORTH ATTLEBORO, MA 02760"
"$429,900","50 DODGE AVE , NORTH ATTLEBORO, MA 02760"
"$55,000","300 E Washington St Unit 22N, North Attleboro, MA 02760"
"$300,000","38 Oak Knoll Dr # 38, North Attleboro, MA 02760"
