"$425,000","57 SIMMONS ST , REHOBOTH, MA 02769"
"$425,000","133 CHESTNUT ST , REHOBOTH, MA 02769"
"$385,000","166 PLEASANT ST , REHOBOTH, MA 02769"
"$699,000","6 COLUMBINE RD , REHOBOTH, MA 02769"
"$389,900","144 PLEASANT ST , REHOBOTH, MA 02769"
"$339,000","493 WINTHROP ST , REHOBOTH, MA 02769"
"$295,000","3 MARTIN ST , REHOBOTH, MA 02769"
"$449,000","197 ANAWAN ST , REHOBOTH, MA 02769"
"$725,000","50 TIGER LILY TRL , REHOBOTH, MA 02769"
"$789,000","159 BAY STATE RD , REHOBOTH, MA 02769"
"$689,500","6 PALMER MEADOW LN , REHOBOTH, MA 02769"
"$479,500","50 ASH ST , REHOBOTH, MA 02769"
"$249,900","192 SUMMER ST , REHOBOTH, MA 02769"
"$559,900","16 MILLER ST , REHOBOTH, MA 02769"
"$359,900","13 Judith Ann Cir # 13, Rehoboth, MA 02769"
"$565,000","76 HOMESTEAD AVE , REHOBOTH, MA 02769"
"$234,000","250 ANAWAN ST , REHOBOTH, MA 02769"
"$539,900","7 PECKHAM ST , REHOBOTH, MA 02769"
"$345,000","257 ANAWAN ST , REHOBOTH, MA 02769"
"$245,000","76 BAY STATE RD , REHOBOTH, MA 02769"
"$639,900","20 TORI LEIGH LN , REHOBOTH, MA 02769"
"$549,900","191 NEW ST , REHOBOTH, MA 02769"
"$389,000","12 Deborah Ann Dr # 12, Rehoboth, MA 02769"
"$429,900","0 Blanding Rd , Rehoboth, MA 02769"
"$549,500","12 Linden Ln , Rehoboth, MA 02769"
