"$519,900","74 Arbor Way , North Attleboro, MA 02763"
"$164,900","0 West St , Attleboro, MA 02703"
"$418,000","18 CARL JORDAN DR , ATTLEBORO, MA 02703"
"$199,900","63 WEST ST , ATTLEBORO, MA 02703"
"$760,000","2 KRISTEN CIR , NORTH ATTLEBORO, MA 02760"
"$609,000","63 MAGNOLIA DR , NORTH ATTLEBORO, MA 02760"
"$125,000","641-R S Washington St # 9, North Attleboro, MA 02760"
"$430,000","6 DAGGETT RD , ATTLEBORO, MA 02703"
"$43,000","130 E Washington St Unit 69, North Attleboro, MA 02760"
