"$949,000","2560 Maple Swamp , Dighton, MA 02764"
"$369,000","175 Boat Ramp Rd , Dighton, MA 02764"
"$204,900","698 PROSPECT ST , NORTH DIGHTON, MA 02764"
"$338,900","1135 Somerset Ave , Dighton, MA 02764"
"$675,000","280 COUNTRY HILL DR , NORTH DIGHTON, MA 02764"
"$299,999","281 TREMONT ST , NORTH DIGHTON, MA 02764"
"$200,000","55 NORTH ST , NORTH DIGHTON, MA 02764"
"$129,900","1733 MAPLE ST , NORTH DIGHTON, MA 02764"
"$179,000","394 TREMONT ST , NORTH DIGHTON, MA 02764"
"$389,900","0 Horton St , Dighton, MA 02764"
"$219,000","11 Tremont St , North Dighton, MA 02764"
"$219,000","7 Tremont St , North Dighton, MA 02764"
