"$399,333","19 GROVE ST , PLAINVILLE, MA 02762"
"$359,000","5 GREEN ST , PLAINVILLE, MA 02762"
"$1,400,000","116A Hawkins. & 0 Peck , Plainville, MA 02762"
"$174,000","45 Washington St Unit 628, Plainville, MA 02762"
"$250,000","22 POTTER AVE UNIT 1, PLAINVILLE, MA 02762"
"$599,900","70 GEORGE ST , PLAINVILLE, MA 02762"
"$274,900","100 HIGH ST , PLAINVILLE, MA 02762"
"$524,900","61 SPRING ST , PLAINVILLE, MA 02762"
"$359,900","23 HIGH ST , PLAINVILLE, MA 02762"
"$505,000","65 GEORGE ST , PLAINVILLE, MA 02762"
"$1,400,000"," Lot 23a High , Plainville, MA 02762"
"$273,400","24 WITHERELL PL , PLAINVILLE, MA 02762"
"$499,900","77 WARREN ST , PLAINVILLE, MA 02762"
"$75,000","101 Washington St , Plainville, MA 02762"
"$299,000","27 Sunset Ln # 27, Plainville, MA 02762"
"$825,000","9 JAMES ST , PLAINVILLE, MA 02762"
"$499,999","16 HUNTINGTON AVE , PLAINVILLE, MA 02762"
"$459,900","64 E BACON ST , PLAINVILLE, MA 02762"
"$629,500","17 BRIDLE PATH , PLAINVILLE, MA 02762"
"$479,900","33 E BACON ST , PLAINVILLE, MA 02762"
