"$499,900","95 Goldfinch Dr , Raynham, MA 02767"
"$389,900","59 Church St , Raynham, MA 02767"
"$149,900","0 Church St , Raynham, MA 02767"
"$519,900+","235 Locust St # YAMQ0E, Raynham, MA 02767"
"$514,900+","235 Locust St # F9EQ58, Raynham, MA 02767"
"$325,000","175 Leonard St Apt 6, Raynham, MA 02767"
"$524,900+","235 Locust St # R9FKLV, Raynham, MA 02767"
"$399,900","68 Sunflower Dr , Raynham, MA 02767"
"$675,000","232 Darrington Dr , Raynham, MA 02767"
"$339,900","416 King St , Raynham, MA 02767"
"$425,000","222 Forest St , Raynham, MA 02767"
"$519,900","831 Church St , Raynham, MA 02767"
"$419,900","21 Cedar St , Raynham, MA 02767"
"$239,900","69 Leonard St Apt 7, Raynham, MA 02767"
"$499,900","205 Overlook Dr , Raynham, MA 02767"
"$529,900","167 Whippoorwill Dr , Raynham, MA 02767"
"$584,900","67 Captains Lndg , Raynham, MA 02767"
"$375,000","331 Robinson St , Raynham, MA 02767"
"$75,000","51 Easy St , Raynham, MA 02767"
"$250,000","0 S Main St , Raynham, MA 02767"
"$589,900","375 Pine St , Raynham, MA 02767"
"$545,000","223 Whippoorwill Dr , Raynham, MA 02767"
"$559,000","150 CRIMSON ST , RAYNHAM, MA 02767"
"$599,900","79 Tearall Rd , Raynham, MA 02767"
