"$349,900","880 WOOD ST , SWANSEA, MA 02777"
"$189,900","10 WEAVER ST , SWANSEA, MA 02777"
"$299,900","21 ORLANDO ST , SWANSEA, MA 02777"
"$319,900","210 PEARSE RD , SWANSEA, MA 02777"
"$210,000","132 DELLAWANDA RD , SWANSEA, MA 02777"
"$195,000","2 MOUNT FAIR CIR , SWANSEA, MA 02777"
"$269,900","157 ELM ST , SWANSEA, MA 02777"
"$289,900","71 SHAWMUT AVE , SWANSEA, MA 02777"
"$289,900","44 VERANDA AVE , SWANSEA, MA 02777"
"$549,000","179 HILTON LN , SWANSEA, MA 02777"
"$239,900","98 LINCOLN AVE , SWANSEA, MA 02777"
"$459,000","484 BUSHEE RD , SWANSEA, MA 02777"
"$244,900","195 OCEAN VIEW AVE , SWANSEA, MA 02777"
"$309,900","99 CEDAR AVE , SWANSEA, MA 02777"
"$364,900","998 WOOD ST , SWANSEA, MA 02777"
"$334,900","21 PARK ST , SWANSEA, MA 02777"
"$159,900","28 BROWN ST , SWANSEA, MA 02777"
"$209,900","351 OCEAN GROVE AVE , SWANSEA, MA 02777"
"$574,900","99 SAWYER AVE , SWANSEA, MA 02777"
"$529,900","2 MUSKET RD , SWANSEA, MA 02777"
"$199,900","23 WEAVER ST , SWANSEA, MA 02777"
"$239,900","771 PEARSE RD , SWANSEA, MA 02777"
"$149,900","415 OCEAN GROVE AVE , SWANSEA, MA 02777"
"$430,000","640 MARVEL ST , SWANSEA, MA 02777"
"$499,000","293 SEAVIEW AVE , SWANSEA, MA 02777"
