"$444,900","60 JEROME ST , BERKLEY, MA 02779"
"$575,000","8 SAINTS WAY , BERKLEY, MA 02779"
"$230,000","10 SAINTS WAY , BERKLEY, MA 02779"
"$775,000","8 & 10 Saints , Berkley, MA 02779"
"$369,900","4 STANLEY AVE , BERKLEY, MA 02779"
"$389,000","42 JEROME ST , BERKLEY, MA 02779"
"$489,900","9 HARVEST LN , BERKLEY, MA 02779"
"$180,000","117 JEROME ST , BERKLEY, MA 02779"
"$283,500","67 COUNTY ST , BERKLEY, MA 02779"
"$124,900","3 SYLVIA LN , BERKLEY, MA 02779"
"$549,000","86 N MAIN ST , BERKLEY, MA 02779"
"$155,000","10 SHORE RD , BERKLEY, MA 02779"
"$429,900","71 N MAIN ST , BERKLEY, MA 02779"
"$619,999","26 42ND ST , BERKLEY, MA 02779"
"$425,000","19 GREEN ST , BERKLEY, MA 02779"
"$459,900"," Ridge St Lot 0000, Berkley, MA 02779"
"$499,900","12 BLOSSOM LN , BERKLEY, MA 02779"
"$129,900","129 PADELFORD ST , BERKLEY, MA 02779"
"$352,500","28 WATER ST , BERKLEY, MA 02779"
"$769,900","44 BRYANT ST , BERKLEY, MA 02779"
"$459,900","3 WALLACE ST , BERKLEY, MA 02779"
"$899,000","157 PADELFORD ST , BERKLEY, MA 02779"
"$399,900","243 BAYVIEW AVE , BERKLEY, MA 02779"
