"$535,000","23 HILLER RD , ROCHESTER, MA 02770"
"$384,900","40 OLD SCHOOLHOUSE RD , ROCHESTER, MA 02770"
"$464,900","209 MENDELL RD , ROCHESTER, MA 02770"
"$775,000","30 BATES RD , ROCHESTER, MA 02770"
"$200,000","69 RYDER RD , ROCHESTER, MA 02770"
"$729,900","14 BISHOP RD , ROCHESTER, MA 02770"
"$425,000","6 RANDALL RD , ROCHESTER, MA 02770"
"$424,900","189 RYDER RD , ROCHESTER, MA 02770"
"$479,900","1021 WALNUT PLAIN RD , ROCHESTER, MA 02770"
"$2,450,000","30 VAUGHAN HILL RD , ROCHESTER, MA 02770"
"$729,000","514 SNIPATUIT RD , ROCHESTER, MA 02770"
"$549,900","44 BRADFORD LN , ROCHESTER, MA 02770"
"$589,999","42 HASKELL RIDGE RD , ROCHESTER, MA 02770"
"$599,900","28 DEERFIELD TER , ROCHESTER, MA 02770"
"$1,300,000","440 SNIPATUIT RD , ROCHESTER, MA 02770"
"$339,000","63 NEW BEDFORD RD , ROCHESTER, MA 02770"
"$519,000","39 CROSS RD , ROCHESTER, MA 02770"
"$1,100,000","0 Marys Pond Rd , Rochester, MA 02770"
"$599,000","6F Alley Rd , Rochester, MA 02770"
"$4,000,000","1 Crestwood Cir , Rochester, MA 02770"
"$729,900","341 County Rd , Rochester, MA 02770"
"$174,900","170 DEXTER LN , ROCHESTER, MA 02770"
"$174,900","2-A Walnut Plain Rd , Rochester, MA 02770"
"$579,900","1-A Walnut Plain Rd , Rochester, MA 02770"
