"$225,000","168 LINCOLN ST , SEEKONK, MA 02771"
"$369,000","28 BLACKSMITH RD , SEEKONK, MA 02771"
"$334,900","137 ANTHONY ST , SEEKONK, MA 02771"
"$349,000","816 NEWMAN AVE , SEEKONK, MA 02771"
"$549,000","10 EVELYN WAY , SEEKONK, MA 02771"
"$249,900","229 LEDGE RD , SEEKONK, MA 02771"
"$360,000","19 MILLER ST , SEEKONK, MA 02771"
"$299,900","47 COLEMAN ST , SEEKONK, MA 02771"
"$249,900","403 LINCOLN ST , SEEKONK, MA 02771"
"$235,000","602 FALL RIVER AVE , SEEKONK, MA 02771"
"$450,000","52 Central Ave , Seekonk, MA 02771"
"$324,900","914 ARCADE AVE , SEEKONK, MA 02771"
"$379,000","176 MOHAWK DR , SEEKONK, MA 02771"
"$535,000","237 LAKE ST , SEEKONK, MA 02771"
"$474,900","53 DAVIS ST , SEEKONK, MA 02771"
"$529,000","88 LINCOLN ST , SEEKONK, MA 02771"
"$289,900","478 FALL RIVER AVE , SEEKONK, MA 02771"
"$269,900","66 PROVAZZA DR , SEEKONK, MA 02771"
"$369,900","33 CEDAR LN , SEEKONK, MA 02771"
"$359,000","51 SANDERS AVE , SEEKONK, MA 02771"
"$319,000","9 CEDAR LN , SEEKONK, MA 02771"
"$410,000","256 OLNEY ST , SEEKONK, MA 02771"
"$539,900","1 Stone Ridge Dr , Seekonk, MA 02771"
"$589,900","21 RACINE AVE , SEEKONK, MA 02771"
$230K,"72 MILTON ST , SEEKONK, MA 02771"
