"$128,000","325 Lothrop St , Taunton, MA 02780"
"$198,000","32 PRATT ST , TAUNTON, MA 02780"
"$424,990","182 Nichols Dr , Taunton, MA 02780"
"$169,900","168 HART ST APT 29, TAUNTON, MA 02780"
"$379,000","124 N WALKER ST , TAUNTON, MA 02780"
"$399,000","16 East Broadway , Taunton, MA 02780"
"$240,000","8A&B First St , Taunton, MA 02780"
"$325,000","408 W BRITANNIA ST , TAUNTON, MA 02780"
"$229,900","79 HART ST , TAUNTON, MA 02780"
"$247,500","146 FREMONT ST , TAUNTON, MA 02780"
"$339,900","750 BURT ST , TAUNTON, MA 02780"
"$85,000","48 Daisy Ave , Taunton, MA 02780"
"$225,000","152 DUNBAR ST , TAUNTON, MA 02780"
"$79,900","6 Thayer Dr , Taunton, MA 02780"
"$224,900","32 Landing Dr # 32, Taunton, MA 02780"
"$54,900","12 Thayer Dr , Taunton, MA 02780"
"$300,000","5 VERNON ST , TAUNTON, MA 02780"
"$94,900","13 Holly Rd , Taunton, MA 02780"
"$139,000","184 Red Oak Ter , Taunton, MA 02780"
"$249,900","43 GRANT ST , TAUNTON, MA 02780"
"$396,900","254 RAMA ST , TAUNTON, MA 02780"
"$550,000","126 ASHLEIGH TER , TAUNTON, MA 02780"
"$99,000","173 HIGHLAND ST APT 201, TAUNTON, MA 02780"
"$239,900","15 WAVERLY ST , TAUNTON, MA 02780"
"$229,900","147 HART ST , TAUNTON, MA 02780"
