"$199,999","641 STATE RD , WESTPORT, MA 02790"
$325K,"50 LIGHTHOUSE LN , WESTPORT, MA 02790"
"$890,000","50 HOWLAND RD , WESTPORT, MA 02790"
"$574,900","49 SYCAMORE LN , WESTPORT, MA 02790"
"$365,000","428 SODOM RD , WESTPORT, MA 02790"
"$524,900","1266 DRIFT RD , WESTPORT, MA 02790"
"$354,900","595 OLD COUNTY RD , WESTPORT, MA 02790"
"$349,000","408 BRIGGS RD , WESTPORT, MA 02790"
"$389,900","2 BRIGHT RD , WESTPORT, MA 02790"
"$775,000","5 MAPLE LN , WESTPORT, MA 02790"
"$449,900+","118 Forge Rd # NHJPI5, Westport, MA 02790"
"$699,000","548 Drift Rd # B, Westport, MA 02790"
"$579,900+","1 Sycamore Ln # 8SCJ1H, Westport, MA 02790"
"$1,250,000","1228A Drift Rd , Westport, MA 02790"
"$849,900","31 ATLANTIC AVE , WESTPORT, MA 02790"
"$874,900","1759 MAIN RD , WESTPORT, MA 02790"
"$429,900","127 Pettey Ln # E, Westport, MA 02790"
"$214,500","259E Tickle Rd , Westport, MA 02790"
$200K,"165 MOUSE MILL RD , WESTPORT, MA 02790"
"$260,000","1 LUCY LN , WESTPORT, MA 02790"
"$6,900,000","358 OLD BEDFORD RD , WESTPORT, MA 02790"
"$579,900","667 HORSENECK RD , WESTPORT, MA 02790"
"$665,000","1 Sycamore Ln , Westport, MA 02790"
"$374,900","246 HOWLAND RD , WESTPORT, MA 02790"
