"$258,965","86 MENDON ST , BELLINGHAM, MA 02019"
"$430,000","269 CENTER ST , BELLINGHAM, MA 02019"
"$225,000","71 BOX POND DR , BELLINGHAM, MA 02019"
"$449,900","8 FLEUETTE DR , BELLINGHAM, MA 02019"
"$289,900","90 Paine St , Bellingham, MA 02019"
"$264,900","190 LAKESHORE DR , BELLINGHAM, MA 02019"
"$315,000","112 RUTHELLEN RD , BELLINGHAM, MA 02019"
"$559,900","83 HIGHRIDGE RD , BELLINGHAM, MA 02019"
"$374,900","9 BLISS RD , BELLINGHAM, MA 02019"
"$225,000","440 PULASKI BLVD , BELLINGHAM, MA 02019"
"$219,900","84 RUTHELLEN RD , BELLINGHAM, MA 02019"
"$229,000","61 POTHIER ST , BELLINGHAM, MA 02019"
"$369,900","145 BLACKSTONE ST , BELLINGHAM, MA 02019"
"$354,900","23 HIGH ST , BELLINGHAM, MA 02019"
"$479,900","4 SAND CASTLE LN , BELLINGHAM, MA 02019"
"$179,500","10 POTTER CIR , BELLINGHAM, MA 02019"
"$369,900","32 PRAIRIE AVE , BELLINGHAM, MA 02019"
"$599,900","57 HIGHRIDGE RD , BELLINGHAM, MA 02019"
"$549,900","12 OXFORD CT , BELLINGHAM, MA 02019"
"$180,000","826 S Main St # 826, Bellingham, MA 02019"
"$364,990","404 Old Bridge Ln # 4D, Bellingham, MA 02019"
"$349,900","79 MECHANIC ST , BELLINGHAM, MA 02019"
"$410,000","680-682 WRENTHAM RD , BELLINGHAM, MA 02019"
$249K,"64 S MAPLE ST , BELLINGHAM, MA 02019"
"$350,000","461 Pulaski Blvd # 461, Bellingham, MA 02019"
