"$649,900","49 Beaumont St # 49, Canton, MA 02021"
"$574,900","1309 Washington St , Canton, MA 02021"
"$679,900","6 SHAWNLEE RD , CANTON, MA 02021"
"$789,000","187 Indian Ln , Canton, MA 02021"
"$239,000","70 Everett St , Canton, MA 02021"
"$549,900","360 Neponset St Unit 701, Canton, MA 02021"
"$409,900","3 Roberts Rd , Canton, MA 02021"
"$399,900","16 Walford Park Dr , Canton, MA 02021"
"$254,900","65 Dunbar St , Canton, MA 02021"
"$425,000","48 Will Dr Apt 67, Canton, MA 02021"
"$434,900","84 Walpole St Apt 3N, Canton, MA 02021"
"$799,000","119 REVERE ST UNIT L, CANTON, MA 02021"
"$342,900","1135 RANDOLPH ST , CANTON, MA 02021"
"$789,000","1 CANONCHET ST , CANTON, MA 02021"
"$469,900","51 Will Dr Apt 128, Canton, MA 02021"
"$1,899,000","77 Oak Rd , Canton, MA 02021"
"$625,000","12 Woodcliff Rd , Canton, MA 02021"
"$525,000","54 Oak Rd , Canton, MA 02021"
"$879,900","3 Lynn St , Canton, MA 02021"
"$425,000","85 Randolph Ter , Canton, MA 02021"
"$575,000","27 Elizabeth St , Canton, MA 02021"
"$419,000","38 Spring Ln , Canton, MA 02021"
"$249,000","144 High St , Canton, MA 02021"
