"$575,000","7 LYNCH AVE , DEDHAM, MA 02026"
"$379,900","62 LOWER EAST ST , DEDHAM, MA 02026"
"$539,000","47 ALTOONA RD , DEDHAM, MA 02026"
"$689,000","62 GAINSVILLE RD , DEDHAM, MA 02026"
"$599,900","53 HOLMES RD , DEDHAM, MA 02026"
"$569,000","24 RIVERDALE RD , DEDHAM, MA 02026"
"$479,900","35 WARE ST , DEDHAM, MA 02026"
"$285,000","110 Maple Pl Apt 8, Dedham, MA 02026"
"$449,900","124 BUSSEY ST , DEDHAM, MA 02026"
"$529,000","26 COMMONWEALTH AVE , DEDHAM, MA 02026"
"$959,900","811 EAST ST , DEDHAM, MA 02026"
"$485,000","14 CHURCHILL PL , DEDHAM, MA 02026"
"$589,000","52 ANTHONY LN , DEDHAM, MA 02026"
"$415,000","193 CURVE ST , DEDHAM, MA 02026"
"$944,900","1 Hamilton Ave , Dedham, MA 02026"
"$240,000","34 HYDE PARK ST , DEDHAM, MA 02026"
"$498,000","175 WASHINGTON ST , DEDHAM, MA 02026"
"$679,900","42 COUNTRY CLUB RD , DEDHAM, MA 02026"
"$1,225,000","774 HIGH ST , DEDHAM, MA 02026"
"$449,900","5 ECHO LN , DEDHAM, MA 02026"
"$1,395,000","82 COUNTRY CLUB RD , DEDHAM, MA 02026"
"$1,100,000","19 FRANKLIN SQ , DEDHAM, MA 02026"
"$1,095,000","55 DEERPATH RD , DEDHAM, MA 02026"
"$6,500,000","254 WESTFIELD ST , DEDHAM, MA 02026"
"$1,125,000","561 BRIDGE ST , DEDHAM, MA 02026"
