"$1,200,000","45 BANCROFT RD , COHASSET, MA 02025"
"$1,350,000","14 SPINDRIFT LN , COHASSET, MA 02025"
"$1,275,000","30 BEACH ST , COHASSET, MA 02025"
"$1,395,000","110 NICHOLS RD , COHASSET, MA 02025"
"$730,000","38 Stockbridge St # A, Cohasset, MA 02025"
"$1,135,000","11 ELM CT , COHASSET, MA 02025"
"$1,199,000","4 ROSE HILL LN , COHASSET, MA 02025"
"$649,000","19 LOCUST RD , COHASSET, MA 02025"
"$1,445,000","51 DEEP RUN , COHASSET, MA 02025"
"$775,000","79 N MAIN ST APT 4, COHASSET, MA 02025"
"$749,000","24 LANTERN LN , COHASSET, MA 02025"
"$5,700,000","181 ATLANTIC AVE , COHASSET, MA 02025"
"$790,000","580 JERUSALEM RD , COHASSET, MA 02025"
"$1,695,000","2 STRATFORD TER , COHASSET, MA 02025"
"$1,095,000","20 WESTGATE LN , COHASSET, MA 02025"
"$1,695,000","30 ATLANTIC AVE , COHASSET, MA 02025"
"$1,495,000","30 WHITE HEAD RD , COHASSET, MA 02025"
"$449,000","99 DOANE ST , COHASSET, MA 02025"
"$929,000","25 SOHIER ST , COHASSET, MA 02025"
"$1,249,000","433 KING ST , COHASSET, MA 02025"
"$1,275,000","595 JERUSALEM RD , COHASSET, MA 02025"
"$355,000","550 JERUSALEM RD APT 3, COHASSET, MA 02025"
"$1,695,000","589 Jerusalem Rd Apt 1, Cohasset, MA 02025"
"$1,399,999","86 ATLANTIC AVE , COHASSET, MA 02025"
"$4,299,000","130 GAMMONS RD , COHASSET, MA 02025"
