"$1,349,000","15 DRAPER RD , DOVER, MA 02030"
"$1,750,000","35B Walpole St , Dover, MA 02030"
"$1,995,000","183 CLAYBROOK RD , DOVER, MA 02030"
"$3,999,999","14 HAMLINS XING , DOVER, MA 02030"
"$485,000","4 RIVERSIDE DR , DOVER, MA 02030"
"$1,195,000","48 HARTFORD ST , DOVER, MA 02030"
"$2,349,000","3 BETSY LN , DOVER, MA 02030"
"$1,249,000","43 Walpole St # A, Dover, MA 02030"
"$1,600,000","30 GRAND HILL DR , DOVER, MA 02030"
"$2,250,000","156 FARM ST , DOVER, MA 02030"
"$1,290,000","27 BRETTON RD , DOVER, MA 02030"
"$3,950,000","43 STRAWBERRY HILL ST , DOVER, MA 02030"
"$779,000","9 POND ST , DOVER, MA 02030"
"$1,099,000","28 CEDAR HILL RD , DOVER, MA 02030"
"$999,000","19 RIGA RD , DOVER, MA 02030"
"$2,150,000","39 YORKSHIRE RD , DOVER, MA 02030"
"$1,500,000","184 CENTRE ST , DOVER, MA 02030"
"$2,395,000","3 Francis St , Dover, MA 02030"
"$829,000","9 OAK CIR , DOVER, MA 02030"
"$9,750,000","129 DEDHAM ST , DOVER, MA 02030"
"$1,249,000","3 GREYSTONE RD , DOVER, MA 02030"
"$3,950,000","62 STRAWBERRY HILL ST , DOVER, MA 02030"
"$959,000","14 JUNIPER LN , DOVER, MA 02030"
"$4,500,000","20 PEGAN LN , DOVER, MA 02030"
"$985,000","2 MAPLE LN , DOVER, MA 02030"
