"$659,900","4 MASON PL , FOXBORO, MA 02035"
"$534,900","7 CAPONE RD , FOXBORO, MA 02035"
"$349,900","12 MARGARET RD , FOXBORO, MA 02035"
"$399,900","66 Green St # R, Foxboro, MA 02035"
"$829,900","4 Judge Brown Ln , Foxboro, MA 02035"
"$26,000","131 Washington St Trlr 65, Foxboro, MA 02035"
"$419,000","1 Roseland # A-11, Foxboro, MA 02035"
"$399,900","33 Independence Dr # 33, Foxboro, MA 02035"
"$575,000","10 CEDAR LN , FOXBORO, MA 02035"
"$519,000","1 Roseland St # C-4, Foxboro, MA 02035"
"$460,000","29 MECHANIC ST # A, FOXBORO, MA 02035"
"$850,000","20 HAYDEN DR , FOXBORO, MA 02035"
"$749,000","1 MARY WAY , FOXBORO, MA 02035"
"$21,000","59 First St , Foxboro, MA 02035"
"$299,000","14 WINTER ST , FOXBORO, MA 02035"
"$379,900","41 INDEPENDENCE DR , FOXBORO, MA 02035"
"$529,900","30 Cary Ln Lot 14, Foxboro, MA 02035"
"$319,000","41 ELM ST # A3, FOXBORO, MA 02035"
"$795,000","31 VALLEY FORGE WAY , FOXBORO, MA 02035"
"$739,900","14 WINDSOR DR , FOXBORO, MA 02035"
"$1,095,000","14 MARY WAY , FOXBORO, MA 02035"
"$599,900","11 CEDAR ST , FOXBORO, MA 02035"
"$949,900","4 MICHELLES WAY , FOXBORO, MA 02035"
