"$309,000","128 PLEASANT ST , FRANKLIN, MA 02038"
"$639,900","18 TOWNLINE RD , FRANKLIN, MA 02038"
"$475,000","98 BROOK ST , FRANKLIN, MA 02038"
"$399,000","881 Upper Union St , Franklin, MA 02038"
"$600,000","10 CATHERINE AVE , FRANKLIN, MA 02038"
"$445,000","258 WASHINGTON ST , FRANKLIN, MA 02038"
"$170,000","2404 Franklin Crossing Rd # 2404, Franklin, MA 02038"
"$369,000","19 ROLLING RIDGE RD , FRANKLIN, MA 02038"
"$449,900+","44 Pond St # 99N10Z, Franklin, MA 02038"
"$552,900+","44 Pond St # I9VO96, Franklin, MA 02038"
"$521,900+","44 Pond St # T8W7ZN, Franklin, MA 02038"
"$242,000","15 WALNUT AVE , FRANKLIN, MA 02038"
"$524,900","10 EMILIO DR , FRANKLIN, MA 02038"
"$700,000","3 BELL CIR , FRANKLIN, MA 02038"
"$489,900","88 BENT ST , FRANKLIN, MA 02038"
"$600,000","59 BRIDLE PATH , FRANKLIN, MA 02038"
"$644,900","52 FULLER PL , FRANKLIN, MA 02038"
"$575,000","392 OAKLAND PKWY , FRANKLIN, MA 02038"
"$629,900","67 JEFFERSON RD , FRANKLIN, MA 02038"
"$1,495,000","50 OPAL CIR , FRANKLIN, MA 02038"
"$299,900","2 Danforth Way # 2, Franklin, MA 02038"
"$359,900","127 PLAIN ST , FRANKLIN, MA 02038"
"$435,000","200 POND ST , FRANKLIN, MA 02038"
"$125,000","491 W CENTRAL ST APT C9, FRANKLIN, MA 02038"
"$419,900"," Lot 8 Leanne Way , Franklin, MA 02038"
