"$349,900","106 WALNUT ST , MANSFIELD, MA 02048"
"$329,900","465 MAPLE ST , MANSFIELD, MA 02048"
"$469,900","35 SPRING ST , MANSFIELD, MA 02048"
"$499,900","791 WARE ST , MANSFIELD, MA 02048"
"$480,000","9 DAY AVE , MANSFIELD, MA 02048"
"$339,000","104 ANGELL ST , MANSFIELD, MA 02048"
"$599,900","6 ROBYN LN , MANSFIELD, MA 02048"
"$319,900","101 Central St , Mansfield, MA 02048"
"$948,500","44 LANCASHIRE DR , MANSFIELD, MA 02048"
"$574,900","12 NELSON WAY , MANSFIELD, MA 02048"
"$479,900","1268 EAST ST , MANSFIELD, MA 02048"
"$459,900","128 PRATT ST , MANSFIELD, MA 02048"
"$339,000","100 OTIS ST , MANSFIELD, MA 02048"
"$529,900","46 PARK ST , MANSFIELD, MA 02048"
"$169,800","150 RUMFORD AVE APT 311, MANSFIELD, MA 02048"
"$589,900","11 WINDCHIME DR , MANSFIELD, MA 02048"
"$137,500","19 ERICK RD APT 35, MANSFIELD, MA 02048"
"$675,000","14 BOUNDRY RD , MANSFIELD, MA 02048"
"$799,900","23 OLD NORTH TRL , MANSFIELD, MA 02048"
"$539,000","48 OLD FARM RD , MANSFIELD, MA 02048"
"$824,900","11 MICHAEL LN , MANSFIELD, MA 02048"
"$139,900","21 EAST ST APT 1B, MANSFIELD, MA 02048"
"$1,095,000","47 LANCASHIRE DR , MANSFIELD, MA 02048"
"$574,900","721 EAST ST , MANSFIELD, MA 02048"
"$399,900","85 COURT ST , MANSFIELD, MA 02048"
