"$595,000","728 NANTASKET AVE , HULL, MA 02045"
"$334,900","67 BAY ST , HULL, MA 02045"
"$394,000","36 O ST , HULL, MA 02045"
"$419,000","14 FAIRMOUNT WAY , HULL, MA 02045"
"$659,000","112 CADISH AVE , HULL, MA 02045"
"$649,000","32 MERRILL RD , HULL, MA 02045"
"$339,900","609 NANTASKET AVE , HULL, MA 02045"
"$399,900","67 PACKARD AVE , HULL, MA 02045"
"$438,000","36 COBURN ST , HULL, MA 02045"
"$1,125,000","33 SUMMIT AVE , HULL, MA 02045"
"$371,800","32 CHANNEL ST , HULL, MA 02045"
"$849,000","11 VERNON AVE , HULL, MA 02045"
"$264,900","571 Nantasket Ave , Hull, MA 02045"
"$769,900","862 NANTASKET AVE , HULL, MA 02045"
"$519,900","826 NANTASKET AVE , HULL, MA 02045"
"$509,000","82 EDGEWATER RD , HULL, MA 02045"
$268K,"55 REVERE ST , HULL, MA 02045"
"$279,000","155 GEORGE WASHINGTON BLVD APT 406, HULL, MA 02045"
"$549,000","875 NANTASKET AVE , HULL, MA 02045"
"$369,900","1 Commodore Ct Apt 504, Hull, MA 02045"
"$525,000","779 NANTASKET AVE , HULL, MA 02045"
"$435,000","47 C ST , HULL, MA 02045"
"$749,900","13 MANOMET AVE , HULL, MA 02045"
"$609,000","40 CADISH AVE , HULL, MA 02045"
"$429,000","12 Marina Dr # 12, Hull, MA 02045"
