"$749,900","80 KILBY ST , HINGHAM, MA 02043"
"$1,175,000","165 LAZELL ST , HINGHAM, MA 02043"
"$1,150,000","46 Canterbury St , Hingham, MA 02043"
"$775,000","44 CUSHING ST , HINGHAM, MA 02043"
"$469,900","51 VOLUSIA RD , HINGHAM, MA 02043"
"$779,000","9 PINEGROVE RD , HINGHAM, MA 02043"
"$1,095,000","768 MAIN ST , HINGHAM, MA 02043"
"$849,000","231 PROSPECT ST , HINGHAM, MA 02043"
"$849,000","183 PROSPECT ST , HINGHAM, MA 02043"
"$1,599,000","4 JULIAN WAY , HINGHAM, MA 02043"
"$538,500","301 ROCKLAND ST , HINGHAM, MA 02043"
"$349,000","3304 Tuckers Ln # 3304, Hingham, MA 02043"
"$799,000","78 CROSS ST , HINGHAM, MA 02043"
"$1,050,000","109 STAYNER DR , HINGHAM, MA 02043"
"$1,175,000","5 PORTERS COVE RD , HINGHAM, MA 02043"
"$1,249,900","2 FOUNDRY FALLS RD , HINGHAM, MA 02043"
"$2,000,000","167 MAIN ST , HINGHAM, MA 02043"
"$365,000","2006 Hockley Dr # 2006, Hingham, MA 02043"
"$849,000","155 LEAVITT ST , HINGHAM, MA 02043"
"$4,175,000","11 HOWARD RD , HINGHAM, MA 02043"
"$1,875,000","26 LAFAYETTE AVE , HINGHAM, MA 02043"
"$2,150,000","12 KRESS FARM RD , HINGHAM, MA 02043"
"$4,199,000","5 MERRILL ST , HINGHAM, MA 02043"
"$2,799,000","3 BREWER WAY , HINGHAM, MA 02043"
"$1,765,000","31 Maryknoll Dr , Hingham, MA 02043"
