"$675,000","3 PINE HOUSE RD , MILLIS, MA 02054"
"$649,000","8 RYAN RD , MILLIS, MA 02054"
"$399,900","120 VILLAGE ST , MILLIS, MA 02054"
"$389,900","54 HERITAGE PATH , MILLIS, MA 02054"
"$409,900","151 PLEASANT ST , MILLIS, MA 02054"
"$264,000","1 Pine Vw # 1, Millis, MA 02054"
"$425,000","187 SPRING ST , MILLIS, MA 02054"
"$309,000","969 Main St # 2-8, Millis, MA 02054"
"$299,400","1040 MAIN ST APT 4, MILLIS, MA 02054"
"$679,000"," Pearl Street St 34 Lot 11, Millis, MA 02054"
"$229,900","53 NORFOLK RD , MILLIS, MA 02054"
"$269,000","56 Key St # 56, Millis, MA 02054"
"$689,900"," Lot 10 Pearl St # 38, Millis, MA 02054"
"$579,900","11 Rockville Mdws # 11, Millis, MA 02054"
"$519,900","31 Rockville Mdws # 31, Millis, MA 02054"
"$729,900","219 ORCHARD ST , MILLIS, MA 02054"
"$499,999","2 GRANITE DR , MILLIS, MA 02054"
"$499,900","60 VILLAGE ST , MILLIS, MA 02054"
"$269,000","367 VILLAGE ST , MILLIS, MA 02054"
"$279,900","946 MAIN ST , MILLIS, MA 02054"
"$750,000","40 Bullard Ln , Millis, MA 02054"
"$639,900","26 Frontier Ln Lot 47, Millis, MA 02054"
