"$799,000","11 SPRUCE WAY , MEDFIELD, MA 02052"
"$650,000","64 INDIAN HILL RD , MEDFIELD, MA 02052"
"$820,000","70 INDIAN HILL RD , MEDFIELD, MA 02052"
"$510,000","90 SOUTH ST , MEDFIELD, MA 02052"
"$939,000","6 HAVEN RD , MEDFIELD, MA 02052"
"$1,185,000","29 EASTMOUNT RD , MEDFIELD, MA 02052"
"$539,000","15 PARTRIDGE RD , MEDFIELD, MA 02052"
"$495,000","88 SOUTH ST , MEDFIELD, MA 02052"
"$664,900","40 FLINT LOCKE LN , MEDFIELD, MA 02052"
"$589,900","98 GRANITE ST , MEDFIELD, MA 02052"
"$1,039,900","44 PHILIP ST , MEDFIELD, MA 02052"
"$679,500","265 SOUTH ST , MEDFIELD, MA 02052"
"$641,000","34 CROSS ST , MEDFIELD, MA 02052"
"$1,025,000","20 HEARTHSTONE DR , MEDFIELD, MA 02052"
"$925,000","96 HIGH ST , MEDFIELD, MA 02052"
"$798,000","26 Maple Ln # 26, Medfield, MA 02052"
"$584,900","29 GRANITE ST , MEDFIELD, MA 02052"
"$1,198,000","26 LOEFFLER LN , MEDFIELD, MA 02052"
"$1,850,000","36 MINUTEMAN RD , MEDFIELD, MA 02052"
"$595,900","46 EVERGREEN WAY , MEDFIELD, MA 02052"
"$1,149,000","210 PINE ST , MEDFIELD, MA 02052"
"$765,000","44 SOUTH ST , MEDFIELD, MA 02052"
"$1,225,000","15 DONNELLY DR , MEDFIELD, MA 02052"
"$899,900","339 MAIN ST , MEDFIELD, MA 02052"
"$2,375,000","25 ORCHARD ST , MEDFIELD, MA 02052"
