"$600,000","543 PLEASANT ST , MARSHFIELD, MA 02050"
"$535,000","1 Proprietors Dr # 18, Marshfield, MA 02050"
"$535,000","1 Proprietors Dr # 19, Marshfield, MA 02050"
"$535,000","1 Proprietors Dr # 17, Marshfield, MA 02050"
"$535,000","1 Proprietors Dr # 20, Marshfield, MA 02050"
"$535,000","1 Proprietors Dr # 16, Marshfield, MA 02050"
"$569,000","115 PLANTING FIELD RD , MARSHFIELD, MA 02050"
"$475,000","23 GRACE LN , MARSHFIELD, MA 02050"
"$565,000","653 S RIVER ST , MARSHFIELD, MA 02050"
"$679,000","102 SAWYERS LN , MARSHFIELD, MA 02050"
"$779,000","143 ARROW HEAD RD , MARSHFIELD, MA 02050"
"$149,999","875 Ocean St Unit 3, Marshfield, MA 02050"
"$1,070,000","509 HOLLY RD , MARSHFIELD, MA 02050"
"$419,900","28 LANDING RD , MARSHFIELD, MA 02050"
"$350,000","13 SOUTH ST , MARSHFIELD, MA 02050"
"$829,000","43 NEWPORT ST , MARSHFIELD, MA 02050"
"$395,000"," Holly Rd Lot 1, Marshfield, MA 02050"
"$339,000","25 ANDERSON DR , MARSHFIELD, MA 02050"
"$898,000","8 FOX HILL CIR , MARSHFIELD, MA 02050"
"$509,900","17 Old Plain St , Marshfield, MA 02050"
"$529,900","14 INDIAN RD , MARSHFIELD, MA 02050"
"$429,000","63 UNION ST , MARSHFIELD, MA 02050"
"$679,000","369 HIGHLAND ST , MARSHFIELD, MA 02050"
"$1,149,000","5 BAY AVE , MARSHFIELD, MA 02050"
"$699,000","105 CEDAR ACRES RD , MARSHFIELD, MA 02050"
