"$165,000","30 MILFORD ST , MEDWAY, MA 02053"
"$539,900","10 GRANITE ST , MEDWAY, MA 02053"
"$349,900","4 MALLOY ST , MEDWAY, MA 02053"
"$464,900","5 MALLARD DR , MEDWAY, MA 02053"
"$429,900","181 MAIN ST , MEDWAY, MA 02053"
"$412,500","29 FISHER ST , MEDWAY, MA 02053"
"$539,900","1 CASTLE RD , MEDWAY, MA 02053"
"$849,900","4 OLDE SURREY LN , MEDWAY, MA 02053"
"$179,900","120 VILLAGE ST # A, MEDWAY, MA 02053"
"$310,000","19 EVERGREEN ST # A, MEDWAY, MA 02053"
"$327,900","32 WELLINGTON ST , MEDWAY, MA 02053"
"$379,900","48 CLARK ST , MEDWAY, MA 02053"
"$779,000","4 GOLDENROD DR , MEDWAY, MA 02053"
"$289,900","37 NORTH ST , MEDWAY, MA 02053"
"$565,900","3 STONY RIDGE RD , MEDWAY, MA 02053"
$226K,"15 FISHER ST , MEDWAY, MA 02053"
"$189,000","166 VILLAGE ST UNIT 201, MEDWAY, MA 02053"
"$1,499,995","311 VILLAGE ST , MEDWAY, MA 02053"
"$609,900","4 Sorrento Ln , Medway, MA 02053"
"$664,000","1 OLDE SURREY LN , MEDWAY, MA 02053"
"$669,900","3 Sorrento Ln , Medway, MA 02053"
"$510,000","14 VIRGINIA RD , MEDWAY, MA 02053"
"$769,900","6 SANFORD ST , MEDWAY, MA 02053"
