"$529,900","16 VALENTINE DR , NORFOLK, MA 02056"
"$724,900","3 PERIGO LN , NORFOLK, MA 02056"
"$615,000","17 MASCONEMET AVE , NORFOLK, MA 02056"
"$824,000","13 BRIDIE LN , NORFOLK, MA 02056"
"$624,900","11 FREEDOM TRL , NORFOLK, MA 02056"
"$649,000","35 MAPLE ST , NORFOLK, MA 02056"
"$1,499,000","10 Keeney Pond Rd Lot 11, Norfolk, MA 02056"
"$429,000","131 SEEKONK ST , NORFOLK, MA 02056"
"$531,000","31 Lois Ln # 31, Norfolk, MA 02056"
"$619,900","7 Boydes Xing # 7, Norfolk, MA 02056"
"$1,299,000","7 Wrights Farm Rd Lot 33, Norfolk, MA 02056"
"$629,900","117 Grey Birch Rd # 117, Norfolk, MA 02056"
"$1,499,000","12 TRAILSIDE WAY , NORFOLK, MA 02056"
"$539,000","103 MEDWAY ST , NORFOLK, MA 02056"
"$625,000","8 LAKE ST , NORFOLK, MA 02056"
"$1,175,000","10 STOP RIVER RD , NORFOLK, MA 02056"
"$599,900","44 NOON HILL AVE , NORFOLK, MA 02056"
"$480,000","82 BOARDMAN ST , NORFOLK, MA 02056"
"$479,900","47R Medway St , Norfolk, MA 02056"
$318K,"4 Woodward Rd Franklin Ma # 2093, Norfolk, MA 02056"
"$410,000","26 FLEETWOOD DR , NORFOLK, MA 02056"
"$979,000","3 ARIANA LN , NORFOLK, MA 02056"
"$415,000","3 NORWELL ST , NORFOLK, MA 02056"
"$1,050,000","19 HAMPTON RD , NORFOLK, MA 02056"
"$1,799,000","37A Keeney Pond Rd , Norfolk, MA 02056"
