"$449,900","29 HAMPSHIRE AVE , SHARON, MA 02067"
"$575,000","52 OAK HILL DR , SHARON, MA 02067"
"$190,000","2 BAYBERRY DR APT 1, SHARON, MA 02067"
"$569,000","54 Apple Valley Dr # 54, Sharon, MA 02067"
"$749,000","6 TIOT ST , SHARON, MA 02067"
"$789,900","1 FORSYTHIA CIR , SHARON, MA 02067"
"$429,000","4 OWL DR , SHARON, MA 02067"
"$825,000","61 W RIDGE DR , SHARON, MA 02067"
"$749,900","63 BELLA RD , SHARON, MA 02067"
"$482,900","55 POLE PLAIN RD , SHARON, MA 02067"
"$649,900","33 BLAIR CIR , SHARON, MA 02067"
"$525,000","65 WALPOLE ST , SHARON, MA 02067"
"$525,000","25 POLE PLAIN RD , SHARON, MA 02067"
"$650,000","7 GLENVIEW RD , SHARON, MA 02067"
"$469,900","675 BAY RD , SHARON, MA 02067"
"$475,000","635 Old Post Rd # 6, Sharon, MA 02067"
"$600,000","635 Old Post Rd # 32, Sharon, MA 02067"
"$480,000","635 Old Post Rd # 20, Sharon, MA 02067"
"$1,495,000","37 W RIDGE DR , SHARON, MA 02067"
"$715,000","65 S WALPOLE ST , SHARON, MA 02067"
"$550,000","43 WALPOLE ST , SHARON, MA 02067"
"$600,000"," Diamond Ests Lot 2, Sharon, MA 02067"
"$919,999","45 W RIDGE DR , SHARON, MA 02067"
"$899,000","185 EDGE HILL RD , SHARON, MA 02067"
"$415,000","84 CEDAR ST , SHARON, MA 02067"
