"$509,999","37 OLD FORGE RD , SCITUATE, MA 02066"
"$1,049,000","167 JERICHO RD , SCITUATE, MA 02066"
"$450,000","1A Oceanside Dr , Scituate, MA 02066"
"$599,000","14 LAWSON RD , SCITUATE, MA 02066"
"$698,000","83 Hatherly Rd , Scituate, MA 02066"
"$624,000","80 BROOK ST , SCITUATE, MA 02066"
"$545,000","503 HATHERLY RD , SCITUATE, MA 02066"
"$2,795,000","19 Glades Rd , Scituate, MA 02066"
"$859,000","141 BRANCH ST , SCITUATE, MA 02066"
"$1,750,000","24 RIVERVIEW PL , SCITUATE, MA 02066"
"$1,675,000","134 JUDGE CUSHING RD , SCITUATE, MA 02066"
"$1,149,000","41 WOODWORTH LN , SCITUATE, MA 02066"
"$699,900","95 MANN HILL RD , SCITUATE, MA 02066"
"$799,000","39 INDIAN WIND DR , SCITUATE, MA 02066"
"$749,900","21 GREENBRIAR WAY , SCITUATE, MA 02066"
"$799,000","56 BARKER RD , SCITUATE, MA 02066"
"$1,200,000","1 CRESCENT AVE , SCITUATE, MA 02066"
"$739,000","31 SEDGEWICK DR , SCITUATE, MA 02066"
"$575,000","38 First Parish Rd , Scituate, MA 02066"
"$439,000","19 LAWSON RD , SCITUATE, MA 02066"
"$1,200,000","85 Surfside Rd , Scituate, MA 02066"
"$319,900","124 FRONT ST APT 5, SCITUATE, MA 02066"
"$416,000","87 HATHERLY RD , SCITUATE, MA 02066"
"$699,000","21 SEAGATE CIR , SCITUATE, MA 02066"
