"$1,695,000","246 Bowker St , Norwell, MA 02061"
"$584,900","399 PROSPECT ST , NORWELL, MA 02061"
"$639,900","75 MASTHEAD DR , NORWELL, MA 02061"
"$499,000","25 OTIS HILL RD , NORWELL, MA 02061"
"$759,000","133 HEMLOCK DR , NORWELL, MA 02061"
"$699,000","299 OLD OAKEN BUCKET RD , NORWELL, MA 02061"
"$559,900","731 Grove St , Norwell, MA 02061"
"$494,900","120 PARKER ST , NORWELL, MA 02061"
"$799,000","5 COPELAND TANNERY DR , NORWELL, MA 02061"
"$1,350,000","182 LINCOLN ST , NORWELL, MA 02061"
"$625,000","265 HIGH ST , NORWELL, MA 02061"
"$1,199,000","40 SOUTH ST , NORWELL, MA 02061"
"$849,900","133 RIVER ST , NORWELL, MA 02061"
"$1,350,000","5 FIELDSTONE WAY , NORWELL, MA 02061"
"$344,900","3 DORIS AVE , NORWELL, MA 02061"
"$1,595,000","45 JUDGES HILL DR , NORWELL, MA 02061"
"$1,250,000","11 HIGHFIELD LN , NORWELL, MA 02061"
"$484,900","54 WILDER RD , NORWELL, MA 02061"
$485K,"262 MAIN ST , NORWELL, MA 02061"
"$759,000","13 Queen Ann Ln , Norwell, MA 02061"
"$2,250,000","60 TURNERS WAY , NORWELL, MA 02061"
"$889,000","212 BRIGANTINE CIR , NORWELL, MA 02061"
"$995,000","74 HARBOR LN , NORWELL, MA 02061"
"$1,595,000","69 TARA DR , NORWELL, MA 02061"
"$1,425,000","287 SUMMER ST , NORWELL, MA 02061"
