"$450,000","28 SILVER ST , NORWOOD, MA 02062"
"$625,000","2 CUSHING RD , NORWOOD, MA 02062"
"$419,900","189 WASHINGTON ST , NORWOOD, MA 02062"
"$469,000","48 BROOKFIELD RD , NORWOOD, MA 02062"
"$424,900","40 SHATTUCK PARK RD , NORWOOD, MA 02062"
"$219,000","462 NAHATAN ST APT B2, NORWOOD, MA 02062"
"$465,900","35 HILLCREST RD , NORWOOD, MA 02062"
"$509,900","15 NORWICH RD , NORWOOD, MA 02062"
"$639,900","12 LEDGEVIEW DR , NORWOOD, MA 02062"
$385K,"439 WASHINGTON ST , NORWOOD, MA 02062"
"$515,000","217 Pleasant St # 217, Norwood, MA 02062"
"$530,000","55 CEDAR ST , NORWOOD, MA 02062"
"$566,000","66 RIDGEWOOD DR , NORWOOD, MA 02062"
"$257,900","226 ROCK ST APT D1, NORWOOD, MA 02062"
"$400,000","909 WASHINGTON ST UNIT 1, NORWOOD, MA 02062"
"$825,000","45 LANE DR , NORWOOD, MA 02062"
"$689,000","57 INDEPENDENCE WAY , NORWOOD, MA 02062"
"$429,000","26 PLEASANT PL , NORWOOD, MA 02062"
"$509,900","274 DEAN ST , NORWOOD, MA 02062"
"$364,900","203 RICHLAND RD , NORWOOD, MA 02062"
"$950,000","9 PURITAN PL , NORWOOD, MA 02062"
"$859,000","652 NEPONSET ST , NORWOOD, MA 02062"
"$429,900","76 CEDAR ST , NORWOOD, MA 02062"
"$509,000","29 TREMONT ST , NORWOOD, MA 02062"
