"$299,900","38 KINSLEY ST , STOUGHTON, MA 02072"
"$379,900","220 EWING DR , STOUGHTON, MA 02072"
"$125,000","1716 CENTRAL ST , STOUGHTON, MA 02072"
"$344,900","2240 CENTRAL ST , STOUGHTON, MA 02072"
"$214,900","18 ASH ST , STOUGHTON, MA 02072"
"$650,000","110 FOREST RD , STOUGHTON, MA 02072"
"$339,800","32 JANICE RD , STOUGHTON, MA 02072"
"$259,900","49 LEWIS RD , STOUGHTON, MA 02072"
"$399,999","21 FARRINGTON ST , STOUGHTON, MA 02072"
"$459,900","11 BRICKEL RD , STOUGHTON, MA 02072"
"$599,900","49 SPARROW RD , STOUGHTON, MA 02072"
$356K,"115 WOODPECKER RD , STOUGHTON, MA 02072"
"$299,899","144 CANTON ST , STOUGHTON, MA 02072"
"$474,900+","45 McEachron Dr # CDRDVO, Stoughton, MA 02072"
"$489,900+","45 McEachron Dr # H2X9M6, Stoughton, MA 02072"
"$409,900","15 HOWLAND TER , STOUGHTON, MA 02072"
"$569,000","136 BRAMBLEBUSH RD , STOUGHTON, MA 02072"
"$189,900","68 SUMMER AVE APT 7, STOUGHTON, MA 02072"
"$386,900","17 COLUMBUS AVE , STOUGHTON, MA 02072"
"$449,900","114 YORK ST , STOUGHTON, MA 02072"
"$448,000","155 YORK ST , STOUGHTON, MA 02072"
"$194,900","81 PERRY AVE , STOUGHTON, MA 02072"
"$519,900","135 DECOTA DR , STOUGHTON, MA 02072"
"$424,900","115 WYMAN ST , STOUGHTON, MA 02072"
"$375,000","1229 PARK ST , STOUGHTON, MA 02072"
