"$470,000","50 ALLEN ST , WALPOLE, MA 02081"
"$489,900","585 WINTER ST , WALPOLE, MA 02081"
"$529,900","9 WOODARD RD , WALPOLE, MA 02081"
"$399,900","178 FISHER ST , WALPOLE, MA 02081"
"$527,000","71 NORTH ST , WALPOLE, MA 02081"
"$649,000","521 OLD POST RD , WALPOLE, MA 02081"
"$515,000","10 COUNTRY CLUB DR , WALPOLE, MA 02081"
"$368,000","11 RAINBOW POND DR APT 3, WALPOLE, MA 02081"
"$1,200,000","15 Evergreen Ln , Walpole, MA 02081"
"$399,000","7 THOMAS ST , WALPOLE, MA 02081"
"$449,900","74 MYLOD ST , WALPOLE, MA 02081"
"$379,900","710 EAST ST APT M, WALPOLE, MA 02081"
"$1,199,900","5 SHADY LN , WALPOLE, MA 02081"
"$639,999","40 CEDAR ST , WALPOLE, MA 02081"
"$1,000,000","11 FOXHUNT TRL , WALPOLE, MA 02081"
"$529,900","2 HIGH PLAIN ST , WALPOLE, MA 02081"
"$819,900","6 HICKORY LN , WALPOLE, MA 02081"
"$539,000","4 GARFIELD ST , WALPOLE, MA 02081"
"$424,900","336 COMMON ST , WALPOLE, MA 02081"
"$1,049,900","6 LADY SLIPPER DR , WALPOLE, MA 02081"
"$969,900","23 DAY LILY LN , WALPOLE, MA 02081"
"$339,900","1429 Main St Apt 3E, Walpole, MA 02081"
"$350,000","20 Baker St , Walpole, MA 02081"
"$378,000","11 SOUTH ST , WALPOLE, MA 02081"
"$375,000","2 Echo Est , Walpole, MA 02081"
