"$599,900","3 Oakhill Ave , Wrentham, MA 02093"
"$365,000","121 EAST ST , WRENTHAM, MA 02093"
"$249,900","88 BEACH ST , WRENTHAM, MA 02093"
"$579,900","1011 WEST ST , WRENTHAM, MA 02093"
"$469,000","49 LAKE ST , WRENTHAM, MA 02093"
"$325,000","215 WEST ST , WRENTHAM, MA 02093"
"$569,900","20 MARTIN LN , WRENTHAM, MA 02093"
"$600,000","15 GRANT AVE , WRENTHAM, MA 02093"
"$475,000","405 CHESTNUT ST , WRENTHAM, MA 02093"
"$250,000","113 WINTER ST , WRENTHAM, MA 02093"
"$1,250,000","50 OLD CUMBERLAND RD , WRENTHAM, MA 02093"
"$510,000","240 EASTSIDE RD , WRENTHAM, MA 02093"
"$2,199,900","1700 WEST ST , WRENTHAM, MA 02093"
"$234,950","213 THURSTON ST , WRENTHAM, MA 02093"
"$149,900","133 CREEK ST APT 3, WRENTHAM, MA 02093"
"$399,000","23 LAKE ST , WRENTHAM, MA 02093"
"$594,900","540 EAST ST , WRENTHAM, MA 02093"
"$1,990,000","50 ROWELL RD , WRENTHAM, MA 02093"
"$524,900","50 LORRAINE METCALF DR , WRENTHAM, MA 02093"
"$579,900","25 LEALAND PECK DR , WRENTHAM, MA 02093"
"$725,000","25 GRANT AVE , WRENTHAM, MA 02093"
"$1,300,000","760 WEST ST , WRENTHAM, MA 02093"
"$669,900","100 Oakhill Ave , Wrentham, MA 02093"
"$679,900","54 WHIPPLE BROOK RD , WRENTHAM, MA 02093"
"$989,900","130 BURNT SWAMP RD , WRENTHAM, MA 02093"
