"$995,000","34 BRIARWOOD DR , WESTWOOD, MA 02090"
"$2,600,000","215 HIGH ST , WESTWOOD, MA 02090"
"$1,500,000","140 PORTER ST , WESTWOOD, MA 02090"
"$1,160,000","520 CANTON ST , WESTWOOD, MA 02090"
"$819,000","20 BIRCHTREE DR , WESTWOOD, MA 02090"
"$1,099,990","26 FOX HILL ST , WESTWOOD, MA 02090"
"$1,299,900","5 DOWNEY TER , WESTWOOD, MA 02090"
"$1,099,000","58 WEATHERBEE DR , WESTWOOD, MA 02090"
"$1,225,000","59 MARGERY LN , WESTWOOD, MA 02090"
"$850,000","57 BLUE HILL DR , WESTWOOD, MA 02090"
"$2,795,000","185 MARGERY LN , WESTWOOD, MA 02090"
"$2,200,000","8 TWIN POST RD , WESTWOOD, MA 02090"
"$1,249,000","8 CARDINAL DR , WESTWOOD, MA 02090"
"$1,350,000","29 HARWICH CIR , WESTWOOD, MA 02090"
"$1,150,000","27 WHITEWOOD RD , WESTWOOD, MA 02090"
"$1,699,900","30 CURRIER FARM RD , WESTWOOD, MA 02090"
"$1,029,000","15 WHITNEY AVE , WESTWOOD, MA 02090"
"$749,900","101 WEATHERBEE DR , WESTWOOD, MA 02090"
"$1,059,000","420 CANTON ST , WESTWOOD, MA 02090"
"$450,000","117 HILLVIEW RD , WESTWOOD, MA 02090"
"$629,900","28 CHURCH ST , WESTWOOD, MA 02090"
"$1,350,000","22 BEECHNUT RD , WESTWOOD, MA 02090"
"$539,000","113 WILLARD CIR , WESTWOOD, MA 02090"
"$850,000","4 Phillip's Way , Westwood, MA 02090"
"$925,000","300 Summer St Lot 2, Westwood, MA 02090"
