"$668,900","534 Commonwealth Ave Apt 2C, Boston, MA 02215"
"$575,000","11 Park Drive Boston Ma # 12A, Boston, MA 02215"
"$899,000","520 BEACON ST APT 5A, BOSTON, MA 02215"
"$1,329,000","188 Brookline Ave # 24H-H, Boston, MA 02215"
"$1,275,000","909 BEACON ST APT 4, BOSTON, MA 02215"
"$1,289,500","188 Brookline Ave # 25C, Boston, MA 02215"
"$4,704,300","188 Brookline Ave # 28D, Boston, MA 02215"
"$599,000","131 PARK DR APT 36, BOSTON, MA 02215"
"$499,000","64 QUEENSBERRY ST APT 312, BOSTON, MA 02215"
"$1,250,500","188 Brookline Ave # 25-4J, Boston, MA 02215"
"$537,000","64 QUEENSBERRY ST APT 311, BOSTON, MA 02215"
"$1,125,000","188 Brookline Ave # 21-F, Boston, MA 02215"
"$1,470,950","188 Brookline Ave # 23-9E, Boston, MA 02215"
"$2,655,900","1111 BOYLSTON ST APT 43, BOSTON, MA 02215"
"$3,300,000","188 Brookline Ave # 21-1, Boston, MA 02215"
"$949,900","60 CHARLESGATE E APT 102, BOSTON, MA 02215"
"$2,177,500","390 COMMONWEALTH AVE APT 409, BOSTON, MA 02215"
"$2,760,000","390 COMMONWEALTH AVE APT 302, BOSTON, MA 02215"
