"$11,500,000","50 Liberty Dr # 2A, Boston, MA 02210"
"$3,200,000","500 ATLANTIC AVE UNIT 15P, BOSTON, MA 02210"
"$1,199,000","33 SLEEPER ST APT 308, BOSTON, MA 02210"
"$579,000","21 WORMWOOD ST UNIT 218, BOSTON, MA 02210"
"$699,000","22 Liberty Dr Unit 3L, Boston, MA 02210"
"$699,000","319 A St # 504, Boston, MA 02210"
"$675,000","319 A St # 505, Boston, MA 02210"
"$1,115,000","249 A St Apt 59, Boston, MA 02210"
"$1,199,000","15 SLEEPER ST APT 206, BOSTON, MA 02210"
"$1,375,000","25 Channel Center St Unit 1103, Boston, MA 02210"
"$1,199,000","35 Channel Center St Unit 206, Boston, MA 02210"
"$1,849,900","346 Congress St Unit 401, Boston, MA 02210"
"$2,900,000","25 Channel Center St # PH108, Boston, MA 02210"
"$2,799,000","50 Liberty Dr # 8L, Boston, MA 02210"
"$1,749,000","25 Channel Center St Unit 403, Boston, MA 02210"
"$8,743,240","300 Blvd Phm Pier 4, Boston, MA 02210"
"$1,395,000","22 Liberty Dr # U10I, Boston, MA 02210"
"$7,500,000","10 Farnsworth St , Boston, MA 02210"
"$3,300,000","50 Liberty Dr # 6C, Boston, MA 02210"
"$3,990,525","300 Pier 4 Blvd # 3G, Boston, MA 02210"
"$1,595,000","50 Liberty Dr # 1G, Boston, MA 02210"
"$1,899,000","50 Liberty Dr # 10G, Boston, MA 02210"
"$1,599,000","500 ATLANTIC AVE UNIT 14D, BOSTON, MA 02210"
"$1,050,000","500 ATLANTIC AVE UNIT 17Q, BOSTON, MA 02210"
"$1,349,000","25 Channel Center St Unit 211, Boston, MA 02210"
