"$199,900","185 HIGHLAND AVE , PITTSFIELD, MA 01201"
"$165,000","4 GARDEN ST , PITTSFIELD, MA 01201"
"$79,000","119 CROMWELL AVE , PITTSFIELD, MA 01201"
"$160,000","69 PERRINE AVE , PITTSFIELD, MA 01201"
"$389,900","68 WILLIAMS ST , PITTSFIELD, MA 01201"
"$429,900","412 GALE AVE , PITTSFIELD, MA 01201"
"$199,900","89 TANNER ST , PITTSFIELD, MA 01201"
"$264,999","805 E NEW LENOX RD , PITTSFIELD, MA 01201"
"$84,900","25 WESTCHESTER AVE , PITTSFIELD, MA 01201"
"$29,900","11 Dogwood Ln , Pittsfield, MA 01201"
"$19,900","6 WINN AVE , PITTSFIELD, MA 01201"
"$155,900","22 MEADOW LN , PITTSFIELD, MA 01201"
"$114,000","147 MILL ST , PITTSFIELD, MA 01201"
"$194,900","31 REVERE PKWY , PITTSFIELD, MA 01201"
"$179,900","132 HOLMES RD , PITTSFIELD, MA 01201"
"$269,900","155 VALENTINE RD , PITTSFIELD, MA 01201"
"$162,900","24 KENWOOD ST , PITTSFIELD, MA 01201"
"$450,000","62 W UNION ST , PITTSFIELD, MA 01201"
"$159,900","119 LENOX AVE , PITTSFIELD, MA 01201"
"$124,900","75 CENTER ST , PITTSFIELD, MA 01201"
"$189,900","20 COBBLE STONE CV , PITTSFIELD, MA 01201"
"$334,900","219 HIGH ST , PITTSFIELD, MA 01201"
"$129,900","85 TAYLOR ST , PITTSFIELD, MA 01201"
"$1,395,000","650 CHURCHILL ST , PITTSFIELD, MA 01201"
"$184,900","169 PECKS RD , PITTSFIELD, MA 01201"
