"$289,900","15 BRUCE DR , DALTON, MA 01226"
"$389,500","180 JOHNSON RD , DALTON, MA 01226"
"$205,000","92 RIVERVIEW DR , DALTON, MA 01226"
"$184,900","48-50 PINE ST , DALTON, MA 01226"
"$94,900","46 FALLS BROOK TER , DALTON, MA 01226"
"$129,900","73 FALLS BROOK TER , DALTON, MA 01226"
"$149,900","379 NORTH ST , DALTON, MA 01226"
"$419,900","5 WESTVIEW RD , DALTON, MA 01226"
"$152,000","98 GLENNON AVE , DALTON, MA 01226"
"$169,900","69 WARREN AVE , DALTON, MA 01226"
"$79,000","475-500 Grange Hall Road Rd , Dalton, MA 01226"
"$204,900","88 PLEASANTVIEW DR , DALTON, MA 01226"
"$395,000","40 YVONNE DR , DALTON, MA 01226"
"$159,900","450 HINSDALE RD , DALTON, MA 01226"
"$149,900","15 VIEW ST , DALTON, MA 01226"
"$365,990","147 PINE ST , DALTON, MA 01226"
$97K,"191 FOX RD , DALTON, MA 01226"
"$225,000","631 NORTH ST , DALTON, MA 01226"
"$439,900","332 HINSDALE RD , DALTON, MA 01226"
"$155,000","720 OLD WINDSOR RD , DALTON, MA 01226"
"$147,500","170 CLEVELAND RD , DALTON, MA 01226"
"$279,900","33 MILL ST , DALTON, MA 01226"
"$329,900","25 BRUCE DR , DALTON, MA 01226"
"$75,000","234 RAYMOND DR , DALTON, MA 01226"
