"$69,000","1458 BANCROFT RD , BECKET, MA 01223"
"$129,900","205 ALAN A DALE DR , BECKET, MA 01223"
"$139,900","81 PETERSON RD , BECKET, MA 01223"
"$189,000","77 Walter Ln , Becket, MA 01223"
"$449,000","107 CHIPPEWA DR , BECKET, MA 01223"
"$114,900","438 KING RICHARD DR , BECKET, MA 01223"
"$369,000","17 TROUT CLOSE PL , BECKET, MA 01223"
"$195,000","105 COUNTY RD , BECKET, MA 01223"
"$160,000","307 GENTIAN HOLW , BECKET, MA 01223"
"$176,000","134 BANCROFT RD , BECKET, MA 01223"
"$299,000","298 LONG BOW LN E , BECKET, MA 01223"
"$349,000","5 S LAKE WAY , BECKET, MA 01223"
"$189,900","23 PRENTICE PL , BECKET, MA 01223"
"$79,900","155 WELLS RD , BECKET, MA 01223"
"$270,000","45 SIR WALTER RD , BECKET, MA 01223"
"$167,000","76 SHAWNEE SHORE RD , BECKET, MA 01223"
"$369,000","115 MALLARD DR , BECKET, MA 01223"
"$475,000","281 Williams Holmes Rd , Becket, MA 01223"
"$99,000"," Bancroft Rd , Becket, MA 01223"
"$229,900","5 HUCKLEBERRY LN , BECKET, MA 01223"
"$139,900","3246 MAIN ST , BECKET, MA 01223"
"$399,000","122 Skyline Ridge Rd , Becket, MA 01223"
"$175,000","1570 Washington Mountain Rd , Washington, MA 01223"
"$135,000","53 WASHINGTON ST , BECKET, MA 01223"
"$399,000","274 HIGH ST , BECKET, MA 01223"
