"$399,000","13 EAST RD , ADAMS, MA 01220"
"$119,000","10 ORCHARD ST , ADAMS, MA 01220"
"$159,900","16 RANDALL ST , ADAMS, MA 01220"
"$212,000","83 EAST RD , ADAMS, MA 01220"
"$139,900","15 KERR AVE , ADAMS, MA 01220"
"$349,900","22 MAPLE ST , ADAMS, MA 01220"
"$269,900","12 SUMMER ST , ADAMS, MA 01220"
"$169,000","9 NEWARK ST , ADAMS, MA 01220"
"$69,900","20 ELM ST , ADAMS, MA 01220"
"$79,900","234 COLUMBIA ST , ADAMS, MA 01220"
"$43,500","10 BELLEVUE AVE , ADAMS, MA 01220"
"$59,900","111 COLUMBIA ST , ADAMS, MA 01220"
"$235,000","101 ALGER ST , ADAMS, MA 01220"
"$250,000","13 GRANT ST , ADAMS, MA 01220"
"$135,000","248 COLUMBIA ST , ADAMS, MA 01220"
"$73,500","31 BELLEVUE AVE , ADAMS, MA 01220"
"$159,900","120 FRIEND ST , ADAMS, MA 01220"
"$110,000","3-5 Upton St , Adams, MA 01220"
"$59,900","8 APREMONT ST , ADAMS, MA 01220"
"$229,000","201 N SUMMER ST , ADAMS, MA 01220"
$64K,"21 MURRAY ST , ADAMS, MA 01220"
"$79,900","43 Summer St , Adams, MA 01220"
"$138,000","8 BEECH ST , ADAMS, MA 01220"
"$139,000","14-16 Temple St , Adams, MA 01220"
"$169,900","49 GLENN ST , ADAMS, MA 01220"
