"$209,000","1792 WINDSOR RD , CHESHIRE, MA 01225"
"$395,000","775 LANESBORO RD , CHESHIRE, MA 01225"
"$369,000","935 OUTLOOK AVE , CHESHIRE, MA 01225"
"$289,900","236 LAKE SHORE DR , CHESHIRE, MA 01225"
"$519,000","595 LANESBORO RD , CHESHIRE, MA 01225"
"$219,900","176 SHADOWLAND COVE RD , CHESHIRE, MA 01225"
"$269,900","610 STAFFORD HILL RD , CHESHIRE, MA 01225"
"$574,900","628 STAFFORD HILL RD , CHESHIRE, MA 01225"
"$239,900","288 SHADOWLAND COVE RD , CHESHIRE, MA 01225"
"$189,000","100 MAIN ST , CHESHIRE, MA 01225"
"$169,900","54 PLEASANT VIEW DR , CHESHIRE, MA 01225"
"$189,900","50-52 DEAN ST , CHESHIRE, MA 01225"
"$275,000","1897 S STATE RD , CHESHIRE, MA 01225"
"$175,000","78-84 Depot St # 4, Cheshire, MA 01225"
"$36,000","0 Horns Beach Rd , Cheshire, MA 01225"
"$99,900"," STEWART WHITE RD , CHESHIRE, MA 01225"
"$175,000","0 N State Rd , Cheshire, MA 01225"
"$39,900","145 MAIN ST , CHESHIRE, MA 01225"
"$50,000","0 Richmond Hl , Cheshire, MA 01225"
"$60,000","0 Ingalls Rd , Cheshire, MA 01225"
"$35,500","0 Richmond Hill Rd , Cheshire, MA 01225"
