"$1,050,000","129 HEMLOCK LN , HINSDALE, MA 01235"
"$750,000","455 MAPLE ST , HINSDALE, MA 01235"
"$249,900","148 FRANKLIN RD , HINSDALE, MA 01235"
"$125,000","6-8 Plunkett Ave Unit 6, Hinsdale, MA 01235"
"$399,900","701A Peru Rd , Hinsdale, MA 01235"
"$169,999","145 Main St , Hinsdale, MA 01235"
"$169,900","18 LAKEVIEW RD , HINSDALE, MA 01235"
"$67,000","116 Calvin Rd , Hinsdale, MA 01235"
"$325,000","41 LAKEVIEW CIR , HINSDALE, MA 01235"
"$78,900","161 WATSON RD , HINSDALE, MA 01235"
"$299,616","616 CREAMERY RD , HINSDALE, MA 01235"
"$155,000","16 W MAIN RD , PERU, MA 01235"
"$222,500","75 Hickingbotham Rd , Peru, MA 01235"
"$80,000","80 OLD WINDSOR RD , HINSDALE, MA 01235"
"$198,000","0 Middlefield Rd , Peru, MA 01235"
"$32,000"," Peru Rd , Hinsdale, MA 01235"
"$235,000","0 Old Stagecoach Rd , Hinsdale, MA 01235"
"$369,900","145 SOUTH RD , PERU, MA 01235"
"$69,612","588 E WASHINGTON RD , HINSDALE, MA 01235"
"$279,900"," Lots Commonwealth Ave # 61-62, Hinsdale, MA 01235"
"$67,000","96 S SHORE RD , HINSDALE, MA 01235"
"$340,000"," 132112.0-0000-0084.0 , Hinsdale, MA 01235"
"$499,900","98 HENRY DR , HINSDALE, MA 01235"
"$14,500","415 GEORGE SCHNOPP RD , HINSDALE, MA 01235"
