"$999,000","26 BURNING TREE RD , GREAT BARRINGTON, MA 01230"
"$279,000","70 JUG END RD , EGREMONT, MA 01230"
"$334,900","406 MONTEREY RD , GREAT BARRINGTON, MA 01230"
"$659,000","14 Sheffield Rd , Egremont, MA 01230"
"$795,000","23 PLEASANT ST , GREAT BARRINGTON, MA 01230"
"$369,000","165 CASTLE HILL AVE , GREAT BARRINGTON, MA 01230"
"$174,900","14 MAIN RD , GREAT BARRINGTON, MA 01230"
"$499,000","135 FRONT ST , GREAT BARRINGTON, MA 01230"
"$1,725,000","27 TOWNHOUSE HILL RD , EGREMONT, MA 01230"
"$995,000","10 Westwood Dr , Alford, MA 01230"
"$519,000","670 S EGREMONT RD , GREAT BARRINGTON, MA 01230"
"$398,000","20 GILMORE AVE , GREAT BARRINGTON, MA 01230"
"$365,000","326 LONG POND RD , GREAT BARRINGTON, MA 01230"
"$199,000","305 N PLAIN RD , GREAT BARRINGTON, MA 01230"
"$165,000","0 Mountain View Rd , Egremont, MA 01230"
"$525,000","3 COPPER BEECH LN , GREAT BARRINGTON, MA 01230"
"$365,000","14 Kirk St , Great Barrington, MA 01230"
"$2,500,000","46 Bow Wow Rd , Egremont, MA 01230"
"$295,000","43 LAKESIDE DR , EGREMONT, MA 01230"
"$975,000","422 UMPACHENE FALLS RD , NEW MARLBORO, MA 01230"
"$1,499,000","58 HOLLENBECK AVE , GREAT BARRINGTON, MA 01230"
"$499,900","25 Berkshire Woods Rd , New Marlborough, MA 01230"
"$439,000","1 ABBEY HILL DR , GREAT BARRINGTON, MA 01230"
"$259,000","30 TACONIC LN , EGREMONT, MA 01230"
"$389,000","168 TACONIC AVE , GREAT BARRINGTON, MA 01230"
