"$259,000","14 Park Dr , Lanesboro, MA 01237"
"$99,900","1012 Jericho Rd # 101 B, Hancock, MA 01237"
"$875,000","5 Jericho Rd , Hancock, MA 01237"
"$119,900","170 NARRAGANSETT AVE , LANESBORO, MA 01237"
"$245,000","147 Whitman Rd , Hancock, MA 01237"
"$178,900","472 N Main St , Lanesboro, MA 01237"
"$319,900","474 S MAIN ST , LANESBORO, MA 01237"
"$94,500","56 Baker St , Lanesboro, MA 01237"
"$999,000","400 RATHBUN RD , HANCOCK, MA 01237"
"$149,900","580 S MAIN ST UNIT 305, LANESBORO, MA 01237"
"$429,000","229 BAILEY RD , LANESBORO, MA 01237"
"$364,900","107 OLD OREBED RD , LANESBORO, MA 01237"
"$299,900","19 SUNRISE ST , LANESBORO, MA 01237"
"$274,900","828 N MAIN ST , LANESBORO, MA 01237"
"$265,000","23 Corey Rd # 23, Hancock, MA 01237"
"$103,900","580 S Main St Bldg 1-, Lanesborough, MA 01237"
"$119,000","1032 Beaver Pond Meadows/Jericho Rd Rd # 1032, Hancock, MA 01237"
"$229,000","162 Bailey Rd , Lanesborough, MA 01237"
"$169,000"," CHICKATABOT AVE , LANESBORO, MA 01237"
"$94,500","56 Baker St , Lanesborough, MA 01237"
"$649,900"," Baker St , Lanesborough, MA 01237"
"$950,000","100 Williamstown Rd , Lanesborough, MA 01237"
"$1,295,000","155-156 Kessler Rd , Lanesboro, MA 01237"
"$665,000","246 Whitman Rd , Hancock, MA 01237"
