"$799,000","4 Samantha Ln , West Stockbridge, MA 01236"
"$164,900","77 PIXLEY HILL RD , HOUSATONIC, MA 01236"
"$99,000","29 PIXLEY HILL RD , HOUSATONIC, MA 01236"
"$499,000","135 FRONT ST , GREAT BARRINGTON, MA 01230"
"$598,000","86 MAPLE HILL RD , WEST STOCKBRIDGE, MA 01266"
"$365,000","326 LONG POND RD , GREAT BARRINGTON, MA 01230"
"$199,000","305 N PLAIN RD , GREAT BARRINGTON, MA 01230"
"$375,000","10 Glendale Rd # A, Stockbridge, MA 01262"
"$365,000","14 Kirk St , Great Barrington, MA 01230"
"$199,000","64 GLENDALE RD , STOCKBRIDGE, MA 01262"
"$1,149,000","3 JADA SPRING LN , WEST STOCKBRIDGE, MA 01266"
