"$549,900","2B Stonebridge Way , Lee, MA 01238"
"$495,000","81 Fox Run , Lee, MA 01238"
"$324,900","9 MCDARBY RD , LEE, MA 01238"
"$1,100,000","1560 Pleasant St , Lee, MA 01238"
"$195,900","880 EAST ST APT 400D, LEE, MA 01238"
"$285,000","880 EAST ST APT 20D, LEE, MA 01238"
"$95,000","374 WEST RD , LEE, MA 01238"
"$59,900","283 Stockbridge Rd , Lee, MA 01238"
"$179,900","204 HIGH ST , LEE, MA 01238"
"$269,900","845 PLEASANT ST , LEE, MA 01238"
"$1,299,000","850 Summer St Unit M9, Lee, MA 01238"
"$585,000","215 DEVON RD , LEE, MA 01238"
"$289,000","123 E Center St , Lee, MA 01238"
"$699,000","345 Spring St , Lee, MA 01238"
"$199,000","184 WASHINGTON MOUNTAIN RD , LEE, MA 01238"
"$169,000","165 WATER ST , LEE, MA 01238"
"$695,000","25 STOCKBRIDGE RD , LEE, MA 01238"
"$369,000","215 ANTELOPE DR , LEE, MA 01238"
"$139,500","190 CHURCH ST , LEE, MA 01238"
"$329,000","14 STONEBRIDGE WAY , LEE, MA 01238"
"$59,900","200 GOLDEN HILL RD , LEE, MA 01238"
"$329,900","420 GREYLOCK ST , LEE, MA 01238"
"$269,000","50 HARTWOOD RD , LEE, MA 01238"
"$19,900","135 Mountain View Ter , Lee, MA 01238"
"$57,900","127 PAUL DR , LEE, MA 01238"
