"$650,000","154 CLIFFWOOD ST , LENOX, MA 01240"
"$399,000","7 FAIRVIEW AVE , LENOX, MA 01240"
"$239,900","1 Rolling # 1-2, Lenox, MA 01240"
"$4,200,000","106 CLIFFWOOD ST , LENOX, MA 01240"
"$489,000","26 SAINT ANNS AVE , LENOX, MA 01240"
"$825,000","8 SEDGWICK LN , LENOX, MA 01240"
"$380,000","29 KEMBLE ST , LENOX, MA 01240"
"$419,000","83 PINE KNOLL RD , LENOX, MA 01240"
"$849,000","65 PLUNKETT ST , LENOX, MA 01240"
"$275,000"," BISHOP EST , LENOX, MA 01240"
"$1,200,000","7 GLEN EAGLES DR , LENOX, MA 01240"
"$429,000","16 Evergreen Trl # 16, Lenox, MA 01240"
"$599,000","3B Coldbrooke S # 3B, Lenox, MA 01240"
"$659,000","8 Woods Ln # 8, Lenox, MA 01240"
"$84,900","260 PITTSFIELD RD UNIT B1, LENOX, MA 01240"
"$649,000","2 Highcrest Rd # 2, Lenox, MA 01240"
"$499,000","4 Yokun Brook Rd # 4, Lenox, MA 01240"
"$339,000","5 WEXFORD CT , LENOX, MA 01240"
"$274,900","3 Meadow Ln # 9, Lenox, MA 01240"
"$615,000","16 Woods Ln # 16, Lenox, MA 01240"
"$369,000","39 Elm St , Lenox, MA 01240"
"$349,000","200 EAST ST , LENOX, MA 01240"
"$1,495,000","234 KEMBLE ST , LENOX, MA 01240"
"$175,000","215 PITTSFIELD RD , LENOX, MA 01240"
"$849,000","950 EAST ST , LENOX, MA 01240"
