"$129,000","65 KEMP AVE , NORTH ADAMS, MA 01247"
"$18,000","42 Apache Dr , North Adams, MA 01247"
"$54,900","29 South St , Florida, MA 01247"
"$100,000","99 YALE ST , NORTH ADAMS, MA 01247"
"$169,900","73 MEADE AVE , NORTH ADAMS, MA 01247"
"$11,700","62-64 BRACEWELL AVE , NORTH ADAMS, MA 01247"
"$199,950","71 BIRCHWOOD TER , NORTH ADAMS, MA 01247"
"$139,000","200 WALKER ST , NORTH ADAMS, MA 01247"
"$229,000","67 Park Ave , North Adams, MA 01247"
"$143,900","139 FRANKLIN ST , NORTH ADAMS, MA 01247"
"$70,000","38 Tilda Hill Rd , Florida, MA 01247"
"$395,000","830 East Rd , Clarksburg, MA 01247"
"$69,900","67 PROSPECT ST , NORTH ADAMS, MA 01247"
"$68,500","30 PHELPS RD , FLORIDA, MA 01247"
"$119,900","353 WEST RD , CLARKSBURG, MA 01247"
"$79,900","99 NORTH ST , NORTH ADAMS, MA 01247"
"$157,900","881 MASSACHUSETTS AVE , NORTH ADAMS, MA 01247"
"$149,900","160 W MAIN ST , NORTH ADAMS, MA 01247"
"$120,000","124 MOHAWK TRL , FLORIDA, MA 01247"
"$114,500","520 CHURCH ST , NORTH ADAMS, MA 01247"
"$110,000","495 UNION ST , NORTH ADAMS, MA 01247"
"$189,900","152 CHANTILLY AVE , NORTH ADAMS, MA 01247"
"$99,000","249 RIVER RD , CLARKSBURG, MA 01247"
"$24,900","27 PALMER AVE , NORTH ADAMS, MA 01247"
"$109,900","125 LIBERTY ST , NORTH ADAMS, MA 01247"
