"$575,000","134 FAIRVIEW RD , MONTEREY, MA 01245"
"$359,000","0 Dowd Rd , Monterey, MA 01245"
"$450,000","4 SYLVAN RD , MONTEREY, MA 01245"
"$475,000","131 TYRINGHAM RD , MONTEREY, MA 01245"
"$230,000","92 Blue Hill Rd , Monterey, MA 01245"
"$129,000","75 Main Rd , Monterey, MA 01245"
"$1,299,500","27 Stevens Lake Rd , Monterey, MA 01245"
"$1,750,000"," HUPI RD , MONTEREY, MA 01245"
"$1,649,000","141 STEVENS LAKE WAY , MONTEREY, MA 01245"
"$4,500,000","185 BEARTOWN MOUNTAIN RD , MONTEREY, MA 01245"
"$84,900"," EATON RD , MONTEREY, MA 01245"
"$830,000","72 BEARTOWN MOUNTAIN RD , MONTEREY, MA 01245"
"$1,099,999","540 MAIN RD , MONTEREY, MA 01245"
"$685,000","70 BRETT RD , MONTEREY, MA 01245"
"$1,850,000","527 MAIN RD , MONTEREY, MA 01245"
"$1,195,000","170 GOULD RD , MONTEREY, MA 01245"
"$89,000","9 Swann Rd , Monterey, MA 01245"
"$155,000","0 Hupi Woods Cir , Monterey, MA 01245"
"$825,000","16 BIDWELL RD , MONTEREY, MA 01245"
"$1,225,000","57 ART SCHOOL RD , MONTEREY, MA 01245"
"$299,000","258 MAIN RD , MONTEREY, MA 01245"
"$1,750,000","0 Hupi Rd , Monterey, MA 01245"
"$599,000","7 ART SCHOOL RD , MONTEREY, MA 01245"
"$337,000","19 FOX HILL RD , MONTEREY, MA 01245"
