"$599,000","10 Jamie Ln , Sandisfield, MA 01255"
"$59,000","0 Jamie Ln , Sandisfield, MA 01255"
"$324,000","112 TOWN HILL RD , SANDISFIELD, MA 01255"
"$99,000"," W HUBBARD RD , SANDISFIELD, MA 01255"
"$349,000","309 SANCTUARY LN , SANDISFIELD, MA 01255"
"$62,500"," NEW HARTFORD RD , SANDISFIELD, MA 01255"
"$350,000","77 S BEECH PLAIN RD , SANDISFIELD, MA 01255"
"$639,000","7 NEW HARTFORD RD , SANDISFIELD, MA 01255"
"$329,000","321 TAMARACK TRL , SANDISFIELD, MA 01255"
"$729,000"," HIGHLAND WAY , SANDISFIELD, MA 01255"
"$199,000","7 LOWER WEST ST , SANDISFIELD, MA 01255"
"$199,000","49 SANDISFIELD RD , SANDISFIELD, MA 01255"
"$749,000","10 S BEECH PLAIN RD , SANDISFIELD, MA 01255"
"$48,000"," PERRY RD , SANDISFIELD, MA 01255"
"$75,000"," SMITH RD , SANDISFIELD, MA 01255"
"$85,000","0 Sandy Brook Rd , Massachusetts, MA 01255"
"$125,000","0 Sandisfield Rd , Sandisfield, MA 01255"
"$75,000","0 Norfolk Rd , Massachusetts, MA 01255"
"$42,500","4 MOUNTAIN HOME LANE RD , SANDISFIELD, MA 01255"
"$895,000","57 SANDISFIELD RD , SANDISFIELD, MA 01255"
"$229,000","49 NEW HARTFORD RD , SANDISFIELD, MA 01255"
"$285,000","0 Town Hill Rd , Sandisfield, MA 01255"
"$299,000","332 LAKESHORE DR , SANDISFIELD, MA 01255"
"$649,000","307 SANCTUARY LN , SANDISFIELD, MA 01255"
