"$489,000","27 S BAY RD , OTIS, MA 01253"
"$599,000","62 KIBBE POINT RD , OTIS, MA 01253"
"$425,000","9 DIMMOCK RD , OTIS, MA 01253"
"$339,000","124 Werden Rd , Otis, MA 01253"
"$237,000","14 HIGHLAND WAY , OTIS, MA 01253"
"$579,000","20 PLEASANT DR , OTIS, MA 01253"
"$375,000","485 PINE RD , OTIS, MA 01253"
"$699,000","77 N GATE ISLAND RD , OTIS, MA 01253"
"$179,000","120 S MAIN RD , OTIS, MA 01253"
"$119,000","1689 E OTIS RD , OTIS, MA 01253"
"$1,799,000","143 VINE ST , OTIS, MA 01253"
"$789,000","29 S BAY RD , OTIS, MA 01253"
"$269,900","1004 RESERVOIR RD , OTIS, MA 01253"
"$759,900","9 OLD STAGECOACH RD , OTIS, MA 01253"
"$589,000","59 PINE GROVE RDG , OTIS, MA 01253"
"$250,000","2078 MONTEREY RD , OTIS, MA 01253"
"$399,900","953 W CENTER RD , OTIS, MA 01253"
"$300,000","51 MCCLEAN BEACH RD , OTIS, MA 01253"
"$79,900","759 N MAIN RD UNIT 2-28, OTIS, MA 01253"
"$369,000","1350 S MAIN RD , OTIS, MA 01253"
"$425,000","515 ED JONES RD , OTIS, MA 01253"
"$325,000","177 CLUB HOUSE DR , OTIS, MA 01253"
"$1,250,000","1765 N Main Rd , Otis, MA 01253"
"$939,999","99 KIBBE RD , OTIS, MA 01253"
"$350,000","189 HAYES HILL RD , OTIS, MA 01253"
