"$209,000","0 Bott Hl , Egremont, MA 01258"
"$65,000","176 East St , Mt Washington, MA 01258"
"$1,450,000","1 Cross Rd , Mt Washington, MA 01258"
"$174,900","148 East St , Mt Washington, MA 01258"
"$1,650,000","14 Main St , South Egremont, MA 01258"
"$795,000"," WEST ST , MT, MA 01258"
"$1,500,000","136 EAST ST , MT WASHINGTON, MA 01258"
"$265,000","3 WEST ST , MT WASHINGTON, MA 01258"
"$67,000","0 Hillsdale Rd , Egremont, MA 01258"
"$219,000","2 Cross Rd , Mt Washington, MA 01258"
