"$1,695,000","1001 CANAAN SOUTHFIELD RD , SOUTHFIELD, MA 01259"
"$375,000","257 Foley Hill Rd , New marlboro, MA 01259"
"$1,325,000","1093 Clayton Mill River Rd , Southfield, MA 01259"
"$2,195,000","907 Norfolk Rd , Southfield, MA 01259"
"$775,000","1131 Norfolk Rd , Southfield, MA 01259"
"$99,000","1370 Canaan Southfield Rd , New Marlborough, MA 01259"
"$39,000","0 E Hill Rd , New Marlborough, MA 01259"
"$2,900,000","406 Canaan Valley Rd , Southfield, MA 01259"
"$125,000"," Rhoades & Bailey Rd , New Marlborough, MA 01259"
"$149,000","59 Farmview Dr , New Marlborough, MA 01259"
"$750,000","0 Norfolk Rd , New Marlborough, MA 01259"
"$375,000","167-169 Norfolk Rd , New Marlborough, MA 01259"
"$644,000","781 Hartsville-New Marlborough Rd , New Marlborough, MA 01259"
"$49,900"," Konkapot Cross Rd Lot 2, New Marlborough, MA 01259"
"$49,900"," Konkapot Cross Rd Lot 4, New Marlborough, MA 01259"
"$49,900"," Konkapot Cross Rd Lot 3, New Marlborough, MA 01259"
"$225,000"," Lots 1-3 Norfolk Rd , New Marlborough, MA 01259"
"$495,000","781A Hartsville-New Marlborough Rd , New Marlborough, MA 01259"
