"$120,000","95 WATER FARM RD , SHEFFIELD, MA 01257"
"$529,000","94 Maple Ave , Sheffield, MA 01257"
"$400,000","232 SALISBURY RD , SHEFFIELD, MA 01257"
"$469,500","33 Woodbeck Ridge Rd , Sheffield, MA 01257"
"$449,000","483 Home Rd , Sheffield, MA 01257"
"$299,900","220 ROOT LN , SHEFFIELD, MA 01257"
"$375,000","96 Main St , Sheffield, MA 01257"
"$49,900"," BOARDMAN ST , SHEFFIELD, MA 01257"
"$998,000","102 RANNAPO RD , SHEFFIELD, MA 01257"
"$695,000","674 FOLEY RD , SHEFFIELD, MA 01257"
"$425,000","1161 Home Rd , Sheffield, MA 01257"
"$399,500","400 S UNDERMOUNTAIN RD , SHEFFIELD, MA 01257"
"$519,000","775 N Main St , Sheffield, MA 01257"
"$425,000","234 CLAYTON RD , SHEFFIELD, MA 01257"
"$236,000","191 E Main St , Sheffield, MA 01257"
"$995,000","1350 Berkshire School Rd , Sheffield, MA 01257"
"$399,000","28 S MAIN ST , SHEFFIELD, MA 01257"
"$1,999,000","927 Boardman St , Sheffield, MA 01257"
"$1,825,000","50 EAST RD , SHEFFIELD, MA 01257"
"$895,000","130 ROOT LN , SHEFFIELD, MA 01257"
"$439,000","1474 County Rd , Sheffield, MA 01257"
"$832,500","199 HICKEY HILL RD , SHEFFIELD, MA 01257"
"$475,000","175 Main St , Sheffield, MA 01257"
"$548,500","130 PARK LN , SHEFFIELD, MA 01257"
"$265,000","40-42 Berkshire School Rd , Sheffield, MA 01257"
