"$440,000","411 Swamp Rd , Richmond, MA 01254"
"$145,000","198 STATE RD , RICHMOND, MA 01254"
$385K,"216 MARCH HARE RD , RICHMOND, MA 01254"
"$49,500"," STATE RD , RICHMOND, MA 01254"
"$199,000","0 Rossiter Rd , Richmond, MA 01254"
"$475,000","57 LAKE RD , RICHMOND, MA 01254"
"$199,000"," ROSSITER RD , RICHMOND, MA 01254"
"$186,000"," TURKEY TROT RD , RICHMOND, MA 01254"
"$265,000","141 SHORE RD , RICHMOND, MA 01254"
"$679,000","590 CANAAN RD , RICHMOND, MA 01254"
"$675,500","630 DEAN HILL RD , RICHMOND, MA 01254"
"$498,000","2259 STATE RD , RICHMOND, MA 01254"
"$699,900","1905 DUBLIN RD , RICHMOND, MA 01254"
"$675,000","611 CONE HILL RD , RICHMOND, MA 01254"
"$499,900","355 ROSSITER RD , RICHMOND, MA 01254"
"$199,000"," Dublin Rd , Richmond, MA 01254"
"$370,000","19 ANTHONY RD , RICHMOND, MA 01254"
"$549,000","35 OSCEOLA RD , RICHMOND, MA 01254"
"$574,900","2345 SWAMP RD , RICHMOND, MA 01254"
"$99,000","950 WEST RD , RICHMOND, MA 01254"
"$99,000","930 WEST RD , RICHMOND, MA 01254"
"$140,000"," Lots C & F State Rd , Richmond, MA 01254"
"$764,000","572 DEAN HILL RD , RICHMOND, MA 01254"
"$795,000","91 DEER HILL RD , RICHMOND, MA 01254"
"$995,000","181 WEST RD , RICHMOND, MA 01254"
