"$254,900","44 GRIFFIN HILL RD , SAVOY, MA 01256"
"$14,900","0 Brier Rd , Savoy, MA 01256"
"$799,000","499 CHAPEL RD , SAVOY, MA 01256"
"$344,900","215 WINDSOR RD , SAVOY, MA 01256"
"$239,500","341 NORTH ST , WINDSOR, MA 01270"
"$209,000","1792 WINDSOR RD , CHESHIRE, MA 01225"
"$54,900","29 South St , Florida, MA 01247"
"$159,900","16 RANDALL ST , ADAMS, MA 01220"
"$169,000","9 NEWARK ST , ADAMS, MA 01220"
"$399,000","13 EAST RD , ADAMS, MA 01220"
"$135,000","248 COLUMBIA ST , ADAMS, MA 01220"
"$59,900","47 Church Rd , Florida, MA 01247"
