"$399,999","138 BERKSHIRE DR , WILLIAMSTOWN, MA 01267"
"$325,000","5 PETERSBURG RD , WILLIAMSTOWN, MA 01267"
"$234,900","1256 SIMONDS RD , WILLIAMSTOWN, MA 01267"
"$1,625,000","336 BULKLEY ST , WILLIAMSTOWN, MA 01267"
"$439,000","450 HENDERSON RD , WILLIAMSTOWN, MA 01267"
"$699,900","644 BEE HILL RD , WILLIAMSTOWN, MA 01267"
"$242,000","395 NORTH ST , WILLIAMSTOWN, MA 01267"
"$1,195,000","121 TREADWELL HOLLOW RD , WILLIAMSTOWN, MA 01267"
"$949,000","245 BULKLEY ST , WILLIAMSTOWN, MA 01267"
"$1,100,000","1165 MAIN ST , WILLIAMSTOWN, MA 01267"
"$120,000","60 CUMMINGS AVE , WILLIAMSTOWN, MA 01267"
"$609,000","992 GREEN RIVER RD , WILLIAMSTOWN, MA 01267"
"$344,500","118 LINDLEY TER , WILLIAMSTOWN, MA 01267"
"$269,000","111 North St , Williamstown, MA 01267"
"$139,900","189 STRATTON RD APT D5, WILLIAMSTOWN, MA 01267"
"$399,000","165 LINDLEY TER , WILLIAMSTOWN, MA 01267"
"$239,000","31 THISTLE PATH , WILLIAMSTOWN, MA 01267"
"$189,000","1301 COLD SPRING RD , WILLIAMSTOWN, MA 01267"
"$299,950","166 MAIN ST , WILLIAMSTOWN, MA 01267"
"$1,500,000","759 HANCOCK RD , WILLIAMSTOWN, MA 01267"
"$275,000","1448 COLD SPRING RD , WILLIAMSTOWN, MA 01267"
"$199,900","51 WHITMAN RD , WILLIAMSTOWN, MA 01267"
"$975,000","35 BULKLEY ST , WILLIAMSTOWN, MA 01267"
"$2,150,000","465 STRATTON RD , WILLIAMSTOWN, MA 01267"
"$124,900","1454 COLD SPRING RD , WILLIAMSTOWN, MA 01267"
