"$598,000","86 MAPLE HILL RD , WEST STOCKBRIDGE, MA 01266"
"$299,900","23 Great Barrington Rd , West Stockbridge, MA 01266"
"$145,000","126 STATE LINE RD , WEST STOCKBRIDGE, MA 01266"
"$1,149,000","3 JADA SPRING LN , WEST STOCKBRIDGE, MA 01266"
"$579,000","56 LENOX RD , WEST STOCKBRIDGE, MA 01266"
"$335,000","353 WEST RD , ALFORD, MA 01266"
"$257,900","35 STOCKBRIDGE RD , WEST STOCKBRIDGE, MA 01266"
"$127,900","102 & 103 State Line Rd , West Stockbridge, MA 01266"
"$1,845,999","286 Great Barrington Rd , West Stockbridge, MA 01266"
"$995,000","4 Willard Hill Rd , Stockbridge, MA 01266"
"$169,900","35 ALBANY RD , WEST STOCKBRIDGE, MA 01266"
"$925,000","21 W ALFORD RD , WEST STOCKBRIDGE, MA 01266"
"$560,000","131 Great Barrington Rd , West Stockbridge, MA 01266"
"$2,000,000","55 MAPLE HILL RD , WEST STOCKBRIDGE, MA 01266"
"$299,500","20 MAPLE VIEW DR , WEST STOCKBRIDGE, MA 01266"
"$995,000","258 EAST RD , ALFORD, MA 01266"
"$379,000","8 SWAMP RD , WEST STOCKBRIDGE, MA 01266"
"$499,000","4 MAIN ST , WEST STOCKBRIDGE, MA 01266"
"$460,000","7 EAST RD , ALFORD, MA 01266"
"$399,900","36 BIRCH HILL RD , WEST STOCKBRIDGE, MA 01266"
"$1,490,000","26 AUSTERLITZ RD , WEST STOCKBRIDGE, MA 01266"
"$89,900","6 W Alford Rd , Alford, MA 01266"
"$1,250,000","24 RED ROCK RD , WEST STOCKBRIDGE, MA 01266"
"$995,000","262 WEST RD , ALFORD, MA 01266"
"$1,100,000"," BIRCH HILL RD , WEST STOCKBRIDGE, MA 01266"
