"$239,500","341 NORTH ST , WINDSOR, MA 01270"
"$79,900","449 High Street Hill Rd , Windsor, MA 01270"
"$29,000","0 Pierce Rd , Windsor, MA 01270"
"$90,000","12 WINDSOR BUSH RD , WINDSOR, MA 01270"
"$39,900"," HIGH ST HILL RD , WINDSOR, MA 01270"
"$231,607","500 PERU RD , WINDSOR, MA 01270"
"$535,000","11 WINDIGO RD , WINDSOR, MA 01270"
"$31,500","0 North St , Windsor, MA 01270"
"$254,900","235 High Street Hill Rd , Windsor, MA 01270"
"$59,900","0 Bush Rd , Windsor, MA 01270"
"$214,000","3759 Berkshire Trl , Windsor, MA 01270"
"$214,000","3759 Rt 9 Berkshire Trl , Windsor, MA 01270"
