"$1,199,000","77 MERIAM ST , LEXINGTON, MA 02420"
"$749,000","1505 Massachusetts Ave # 9, Lexington, MA 02420"
"$829,000","257 BEDFORD ST , LEXINGTON, MA 02420"
"$1,050,000","3 PATRIOTS DR , LEXINGTON, MA 02420"
"$1,125,000","870 MASSACHUSETTS AVE , LEXINGTON, MA 02420"
"$1,698,000","38 SOLOMON PIERCE RD , LEXINGTON, MA 02420"
"$2,399,000","24 RUMFORD RD , LEXINGTON, MA 02420"
"$959,000","45 Courtyard Pl # 45, Lexington, MA 02420"
"$819,000","6 MELROSE AVE , LEXINGTON, MA 02420"
"$1,828,000","6 DOUGLAS RD , LEXINGTON, MA 02420"
"$1,695,000","8 ABERNATHY RD , LEXINGTON, MA 02420"
"$2,849,000","44 ADAMS ST , LEXINGTON, MA 02420"
"$1,799,000","74 ADAMS ST , LEXINGTON, MA 02420"
"$998,000","510 WOBURN ST , LEXINGTON, MA 02420"
"$1,248,800","81 HANCOCK ST , LEXINGTON, MA 02420"
"$669,900","154 BEDFORD ST # 2, LEXINGTON, MA 02420"
"$2,288,000","48 GRANT ST , LEXINGTON, MA 02420"
"$2,575,000","16 HANCOCK ST , LEXINGTON, MA 02420"
"$4,750,000","17 HAYES AVE , LEXINGTON, MA 02420"
"$3,200,000","11 HAYES AVE , LEXINGTON, MA 02420"
"$3,295,000","18 SUZANNE RD , LEXINGTON, MA 02420"
"$2,875,000","8 ADAMS ST , LEXINGTON, MA 02420"
"$2,898,000","218 LOWELL ST , LEXINGTON, MA 02420"
