"$2,298,000","311 CONCORD AVE , LEXINGTON, MA 02421"
"$908,000","11 TROTTING HORSE DR , LEXINGTON, MA 02421"
"$749,000","333 WALTHAM ST , LEXINGTON, MA 02421"
"$749,900","18 WELLINGTON LANE AVE , LEXINGTON, MA 02421"
"$2,395,000","34 ALLEN ST , LEXINGTON, MA 02421"
"$999,000","2 MORGAN RD , LEXINGTON, MA 02421"
"$799,999","64 PROSPECT HILL RD , LEXINGTON, MA 02421"
"$898,500","38 KENDALL RD , LEXINGTON, MA 02421"
"$1,599,000","12 DENVER ST , LEXINGTON, MA 02421"
"$1,089,000","221 Waltham St # 221, Lexington, MA 02421"
"$839,500","16 HICKORY ST , LEXINGTON, MA 02421"
"$775,000","9 Potter Pond # 9, Lexington, MA 02421"
"$1,350,000","182 WALTHAM ST , LEXINGTON, MA 02421"
"$2,450,000","37 FAIRBANKS RD , LEXINGTON, MA 02421"
"$688,889","16 GRAPEVINE AVE , LEXINGTON, MA 02421"
"$1,199,900","5 BIRCH HILL LN , LEXINGTON, MA 02421"
"$2,095,000","8 BIRD HILL RD , LEXINGTON, MA 02421"
"$1,339,000","39 SHADE ST , LEXINGTON, MA 02421"
"$1,575,000","23 HAMBLEN ST , LEXINGTON, MA 02421"
"$749,998","91 SPRING ST , LEXINGTON, MA 02421"
"$2,295,000","5 STAGE COACH RD , LEXINGTON, MA 02421"
"$899,900","46 BRIDGE ST , LEXINGTON, MA 02421"
"$2,249,000","10 WILLARD CIR , LEXINGTON, MA 02421"
"$1,399,999","6 KITSON PARK DR , LEXINGTON, MA 02421"
"$2,495,000","14 PERCY RD , LEXINGTON, MA 02421"
