"$899,000","21 SEARLE AVE # 1, BROOKLINE, MA 02445"
"$935,000","33 POND AVE APT 321, BROOKLINE, MA 02445"
"$1,399,900","56 OAKLAND RD , BROOKLINE, MA 02445"
"$1,200,000","28 Cushing Rd , Brookline, MA 02445"
"$1,695,000","14 Rawson Rd # 2, Brookline, MA 02445"
"$2,099,000","41 UNIVERSITY RD , BROOKLINE, MA 02445"
"$968,000","323 BOYLSTON ST UNIT 305, BROOKLINE, MA 02445"
"$799,900","60 Glen Rd # Terrace, Brookline, MA 02445"
"$759,900","92 WINTHROP RD # 2, BROOKLINE, MA 02445"
"$3,000,000","33 Winthrop Rd # 1, Brookline, MA 02445"
"$4,850,000","372 WARREN ST , BROOKLINE, MA 02445"
"$469,000","44 WASHINGTON ST APT 205, BROOKLINE, MA 02445"
"$2,395,000","78 Winthrop Rd # 1, Brookline, MA 02445"
"$1,449,000","633 Chestnut Hill Ave , Brookline, MA 02445"
"$2,150,000","53 Rawson Rd # 53, Brookline, MA 02445"
"$3,199,999","146 Hyslop Rd , Brookline, MA 02445"
"$545,000","22 CHESTNUT PL APT 610, BROOKLINE, MA 02445"
"$3,275,000","362 TAPPAN ST , BROOKLINE, MA 02445"
"$739,000","145 WINTHROP RD APT 7, BROOKLINE, MA 02445"
"$9,995,000","55 LEICESTER ST , BROOKLINE, MA 02445"
"$3,650,000","46 SARGENT CROSSWAY , BROOKLINE, MA 02445"
"$2,650,000","11 GEORGE LN , BROOKLINE, MA 02445"
"$3,999,000","382 LEE ST , BROOKLINE, MA 02445"
"$9,000,000","37 SEARS RD , BROOKLINE, MA 02445"
"$1,999,900","103-105 COLBOURNE CRES , BROOKLINE, MA 02445"
