"$869,900","94 MARION ST APT 4, BROOKLINE, MA 02446"
"$1,250,000","208 Aspinwall Ave # 1, Brookline, MA 02446"
"$769,000","36 SUMMIT AVE APT 2, BROOKLINE, MA 02446"
"$1,195,000","20 Egmont St Apt 6, Brookline, MA 02446"
"$2,250,000","80 PERRY ST , BROOKLINE, MA 02446"
"$799,000","45 LONGWOOD AVE APT 402, BROOKLINE, MA 02446"
"$1,190,000","105 WINCHESTER ST # 2, BROOKLINE, MA 02446"
"$730,000","50 PARK ST APT 18, BROOKLINE, MA 02446"
"$649,000","1398 BEACON ST APT 4, BROOKLINE, MA 02446"
"$535,000","100 MARION ST APT 23, BROOKLINE, MA 02446"
"$1,425,000","70 PARK ST APT 72, BROOKLINE, MA 02446"
"$930,000","1265 BEACON ST APT 401, BROOKLINE, MA 02446"
"$1,995,000","161 Naples Rd # B, Brookline, MA 02446"
"$1,749,000","24 WINCHESTER ST # 1, BROOKLINE, MA 02446"
"$1,599,000","195-197 Babcock St # 3, Brookline, MA 02446"
"$1,450,000","1601 BEACON ST APT 301, BROOKLINE, MA 02446"
"$1,699,000","51A Sewall Ave # 0, Brookline, MA 02446"
"$575,000","19 WINCHESTER ST APT 904, BROOKLINE, MA 02446"
"$1,799,000","300 KENT ST APT 5, BROOKLINE, MA 02446"
"$1,099,000","50 LONGWOOD AVE APT 916, BROOKLINE, MA 02446"
"$2,600,000","24-26 Monmouth Ct # 26-2, Brookline, MA 02446"
"$1,250,000","19 Abbottsford Rd # 1, Brookline, MA 02446"
"$1,899,000","29 Summit Ave , Brookline, MA 02446"
"$1,735,000","43 Dwight St # U2, Brookline, MA 02446"
"$1,495,000","1471 BEACON ST APT 2, BROOKLINE, MA 02446"
