"$499,900","117 PROSPECT HILL RD , WALTHAM, MA 02451"
"$539,000","48 STERLING RD , WALTHAM, MA 02451"
"$499,990","30 SUMMIT ST , WALTHAM, MA 02451"
"$449,900","40 MONTCLAIR AVE , WALTHAM, MA 02451"
"$599,900","32 LINCOLN TER , WALTHAM, MA 02451"
"$499,900","38 FRANCIS ST , WALTHAM, MA 02451"
"$499,900","51 LAKEVIEW TER , WALTHAM, MA 02451"
"$459,900","12 WAMPUM AVE , WALTHAM, MA 02451"
"$779,900","35 JENNINGS RD , WALTHAM, MA 02451"
"$799,900","190 TOTTEN POND RD , WALTHAM, MA 02451"
"$1,129,000","245 WORCESTER LN , WALTHAM, MA 02451"
"$575,000","52 GALEN ST , WALTHAM, MA 02451"
"$684,700","78 MONTCLAIR AVE , WALTHAM, MA 02451"
"$659,900","36 LINCOLN TER , WALTHAM, MA 02451"
"$529,000","67 GREGORY ST , WALTHAM, MA 02451"
"$399,000","14 GORMANS CT , WALTHAM, MA 02451"
"$795,000","14 ESSEX ST , WALTHAM, MA 02451"
"$795,000","325 Bacon St # 0, Waltham, MA 02451"
