"$399,000","47 DORCHESTER ST , WALTHAM, MA 02453"
"$619,900","79 CEDARWOOD AVE , WALTHAM, MA 02453"
"$550,000","30 ROBBINS ST , WALTHAM, MA 02453"
"$649,900","4 BEECHWOOD RD , WALTHAM, MA 02453"
"$399,900","3 Amory Rd Unit 3, Waltham, MA 02453"
"$526,000","904 Moody St # 906, Waltham, MA 02453"
"$499,575","52 HARVARD ST , WALTHAM, MA 02453"
"$725,000","10 CRAFTS ST , WALTHAM, MA 02453"
"$1,550,000","408 Crescent St # 410, Waltham, MA 02453"
"$799,000","99 MAIN ST , WALTHAM, MA 02453"
"$729,900","24 Cross St # 1, Waltham, MA 02453"
"$249,900"," Hillcrest St Lot A, Waltham, MA 02453"
"$1,200,000","138 MAIN ST , WALTHAM, MA 02453"
"$729,900","93 Calvary St # 95, Waltham, MA 02453"
"$699,900","160 RUSSELL ST , WALTHAM, MA 02453"
"$899,000","47 WILLIAMS ST , WALTHAM, MA 02453"
"$869,900","29 Orange St # 3, Waltham, MA 02453"
"$660,000","Lot 21 Knollwood Dr , Waltham, MA 02453"
