"$1,600,000","4 HOVEY ST , NEWTON, MA 02458"
"$1,029,000","91 GRASMERE ST , NEWTON, MA 02458"
"$749,000","32 Emerson St # 32, Newton, MA 02458"
"$1,099,000","22 HOLLIS ST , NEWTON, MA 02458"
"$989,900","282 WATERTOWN ST , NEWTON, MA 02458"
"$1,600,000","270 KENRICK ST , NEWTON, MA 02458"
"$2,249,000","40 SHORNECLIFFE RD , NEWTON, MA 02458"
"$699,000","58 LINCOLN RD , NEWTON, MA 02458"
"$2,349,000","109 SARGENT ST , NEWTON, MA 02458"
"$1,399,000","37 PHILMORE RD , NEWTON, MA 02458"
"$1,288,888","13 West St # 15, Newton, MA 02458"
"$4,180,000","12 BEECHCROFT RD , NEWTON, MA 02458"
"$4,200,000","43 FAIRMONT AVE , NEWTON, MA 02458"
"$1,879,000","37 CLAREMONT ST , NEWTON, MA 02458"
"$3,150,000","20 ELIOT MEMORIAL RD , NEWTON, MA 02458"
"$2,638,000","50 BUSWELL PARK , NEWTON, MA 02458"
"$1,199,000","25 RICKER RD , NEWTON, MA 02458"
"$749,000","50 Arlington St # 50, Newton, MA 02458"
"$599,900","232 Chapel St # 232, Newton, MA 02458"
"$439,888","32 CHANDLER ST , NEWTON, MA 02458"
"$900,000","48 HOLLIS ST APT 4, NEWTON, MA 02458"
"$1,350,000","140 Church St # 1, Newton, MA 02458"
"$949,000","52 Arlington St # 52, Newton, MA 02458"
"$379,900","43 CRAFTS ST , NEWTON, MA 02458"
"$1,095,000","49 Cook St # 49, Newton, MA 02458"
