"$998,000","8 Sharpe Rd , Newton, MA 02459"
"$1,595,000","156 Arnold Rd , Newton, MA 02459"
"$1,798,000","53 Dudley Rd , Newton, MA 02459"
"$2,875,000","109 Dudley Rd , Newton, MA 02459"
"$899,000","9 Coolidge Rd , Newton, MA 02459"
"$1,369,000","119 Oxford Rd , Newton, MA 02459"
"$1,849,000","11 Vineyard Rd , Newton, MA 02459"
"$799,900","412-416 Parker St # G, Newton, MA 02459"
"$1,798,000","60 Levbert Rd , Newton, MA 02459"
"$579,000","50-52 Irving St # 1, Newton, MA 02459"
"$1,130,000","87 Boulder Rd , Newton, MA 02459"
"$799,000","57 Cummings Rd , Newton, MA 02459"
"$1,629,900","20 Greenlawn Ave , Newton, MA 02459"
"$1,999,000","20 Stonewood Dr , Newton, MA 02459"
"$2,590,000","24 Puddingstone Ln , Newton, MA 02459"
"$1,550,000","850 Dedham St , Newton, MA 02459"
"$1,995,000","6 Melina Rd , Newton, MA 02459"
"$2,490,000","73 Old Farm Rd , Newton, MA 02459"
$1.07M,"29 Levbert Rd , Newton, MA 02459"
"$1,999,000","22 Hobart Rd , Newton, MA 02459"
"$683,000","210 Nahanton St Apt 310, Newton, MA 02459"
"$2,999,900","303 Hartman Rd , Newton, MA 02459"
"$420,000","655 Saw Mill Brook Pkwy Apt 9, Newton, MA 02459"
"$1,849,000","920 Centre St , Newton, MA 02459"
"$379,900","70 Ober Rd , Newton, MA 02459"
