"$2,200,000","519 Main St , Waltham, MA 02452"
"$319,900","9 JACQUELINE RD APT F, WALTHAM, MA 02452"
"$599,900","38 BROOKFIELD RD , WALTHAM, MA 02452"
"$579,900","170 Clocktower Dr # 101, Waltham, MA 02452"
"$1,190,000","50 MATTHEW LN , WALTHAM, MA 02452"
"$745,000","49 CIRCLE DR , WALTHAM, MA 02452"
"$899,900","251 TRAPELO RD , WALTHAM, MA 02452"
"$654,900","110 WARWICK AVE , WALTHAM, MA 02452"
"$819,900","40 FOREST ST , WALTHAM, MA 02452"
"$1,575,000","186 Lyman St , Waltham, MA 02452"
"$677,000","44 PORTER RD , WALTHAM, MA 02452"
"$549,900","132 Clocktower Dr Unit 4411, Waltham, MA 02452"
