"$1,649,000","11 Sheffield Rd , Newton, MA 02460"
"$779,000","22 Harrington St # 2, Newton, MA 02460"
"$1,150,000","67 Walnut St , Newton, MA 02460"
"$1,595,000","31 Pulsifer St , Newton, MA 02460"
"$1,280,000","63-65 Highland Ave # 2, Newton, MA 02460"
"$3,750,000","131 Otis St , Newton, MA 02460"
"$719,500","11 Adams St , Newton, MA 02460"
"$1,499,000","588 Walnut St , Newton, MA 02460"
"$724,900","144 Walnut St # A4, Newton, MA 02460"
"$1,550,000","22 Harrington St , Newton, MA 02460"
"$1,050,000","391 Walnut St Unit 5, Newton, MA 02460"
"$1,300,000","370 Linwood Ave , Newton, MA 02460"
"$1,150,000","391 Walnut St Unit 4, Newton, MA 02460"
