"$1,299,000","81 CARLTON RD , WABAN, MA 02468"
"$1,550,000","0 Short St , Newton, MA 02468"
"$1,650,000","72 CROFTON RD , WABAN, MA 02468"
"$3,149,000","188 ALLEN AVE , WABAN, MA 02468"
"$5,280,000","48 BONNYBROOK RD , WABAN, MA 02468"
"$2,795,000","155 MOFFAT RD , WABAN, MA 02468"
"$1,625,000","877 CHESTNUT ST , WABAN, MA 02468"
"$2,299,000","126 STANLEY RD , WABAN, MA 02468"
"$1,699,000","1743 BEACON ST , WABAN, MA 02468"
"$2,149,000","421 WABAN AVE , WABAN, MA 02468"
"$1,250,000","302 WOODWARD ST , WABAN, MA 02468"
"$2,549,000","30 HEREFORD RD , WABAN, MA 02468"
"$2,349,000","181 PINE RIDGE RD , WABAN, MA 02468"
"$3,050,000","10 KAREN RD , WABAN, MA 02468"
"$2,150,000","21 KEWADIN RD , WABAN, MA 02468"
"$1,295,000","14 HILLCREST CIR , WABAN, MA 02468"
"$1,950,000","5 DWHINDA RD , WABAN, MA 02468"
"$1,795,000","202 WINSLOW RD , WABAN, MA 02468"
"$3,299,000","10 Annawan Rd , Waban, MA 02468"
