"$899,000","95 Prospect St , Newton, MA 02465"
"$1,799,000","11 Leonard Ave , Newton, MA 02465"
"$674,000","154 Derby St , Newton, MA 02465"
"$799,000","77 Fordham Rd , Newton, MA 02465"
"$5,500,000","160 Dartmouth St , Newton, MA 02465"
"$7,100,000","60 Howland Rd , Newton, MA 02465"
"$749,000","154 River St # 156, Newton, MA 02465"
"$1,499,000","1663 Commonwealth Ave , Newton, MA 02465"
"$1,299,900","170 Waltham St , Newton, MA 02465"
"$2,375,000","59 Highland St , Newton, MA 02465"
$799K,"64 Smith Ave , Newton, MA 02465"
"$1,989,000","170 Forest Ave , Newton, MA 02465"
"$2,165,000","79 Howland Rd , Newton, MA 02465"
"$849,000","15 Simms Ct , Newton, MA 02465"
"$1,929,000","85 Fuller Ter , Newton, MA 02465"
"$6,590,000","65 Lenox St , Newton, MA 02465"
"$1,250,000","48 Lexington St # 50, Newton, MA 02465"
"$3,899,000","159 Prince St , Newton, MA 02465"
"$3,750,000","216 Highland St , Newton, MA 02465"
$770K,"138 Tolman St , Newton, MA 02465"
"$5,800,000","219 Chestnut St , Newton, MA 02465"
"$4,900,000","59 Prince St , Newton, MA 02465"
"$3,795,000","129 Chestnut St , Newton, MA 02465"
"$4,995,000","174 Valentine St , Newton, MA 02465"
"$3,395,000","71 Putnam St , Newton, MA 02465"
