"$300,000","34 WESTGATE RD APT 2, CHESTNUT HILL, MA 02467"
"$995,000","35 BELLINGHAM RD , CHESTNUT HILL, MA 02467"
"$1,849,000","29 GATE HOUSE RD , CHESTNUT HILL, MA 02467"
"$8,900,000","17 YARMOUTH RD , CHESTNUT HILL, MA 02467"
"$1,390,000","60 ALBERTA RD , CHESTNUT HILL, MA 02467"
"$849,000","405 VFW PKWY , CHESTNUT HILL, MA 02467"
"$90,000,000","150 Woodland Rd , Chestnut Hill, MA 02467"
"$1,170,000","2400 BEACON ST UNIT 210, CHESTNUT HILL, MA 02467"
"$1,195,000","30 TRAVIS DR , CHESTNUT HILL, MA 02467"
"$699,000","809 Boylston St # 1, Chestnut Hill, MA 02467"
"$649,900","34 Crehore Rd , Chestnut Hill, MA 02467"
"$1,550,000","26 MARTHAS LN , CHESTNUT HILL, MA 02467"
"$1,819,000","716 NEWTON ST , CHESTNUT HILL, MA 02467"
"$2,100,000","94 HAMMONDSWOOD RD , CHESTNUT HILL, MA 02467"
"$899,000","343 Vfw Pkwy , Chestnut Hill, MA 02467"
"$999,990","292 LAGRANGE ST , CHESTNUT HILL, MA 02467"
"$13,950,000","60 CRAMOND RD , CHESTNUT HILL, MA 02467"
"$999,000","809 Boylston St # 3, Chestnut Hill, MA 02467"
"$819,900","2400 BEACON ST UNIT 104, CHESTNUT HILL, MA 02467"
"$1,949,000","56 Clearwater Rd , Chestnut Hill, MA 02467"
"$628,777","250 HAMMOND POND PKWY APT 816S, CHESTNUT HILL, MA 02467"
"$3,925,000","17 GLENOE RD , CHESTNUT HILL, MA 02467"
"$4,450,000","50 BEACON ST , CHESTNUT HILL, MA 02467"
"$3,599,000","108 WOODCHESTER DR , CHESTNUT HILL, MA 02467"
"$3,995,000","70 RANDOLPH RD , CHESTNUT HILL, MA 02467"
