"$788,988","178 Allerton Rd , Newton, MA 02461"
"$995,000","8 Meredith Ave , Newton, MA 02461"
"$889,000","290 Winchester St , Newton, MA 02461"
"$679,000","65 Charlemont St , Newton, MA 02461"
"$1,799,000","100 Christina St , Newton, MA 02461"
"$1,799,000","1099 Walnut St , Newton, MA 02461"
"$1,000,000","100 Charlemont St , Newton, MA 02461"
"$1,299,885","28 Bowdoin St , Newton, MA 02461"
"$1,299,000","15 High St # 17, Newton, MA 02461"
"$975,000","987-989 Boylston St , Newton, MA 02461"
"$3,280,000","355 Upland Ave , Newton, MA 02461"
"$679,000","65 Charlemont St # 65, Newton, MA 02461"
"$1,890,000","1192 Beacon St # A, Newton, MA 02461"
"$1,750,000","281 Dedham St , Newton, MA 02461"
"$875,000","10 Elinor Rd , Newton, MA 02461"
