"$799,000","15 WEST ST , ARLINGTON, MA 02476"
"$689,000","11 KILSYTHE RD , ARLINGTON, MA 02476"
"$789,000","130 GRAY ST , ARLINGTON, MA 02476"
"$1,325,000","40 IRVING ST , ARLINGTON, MA 02476"
"$395,000","53 Appleton St # 3, Arlington, MA 02476"
"$424,500","14 WELLINGTON ST APT 3, ARLINGTON, MA 02476"
"$1,800,000","40 Irving & 0 Ravine , Arlington, MA 02476"
"$525,000","0 Ravine , Arlington, MA 02476"
"$787,000","33A Appleton St # 2, Arlington, MA 02476"
"$420,000","1 WATERMILL PL UNIT 230, ARLINGTON, MA 02476"
"$1,500,000","239 PLEASANT ST , ARLINGTON, MA 02476"
"$999,999","98 HATHAWAY CIR , ARLINGTON, MA 02476"
"$679,000","12 ARNOLD ST , ARLINGTON, MA 02476"
