"$699,000","115 HEMLOCK ST , ARLINGTON, MA 02474"
"$1,400,000","87 HARLOW ST , ARLINGTON, MA 02474"
"$499,000","128 Palmer St # 128, Arlington, MA 02474"
"$799,000","66 Summit St # 68, Arlington, MA 02474"
"$689,000","72 Rawson Rd # 1, Arlington, MA 02474"
"$788,000","152 Webster St # 2, Arlington, MA 02474"
"$789,000","72 Rawson Rd # 2, Arlington, MA 02474"
"$639,000","137 WESTMINSTER AVE # 2, ARLINGTON, MA 02474"
"$1,369,000","22 SPY POND PKWY , ARLINGTON, MA 02474"
"$615,000","271 LAKE ST , ARLINGTON, MA 02474"
"$949,000","5 OLD MIDDLESEX PATH , ARLINGTON, MA 02474"
"$1,400,000","261 Broadway , Arlington, MA 02474"
"$650,000","58 Exeter St # 60, Arlington, MA 02474"
"$998,000","9 Oxford St , Arlington, MA 02474"
"$1,399,900","51 CROSBY ST , ARLINGTON, MA 02474"
"$800,000","17 ARIZONA TER APT 10, ARLINGTON, MA 02474"
"$869,000","234 MYSTIC VALLEY PKWY , ARLINGTON, MA 02474"
