"$624,900","40 COMMONWEALTH RD # 1, WATERTOWN, MA 02472"
"$519,900","17 COMMONWEALTH RD # 1, WATERTOWN, MA 02472"
"$315,000","10 WILLIAMS ST APT 41, WATERTOWN, MA 02472"
"$399,000","36 Duff St # 36, Watertown, MA 02472"
"$449,900","19 Homer St # 19, Watertown, MA 02472"
"$499,900","64 California St # 1, Watertown, MA 02472"
"$499,999","227 COOLIDGE AVE APT 212, WATERTOWN, MA 02472"
"$749,000","30 RALPH ST , WATERTOWN, MA 02472"
"$989,000","115 BARNARD AVE , WATERTOWN, MA 02472"
"$499,900","204 N Beacon St # 204, Watertown, MA 02472"
"$529,900","91 Spring St # F, Watertown, MA 02472"
"$525,000","218 WARREN ST , WATERTOWN, MA 02472"
"$999,000","32 HILLSIDE RD , WATERTOWN, MA 02472"
"$649,000","231 Palfrey St , Watertown, MA 02472"
"$559,900","21 Knowles Rd # 21, Watertown, MA 02472"
"$775,000","57 Forest St # 57, Watertown, MA 02472"
"$999,000","75 SUMMER ST , WATERTOWN, MA 02472"
"$949,900","11 HILL ST , WATERTOWN, MA 02472"
"$499,900","204 N BEACON ST , WATERTOWN, MA 02472"
"$550,000","131 COOLIDGE AVE APT 728, WATERTOWN, MA 02472"
"$850,000","21 Derby Rd # 23, Watertown, MA 02472"
"$475,000","32 WHITES AVE # F3305, WATERTOWN, MA 02472"
"$865,000","28 OLCOTT ST , WATERTOWN, MA 02472"
"$1,075,000","18 Beechwood Ave # 20, Watertown, MA 02472"
"$610,900","67-69 Palfrey # 2, Watertown, MA 02472"
