"$1,395,000","27 CUSHING AVE , BELMONT, MA 02478"
"$1,475,000","404 COMMON ST , BELMONT, MA 02478"
"$988,800","203 CLAFLIN ST , BELMONT, MA 02478"
"$849,000","33 STANLEY RD , BELMONT, MA 02478"
"$3,500,000","265 MARSH ST , BELMONT, MA 02478"
"$815,000","17 RIDGE RD , BELMONT, MA 02478"
"$599,000","111 Lewis Rd # 111, Belmont, MA 02478"
"$1,099,999","115 Lewis Rd # 117, Belmont, MA 02478"
"$1,159,000","136 WINTER ST , BELMONT, MA 02478"
"$1,100,000","33 PAYSON RD , BELMONT, MA 02478"
"$1,199,000"," 5-7 Trapelo Road , Belmont, MA 02478"
"$2,295,000","74 HILLCREST RD , BELMONT, MA 02478"
"$599,900","19 CHANNING RD , BELMONT, MA 02478"
"$1,595,000","11 WOODFALL RD , BELMONT, MA 02478"
"$2,250,000","18 WOODFALL RD , BELMONT, MA 02478"
"$2,600,000","81 STONY BROOK RD , BELMONT, MA 02478"
"$899,000","27 DORSET RD , BELMONT, MA 02478"
"$1,600,000","5 SPRING VALLEY RD , BELMONT, MA 02478"
"$464,900","103 Beech St # 2, Belmont, MA 02478"
"$949,900","145 Sycamore St # 147, Belmont, MA 02478"
"$1,349,000","12 S Cottage Rd # 12, Belmont, MA 02478"
"$869,990","57 Moraine St # 57, Belmont, MA 02478"
"$2,300,000","56 PARTRIDGE LN , BELMONT, MA 02478"
"$2,285,000","863 CONCORD AVE , BELMONT, MA 02478"
"$4,200,000","16 ROCKMONT RD , BELMONT, MA 02478"
