"$1,599,000","110 Albion Rd , Wellesley, MA 02481"
"$1,135,000","40 Kimlo Rd , Wellesley, MA 02481"
"$2,950,000","95 Sagamore Rd , Wellesley, MA 02481"
"$649,000","683 Worcester St , Wellesley, MA 02481"
"$1,750,000","26 Edmunds Rd , Wellesley, MA 02481"
"$1,250,000","504 Worcester St , Wellesley, MA 02481"
"$995,000","66 Washburn Ave , Wellesley, MA 02481"
"$2,550,000","206 Cliff Rd , Wellesley, MA 02481"
"$949,000","42 Earle Rd , Wellesley, MA 02481"
"$3,250,000","21 Livermore Rd , Wellesley, MA 02481"
"$2,285,000","53 Park Ave , Wellesley, MA 02481"
"$3,095,000","45 Westgate Rd , Wellesley, MA 02481"
"$1,400,000","92 Woodlawn Ave , Wellesley, MA 02481"
"$799,000","40 Carver Rd , Wellesley, MA 02481"
"$2,569,000","64 Bristol Rd , Wellesley, MA 02481"
"$1,695,000","33 Chestnut St , Wellesley, MA 02481"
"$1,550,000","122 Glen Rd , Wellesley, MA 02481"
"$3,795,000","17 Sturbridge Rd , Wellesley, MA 02481"
"$4,395,000","18 Allen Rd , Wellesley, MA 02481"
"$1,295,000","23 Norwich Rd , Wellesley, MA 02481"
"$6,895,000","62 Ledgeways , Wellesley, MA 02481"
"$3,995,000","126 Woodlawn Ave , Wellesley, MA 02481"
"$5,550,000","119 Woodlawn Ave , Wellesley, MA 02481"
"$1,150,000","11 Priscilla Cir , Wellesley, MA 02481"
"$3,950,000","62 Woodcliff Rd , Wellesley, MA 02481"
