"$1,839,000","53 HALSEY AVE , WELLESLEY, MA 02482"
"$1,649,000","8 HIGH MEADOW CIR , WELLESLEY, MA 02482"
"$1,625,000","67 SMITH ST , WELLESLEY, MA 02482"
"$750,000","42 OVERBROOK DR , WELLESLEY, MA 02482"
"$1,350,000","5 WOODRIDGE RD , WELLESLEY, MA 02482"
"$3,295,000","2 SOUTHGATE RD , WELLESLEY, MA 02482"
"$695,000","11 BACON ST , WELLESLEY, MA 02482"
"$725,000","339 WESTON RD , WELLESLEY, MA 02482"
"$1,619,000","7 WINTHROP RD , WELLESLEY, MA 02482"
"$4,750,000","190 WINDING RIVER RD , WELLESLEY, MA 02482"
"$775,000","29 HIGH LEDGE AVE , WELLESLEY, MA 02482"
"$1,580,000","3 HICKORY RD , WELLESLEY, MA 02482"
"$1,529,000","85 BROOK ST , WELLESLEY, MA 02482"
"$1,750,000","264 GROVE ST , WELLESLEY, MA 02482"
"$1,325,000","30 SHIRLEY RD , WELLESLEY, MA 02482"
"$3,750,000","25 KENILWORTH RD , WELLESLEY, MA 02482"
"$1,650,000","22 IVY RD , WELLESLEY, MA 02482"
"$1,875,000","4 MACARTHUR RD , WELLESLEY, MA 02482"
"$3,900,000","23 PEMBROKE RD , WELLESLEY, MA 02482"
"$1,369,000","15 FELLS CIR , WELLESLEY, MA 02482"
"$1,015,000","3 SUNNYSIDE AVE , WELLESLEY, MA 02482"
"$2,100,000","38 SABRINA RD , WELLESLEY, MA 02482"
"$2,125,000","21 PARKER RD , WELLESLEY, MA 02482"
"$2,275,000","179 WINDING RIVER RD , WELLESLEY, MA 02482"
"$949,000","68 UPSON RD , WELLESLEY, MA 02482"
