"$1,849,000","64 Rockwood Ln , Needham, MA 02492"
"$875,000","165 THORNTON RD , NEEDHAM, MA 02492"
"$795,000","36 MARKED TREE RD , NEEDHAM, MA 02492"
"$899,000","711 WEBSTER ST , NEEDHAM, MA 02492"
"$749,999","1566 GREAT PLAIN AVE , NEEDHAM, MA 02492"
"$799,000","62 GRANT ST , NEEDHAM, MA 02492"
"$399,900","1208 GREENDALE AVE APT 233, NEEDHAM, MA 02492"
"$1,050,000","14 MACKINTOSH AVE , NEEDHAM, MA 02492"
"$1,389,000","312 WARREN ST , NEEDHAM, MA 02492"
"$929,000","85 BREWSTER DR , NEEDHAM, MA 02492"
"$1,800,000","84 Nardone Rd , Needham, MA 02492"
"$1,489,000","120 LOCUST LN , NEEDHAM, MA 02492"
"$1,700,000","255 FOX HILL RD , NEEDHAM, MA 02492"
"$1,995,000","980 SOUTH ST , NEEDHAM, MA 02492"
"$829,000","15 EVANS RD , NEEDHAM, MA 02492"
"$1,769,999","59 NEEDHAMDALE RD , NEEDHAM, MA 02492"
"$925,000","26 HIGHGATE ST , NEEDHAM, MA 02492"
"$1,895,000","33 OXBOW RD , NEEDHAM, MA 02492"
"$1,895,000","61 FOREST ST , NEEDHAM, MA 02492"
"$1,795,000","15 Sunrise Ter , Needham, MA 02492"
"$1,499,000","43 RYBURY HILLWAY , NEEDHAM, MA 02492"
"$775,000","28 Oak St Unit 28, Needham, MA 02492"
"$1,014,000","1253 GREAT PLAIN AVE , NEEDHAM, MA 02492"
"$770,000","17 Highland Ct Unit 17, Needham, MA 02492"
"$2,995,000","370 Grove St , Needham, MA 02492"
