"$800,000","80 Spring Rd , Needham, MA 02494"
"$6,700","17 Wildale Cir , Needham, MA 02494"
"$819,000","68 High St , Needham, MA 02494"
"$1,289,000","373 Hunnewell St , Needham, MA 02494"
"$789,900","227 Central Ave , Needham, MA 02494"
"$819,999","22 Park Ave , Needham, MA 02494"
"$749,000","16 Mills Rd , Needham, MA 02494"
"$769,900","175 Greendale Ave , Needham, MA 02494"
"$799,000","99 Damon Rd , Needham, MA 02494"
"$810,000","160 Hillside Ave # 6, Needham, MA 02494"
"$1,599,000","66 Yale Rd , Needham, MA 02494"
"$1,289,000","373 Hunnewell St # 373, Needham, MA 02494"
"$799,900","20 Roscoe St , Needham, MA 02494"
"$824,999","805 Highland Ave Unit 5, Needham, MA 02494"
"$849,000","14 Carter St , Needham, MA 02494"
$648K,"682 Central Ave , Needham, MA 02494"
"$1,349,000","62 Crescent Rd # 62, Needham, MA 02494"
"$1,329,000","375 Hunnewell St , Needham, MA 02494"
"$649,000","308 Hunnewell St # 1, Needham, MA 02494"
"$1,899,000","51 Pershing Rd , Needham, MA 02494"
"$659,000","308 Hunnewell St # 2, Needham, MA 02494"
"$1,899,000","184 Lindbergh Ave , Needham, MA 02494"
"$2,250,000","25 Hoover Rd , Needham, MA 02494"
"$1,329,000","375 Hunnewell St # 375, Needham, MA 02494"
