"$659,000","3 SHAYLOR LN , WESTON, MA 02493"
"$1,749,000","17 LONGMEADOW RD , WESTON, MA 02493"
"$18,900,000"," Willow Rd , Weston, MA 02493"
"$1,150,000","154 WINTER ST , WESTON, MA 02493"
"$18,500,000","50 WINSOR WAY , WESTON, MA 02493"
"$999,000","44 APPLECREST RD , WESTON, MA 02493"
"$1,299,900","25 NASH LN , WESTON, MA 02493"
"$2,999,000","319 GLEN RD , WESTON, MA 02493"
"$1,295,000","25 COLUMBINE RD , WESTON, MA 02493"
"$2,888,800","387 WELLESLEY ST , WESTON, MA 02493"
"$1,699,000","45 SUNSET RD , WESTON, MA 02493"
"$950,000","68 SUMMER ST , WESTON, MA 02493"
"$2,088,000","11 GRAYSTONE LN , WESTON, MA 02493"
"$3,199,000","40 RADCLIFFE RD , WESTON, MA 02493"
"$3,688,000","18 WILDFLOWER LN , WESTON, MA 02493"
"$5,395,000","445 CONCORD RD , WESTON, MA 02493"
"$1,895,000","94 SUMMER ST , WESTON, MA 02493"
"$1,565,000","8 PELHAM RD , WESTON, MA 02493"
"$2,995,000","7 CUTTERS BLF , WESTON, MA 02493"
"$1,299,000","14 COLCHESTER RD , WESTON, MA 02493"
"$3,999,000","110 WALKER ST , WESTON, MA 02493"
"$4,495,000","45 HILLTOP RD , WESTON, MA 02493"
"$18,500,000","2 LAXFIELD RD , WESTON, MA 02493"
"$1,629,000","334 BOSTON POST RD , WESTON, MA 02493"
"$1,999,000","348 BOSTON POST RD , WESTON, MA 02493"
