"$168,900","9 WILLIAM ST , FITCHBURG, MA 01420"
"$169,900","130 WOODLAND ST , FITCHBURG, MA 01420"
"$115,500","200 CONNORS ST , FITCHBURG, MA 01420"
"$234,900","13 VILLAGE XING , FITCHBURG, MA 01420"
"$299,900","165 Apple Tree Hl , Fitchburg, MA 01420"
"$189,900","112 COLUMBUS ST , FITCHBURG, MA 01420"
"$335,000","129 MACINTOSH LN , FITCHBURG, MA 01420"
"$189,900","49 WOODWORTH AVE , FITCHBURG, MA 01420"
"$209,900","99 NASHUA ST , FITCHBURG, MA 01420"
"$25,000","276 Lunenburg St Lot 62, Fitchburg, MA 01420"
"$78,500","33 HURON ST APT 2, FITCHBURG, MA 01420"
"$359,900","23 MONTESION DR , FITCHBURG, MA 01420"
"$89,900","77 TOWNSEND ST , FITCHBURG, MA 01420"
"$149,900","29 ROCKLAND ST , FITCHBURG, MA 01420"
"$189,000","28 ESSEX ST , FITCHBURG, MA 01420"
"$116,900","40 MADISON ST , FITCHBURG, MA 01420"
"$333,000","156 VILLAGE XING , FITCHBURG, MA 01420"
"$179,000","9 Green Briar Rd # 9, Fitchburg, MA 01420"
"$275,000","659 FRANKLIN RD , FITCHBURG, MA 01420"
"$380,000","139 MACINTOSH LN , FITCHBURG, MA 01420"
"$99,100","38 PACIFIC ST , FITCHBURG, MA 01420"
"$495,000","84 Prospect St , Fitchburg, MA 01420"
"$320,000","38 JEFFREY KEATING RD , FITCHBURG, MA 01420"
"$225,000","41 WILLOW ST , FITCHBURG, MA 01420"
"$319,900","139 MOUNT VERNON ST , FITCHBURG, MA 01420"
