"$369,000","48 LAKESHORE DR , ASHBURNHAM, MA 01430"
"$339,000","186 FERIN RD , ASHBURNHAM, MA 01430"
"$204,900","6 BRIDAL PATH , ASHBURNHAM, MA 01430"
"$99,000","108 HOLT RD , ASHBURNHAM, MA 01430"
$152K,"108 WILLIAMS RD , ASHBURNHAM, MA 01430"
"$225,000","163 CENTER ST , ASHBURNHAM, MA 01430"
"$99,000","108-LOT Holt Rd , Ashburnham, MA 01430"
"$80,000","0 Old County Rd # L:1, Ashburnham, MA 01430"
"$99,900","47 LAKESHORE DR , ASHBURNHAM, MA 01430"
"$249,900","14 LAKE VIEW DR , ASHBURNHAM, MA 01430"
"$339,900","57 WESTMINSTER ST , ASHBURNHAM, MA 01430"
"$749,900","132 CENTER ST , ASHBURNHAM, MA 01430"
"$179,000","165 HOSLEY RD , ASHBURNHAM, MA 01430"
"$50,000","51 STODGE MEADOW RD , ASHBURNHAM, MA 01430"
"$14,900","163 E RINDGE RD , ASHBURNHAM, MA 01430"
"$59,900","57 FITCHBURG RD , ASHBURNHAM, MA 01430"
"$75,000","119 W SHORE DR , ASHBURNHAM, MA 01430"
