"$243,000","407 WARES RD , ASHBY, MA 01431"
"$279,900","111 WARES RD , ASHBY, MA 01431"
"$69,000","4 Heywood Rd , Ashby, MA 01431"
"$62,000","5 Heywood Rd , Ashby, MA 01431"
"$85,000","& 3 Heywood Rd Lot 2, Ashby, MA 01431"
"$49,900","3 New Ipswich Rd , Ashby, MA 01431"
"$329,900","408 TURNPIKE RD , ASHBY, MA 01431"
"$49,900","76 FOSTER RD , ASHBY, MA 01431"
"$192,500","282 FITCHBURG STATE RD , ASHBY, MA 01431"
"$89,900","1 Valley Rd , Ashby, MA 01431"
"$525,000","700 NEW IPSWICH RD , ASHBY, MA 01431"
"$629,900","1 Allen Rd , Ashby, MA 01431"
"$50,000","492 PIPER RD , ASHBY, MA 01431"
"$75,000","244 DAVIS RD , ASHBY, MA 01431"
"$234,900","1 Foster Rd , Ashby, MA 01431"
