"$389,000","50 ATHERTON ST , AYER, MA 01432"
"$359,900","78 PLEASANT ST , AYER, MA 01432"
"$185,000","18 WESTFORD RD UNIT 32, AYER, MA 01432"
"$499,900","25 PINGRY WAY , AYER, MA 01432"
"$104,900","108 E MAIN ST APT 4, AYER, MA 01432"
"$289,900","9 ROSEWOOD AVE , AYER, MA 01432"
"$149,900","3 CALVIN ST , AYER, MA 01432"
"$85,000","37 WILLARD ST , AYER, MA 01432"
"$253,900","210 SNAKE HILL RD , AYER, MA 01432"
"$469,000","1 EASY ST , AYER, MA 01432"
"$489,900","0 Trevor Trl , Ayer, MA 01432"
"$224,900","100 CENTRAL AVE # 2, AYER, MA 01432"
"$478,900","259 Woodland Way , Ayer, MA 01432"
"$499,500","53 Cambridge Street Ext , Ayer, MA 01432"
"$409,000","42A Longview Cir # 42, Ayer, MA 01432"
"$329,000","7 Vernon St , Ayer, MA 01432"
"$537,900","130 Woodland Way , Ayer, MA 01432"
"$589,900","118 Hemlock Dr , Ayer, MA 01432"
"$99,000","50 WESTFORD RD , AYER, MA 01432"
"$125,000","25 Groton School Rd Lot 26, Ayer, MA 01432"
"$175,000","0 Rosewood Ave , Ayer, MA 01432"
