"$299,900","41 DEER HILL RD , GARDNER, MA 01440"
"$59,900","57 PRINCETON ST , GARDNER, MA 01440"
"$149,900","43 ALLEN ST , GARDNER, MA 01440"
"$177,900","493 PLEASANT ST , GARDNER, MA 01440"
"$174,900","400 CLARK ST , GARDNER, MA 01440"
"$235,000","38 W Broadway , Gardner, MA 01440"
"$299,900","191 Elm St , Gardner, MA 01440"
"$149,000","51 RICHMOND ST , GARDNER, MA 01440"
"$584,900","22 Knowlton St , Gardner, MA 01440"
"$399,000","213 BROOKSIDE DR , GARDNER, MA 01440"
"$249,000","211 Park St # 213, Gardner, MA 01440"
"$309,900","25 Wright St , Gardner, MA 01440"
"$229,000","7 Glazier St # 11, Gardner, MA 01440"
"$419,900","315 Pleasant St # 317, Gardner, MA 01440"
"$105,300","45 LINWOOD ST , GARDNER, MA 01440"
"$180,000","391 PARK ST , GARDNER, MA 01440"
"$179,900","28 LENNON ST , GARDNER, MA 01440"
"$86,900","88 CHESTNUT ST , GARDNER, MA 01440"
"$45,000","180A Chapel St , Gardner, MA 01440"
"$99,900","165 GREENWOOD ST , GARDNER, MA 01440"
"$210,000","77 KENDALL POND E , GARDNER, MA 01440"
"$234,900","55 BETTY SPRING RD , GARDNER, MA 01440"
"$69,900","20 OLDE COLONIAL DR APT 8, GARDNER, MA 01440"
"$239,900","129 OAK ST , GARDNER, MA 01440"
"$219,900","22 A ST , GARDNER, MA 01440"
