"$299,900","15 AMY AVE , LEOMINSTER, MA 01453"
"$275,500","70 WINTER ST , LEOMINSTER, MA 01453"
"$289,900","180 FARM HILL RD , LEOMINSTER, MA 01453"
"$324,900","191 JAMESTOWN RD , LEOMINSTER, MA 01453"
"$359,000","14 HARBOR LIGHT RD , LEOMINSTER, MA 01453"
"$355,000","88 GLENWOOD DR , LEOMINSTER, MA 01453"
"$158,000","22 LORCHRIS ST , LEOMINSTER, MA 01453"
"$179,900","21 Balsam Dr # 21, Leominster, MA 01453"
"$289,000","76 LANCASTER ST , LEOMINSTER, MA 01453"
"$268,500","379 MERRIAM AVE , LEOMINSTER, MA 01453"
"$214,900","26 HOOVER ST , LEOMINSTER, MA 01453"
"$139,900","36 MEADOW POND DR APT K, LEOMINSTER, MA 01453"
"$325,000","26 BLANCHARD ST , LEOMINSTER, MA 01453"
"$189,900","126 Cortland Cir # 126, Leominster, MA 01453"
"$234,000","5 1ST ST , LEOMINSTER, MA 01453"
"$459,000","102 TOLMAN AVE , LEOMINSTER, MA 01453"
"$195,000","37 COOK ST , LEOMINSTER, MA 01453"
$277K,"60 BROWN AVE , LEOMINSTER, MA 01453"
"$177,900","6 Mahogany Run # 6, Leominster, MA 01453"
$143K,"26 HANOVER ST , LEOMINSTER, MA 01453"
$177K,"28 4th St , Leominster, MA 01453"
"$249,900","26 LINCOLN TER , LEOMINSTER, MA 01453"
"$699,900","19 FARM HILL RD , LEOMINSTER, MA 01453"
"$117,900","95 Berrington Rd # 95, Leominster, MA 01453"
"$179,900","30 MAPLE AVE , LEOMINSTER, MA 01453"
