"$790,000","7 PAUGUS TRL , GROTON, MA 01450"
"$769,900","252 FORGE VILLAGE RD , GROTON, MA 01450"
"$450,000","16 REDSKIN TRL , GROTON, MA 01450"
"$534,000","522 MARTINS POND RD , GROTON, MA 01450"
"$399,900","356 MAIN ST , GROTON, MA 01450"
"$520,000","54 FLAVELL RD , GROTON, MA 01450"
"$650,000","244 HAYDEN RD , GROTON, MA 01450"
"$475,000","291 OLD DUNSTABLE RD , GROTON, MA 01450"
"$852,000","121 WHARTON ROW , GROTON, MA 01450"
"$429,900","37 HOLLIS ST , GROTON, MA 01450"
"$375,000","20 HOLLIS ST , GROTON, MA 01450"
"$849,900","51 DUCK POND DR , GROTON, MA 01450"
$370K,"108 RADDIN RD , GROTON, MA 01450"
"$349,900","68 HAYDEN RD , GROTON, MA 01450"
"$420,400","13B Lilac Cir # 13B, Groton, MA 01450"
"$719,900","15 FOREST DR , GROTON, MA 01450"
"$844,900","5 BROWNLOAF RD , GROTON, MA 01450"
"$629,900","64 PAINTED POST RD , GROTON, MA 01450"
"$699,000","27 CHICOPEE ROW , GROTON, MA 01450"
"$579,000","9 WHITEWOOD RD , GROTON, MA 01450"
"$2,750,000","171 LOWELL RD , GROTON, MA 01450"
"$299,000","84 MONARCH PATH , GROTON, MA 01450"
"$739,900","218 FORGE VILLAGE RD , GROTON, MA 01450"
"$429,900","6 BROWNLOAF RD , GROTON, MA 01450"
