"$395,000","25 MUSKOGEE AVE , HUBBARDSTON, MA 01452"
"$150,000","170 GARDNER RD , HUBBARDSTON, MA 01452"
"$950,000","155 WILLIAMSVILLE RD , HUBBARDSTON, MA 01452"
"$295,000","66 OLD PRINCETON RD , HUBBARDSTON, MA 01452"
"$395,000","11 ED CLARK RD , HUBBARDSTON, MA 01452"
"$44,900","12 BIRCHES RD , HUBBARDSTON, MA 01452"
"$299,900","20 CROSS RD , HUBBARDSTON, MA 01452"
"$7,000","45 BRIGHAM ST , HUBBARDSTON, MA 01452"
"$55,900"," Chicopee Dr Lot 557, Hubbardston, MA 01452"
"$134,900","152 OLD PRINCETON RD , HUBBARDSTON, MA 01452"
$143K,"L-72 Selfridge Rd , Hubbardston, MA 01452"
"$59,500","82 NEW TEMPLETON RD , HUBBARDSTON, MA 01452"
"$89,000","MT Jefferson Rd Lot 3W, Hubbardston, MA 01452"
"$359,900","7 Old Westminster Rd , Hubbardston, MA 01452"
"$389,900","25 MOUNT JEFFERSON RD , HUBBARDSTON, MA 01452"
"$319,900","93 New Templeton Rd Lot 76, Hubbardston, MA 01452"
"$105,000","1 APACHE RD , HUBBARDSTON, MA 01452"
"$55,000"," Malone Rd Lot B, Hubbardston, MA 01452"
"$307,900"," Malone Rd Lot A, Hubbardston, MA 01452"
"$239,900"," Cheyenne Dr Lot 115B, Hubbardston, MA 01452"
"$264,900","27 Madison Way # 33, Hubbardston, MA 01452"
"$254,900"," Cheyenne Dr Lot 115, Hubbardston, MA 01452"
"$259,900"," Cheyenne Dr Lot 115A, Hubbardston, MA 01452"
"$274,900","4 Madison Way # 2, Hubbardston, MA 01452"
