"$698,900","22 Ann Lee Rd , Harvard, MA 01451"
"$649,000","70 Westcott Rd , Harvard, MA 01451"
"$1,499,000","129 Ayer Rd , Harvard, MA 01451"
"$898,500","14 Fairbanks St , Harvard, MA 01451"
"$655,000","63 Myrick Ln , Harvard, MA 01451"
"$599,000","69 Lancaster County Rd , Harvard, MA 01451"
"$985,000","110 Warren Ave , Harvard, MA 01451"
"$450,000","8C (Option 1) Trail Ridge Way # 8C, Harvard, MA 01451"
"$929,000","19 E Bare Hill Rd , Harvard, MA 01451"
"$769,900","216 Old Littleton Rd , Harvard, MA 01451"
"$779,000","310 AYER RD , HARVARD, MA 01451"
"$685,000","21 STILL RIVER RD , HARVARD, MA 01451"
"$894,000","308 OLD LITTLETON RD , HARVARD, MA 01451"
"$1,049,000","88 E Bare Hill Rd , Harvard, MA 01451"
"$400,000","169 Littleton County Rd , Harvard, MA 01451"
"$1,100,000","79 Old Littleton Rd , Harvard, MA 01451"
"$1,175,000","334 Littleton Rd , Harvard, MA 01451"
"$960,000","8 Ayer Rd , Harvard, MA 01451"
"$1,749,500","184 Old Littleton Rd , Harvard, MA 01451"
"$1,125,000","114 Slough Rd , Harvard, MA 01451"
"$999,500","59 Madigan Ln , Harvard, MA 01451"
"$264,500","235 Bolton Rd , Harvard, MA 01451"
"$485,000","303 Littleton Rd , Harvard, MA 01451"
"$1,265,000","327 Still River Rd , Harvard, MA 01451"
"$1,150,000","223 Bolton Rd , Harvard, MA 01451"
