"$660,000","42 BENJAMIN RD , SHIRLEY, MA 01464"
"$325,000","16 MAPLE ST , SHIRLEY, MA 01464"
"$339,900","7 MAPLE ST , SHIRLEY, MA 01464"
"$489,000","3 JOYCE LN , SHIRLEY, MA 01464"
"$479,900","1 MCCOUN WAY , SHIRLEY, MA 01464"
"$120,000","168 AYER RD # G3, SHIRLEY, MA 01464"
"$149,900","2 DERBY DR , SHIRLEY, MA 01464"
"$399,000","31 SQUANNACOOK RD , SHIRLEY, MA 01464"
"$164,000","104 SQUANNACOOK RD # B, SHIRLEY, MA 01464"
"$200,000","5 & 11 Kittredge Rd , Shirley, MA 01464"
"$114,900","30 HORSE POND RD , SHIRLEY, MA 01464"
"$389,900","50 LANCASTER RD , SHIRLEY, MA 01464"
"$150,000","68 GREAT RD , SHIRLEY, MA 01464"
"$110,000","118 GREAT RD , SHIRLEY, MA 01464"
"$365,000","82 GROTON RD , SHIRLEY, MA 01464"
"$439,900","150 SQUANNACOOK RD , SHIRLEY, MA 01464"
"$122,500","40 CENTER RD , SHIRLEY, MA 01464"
"$452,700","32 CENTER RD , SHIRLEY, MA 01464"
$119K,"2 CATHERINES WAY , SHIRLEY, MA 01464"
"$189,950"," Lot 1a Groton , Shirley, MA 01464"
"$65,000","102 GROTON RD , SHIRLEY, MA 01464"
"$189,950","7 SHAKER RD , SHIRLEY, MA 01464"
