"$529,900","16 PIERCE ST , PEPPERELL, MA 01463"
"$299,900","39 Hollis St # A, Pepperell, MA 01463"
"$174,900","38 HEALD ST , PEPPERELL, MA 01463"
"$355,000","26A Tucker St , Pepperell, MA 01463"
"$385,000","21 Townsend St # 27, Pepperell, MA 01463"
"$355,000","26A Tucker St # A, Pepperell, MA 01463"
"$324,900","25 High St # 25, Pepperell, MA 01463"
"$359,900","7 CROSS ST , PEPPERELL, MA 01463"
"$535,000","45 BACON ST , PEPPERELL, MA 01463"
$235K,"84 WHEELER ST , PEPPERELL, MA 01463"
"$519,900","26 Pierce St , Pepperell, MA 01463"
"$1,500,000","65 BROOKLINE ST , PEPPERELL, MA 01463"
"$359,500","47 WEST ST , PEPPERELL, MA 01463"
"$755,000","19 VILLAGE RD , PEPPERELL, MA 01463"
"$159,000","17 North St , Pepperell, MA 01463"
"$850,000","4 BANCROFT ST , PEPPERELL, MA 01463"
$182K,"7 PROSPECT ST , PEPPERELL, MA 01463"
"$225,000","5A Maple St , Pepperell, MA 01463"
"$299,000","81 MAIN ST , PEPPERELL, MA 01463"
"$69,900","6 Mason St Lot 53, Pepperell, MA 01463"
"$268,600","63 SHIRLEY ST , PEPPERELL, MA 01463"
$250K,"5 PLEASANT ST , PEPPERELL, MA 01463"
"$247,500","20 CROSS ST APT B, PEPPERELL, MA 01463"
"$465,000","49 Groton St # 53, Pepperell, MA 01463"
"$385,000","42 Main St , Pepperell, MA 01463"
