"$185,000","622 PATRIOTS RD , TEMPLETON, MA 01468"
"$285,499","24 DRURY LN , TEMPLETON, MA 01468"
$107K,"458 OTTER RIVER RD , TEMPLETON, MA 01468"
"$239,900","78 CROSS RD , TEMPLETON, MA 01468"
"$234,900","14 Main St , Templeton, MA 01468"
"$249,900","22 PHEASANT LN , TEMPLETON, MA 01468"
"$215,000","764 BARRE RD , TEMPLETON, MA 01468"
$78K,"48 N MAIN ST , TEMPLETON, MA 01468"
"$110,000","52 BRIDGE ST , TEMPLETON, MA 01468"
"$29,900","0 Pail Factory Rd , Templeton, MA 01468"
"$160,000","15 CARRUTH RD , TEMPLETON, MA 01468"
"$149,900","2 N MAIN ST , TEMPLETON, MA 01468"
"$76,600","11 LEDGE ST , TEMPLETON, MA 01468"
"$49,900","33 LAKE AVE , TEMPLETON, MA 01468"
"$25,000","131 DUDLEY RD , TEMPLETON, MA 01468"
"$150,000","72 Main St , Templeton, MA 01468"
"$86,000","0 Brooks Rd , Templeton, MA 01468"
"$145,000","0 King Phillip Trl Lot 3, Templeton, MA 01468"
$79K,"382 BALDWINVILLE RD , TEMPLETON, MA 01468"
"$360,000","6 S Main St , Templeton, MA 01468"
"$429,900","0 Baldwinville Rd , Templeton, MA 01468"
"$320,000","519 SOUTH RD , TEMPLETON, MA 01468"
