"$589,999","225 Sunset Ln , Lunenburg, MA 01462"
"$549,900","29 FIRE ROAD 10 , LUNENBURG, MA 01462"
"$189,900","914 FLAT HILL RD , LUNENBURG, MA 01462"
"$149,900","71 HIGHLAND ST , LUNENBURG, MA 01462"
"$242,000","347 WHALOM RD , LUNENBURG, MA 01462"
"$79,900","165 Summer St Apt 10A, Lunenburg, MA 01462"
"$210,000","498 HOWARD ST , LUNENBURG, MA 01462"
"$387,500","335 HIGHLAND ST , LUNENBURG, MA 01462"
"$429,900","144 ROBBS HILL RD , LUNENBURG, MA 01462"
"$220,000","235 WHALOM RD , LUNENBURG, MA 01462"
"$319,900","126 Rolling Acres Rd , Lunenburg, MA 01462"
"$659,900","47 EASTER BROOK RD , LUNENBURG, MA 01462"
"$269,900","11 PENINSULA DR , LUNENBURG, MA 01462"
"$359,900","811 CHASE RD , LUNENBURG, MA 01462"
"$449,900","700 GOODRICH ST , LUNENBURG, MA 01462"
"$462,900","28 Goodrich St , Lunenburg, MA 01462"
"$1,125,000","410 LANCASTER AVE , LUNENBURG, MA 01462"
"$699,900","487 HOLMAN ST , LUNENBURG, MA 01462"
"$520,000","419 LANCASTER AVE , LUNENBURG, MA 01462"
"$479,999","3 ALDER WAY , LUNENBURG, MA 01462"
"$429,000","813 CHASE RD , LUNENBURG, MA 01462"
$141K,"68 JOHN ST , LUNENBURG, MA 01462"
"$249,900","210 CHASE RD , LUNENBURG, MA 01462"
"$429,000","809 CHASE RD , LUNENBURG, MA 01462"
"$99,000","1790 Mass Ave Lot T, Lunenburg, MA 01462"
