"$254,900","20 WESTCHESTER DR , LITTLETON, MA 01460"
"$519,900","49 BULKELEY RD , LITTLETON, MA 01460"
"$549,900","18 WASHINGTON DR , LITTLETON, MA 01460"
"$499,900","4 SILVER BIRCH LN , LITTLETON, MA 01460"
"$575,000","8 ERNIES DR , LITTLETON, MA 01460"
"$450,000","133 MILL RD , LITTLETON, MA 01460"
"$325,000","12 BEAVER BROOK RD , LITTLETON, MA 01460"
"$549,800","32 Boxwood Dr # 52, Littleton, MA 01460"
"$474,900","2 CRICKET LN , LITTLETON, MA 01460"
$412K,"17 NASHOBA RD , LITTLETON, MA 01460"
"$418,000","4B Charles Ridge Rd # B, Littleton, MA 01460"
"$250,000","120 GOLDSMITH ST # 1, LITTLETON, MA 01460"
"$535,000","36 DAHLIA DR , LITTLETON, MA 01460"
"$849,000","12 Chestnut Ln , Littleton, MA 01460"
"$865,900","0 Spruce St Lot 15, Littleton, MA 01460"
"$735,000","135 FOSTER ST , LITTLETON, MA 01460"
"$684,900","22 Edward Dr , Littleton, MA 01460"
"$675,000","2 Vint Ln , Littleton, MA 01460"
"$689,900","26 Edward Dr , Littleton, MA 01460"
"$250,000","120 Goldsmith St Unit 11, Littleton, MA 01460"
"$995,000","20 MEETINGHOUSE RD , LITTLETON, MA 01460"
"$874,800","19 Crestview Rd Lot 2, Littleton, MA 01460"
"$10,000","0 Norfolk Dr , Littleton, MA 01460"
"$835,000","1A Whitcomb Ave , Littleton, MA 01460"
"$1,000,000","25 ROBINSON RD , LITTLETON, MA 01460"
