"$131,000","215 MAIN ST , TOWNSEND, MA 01469"
"$289,000","76 MAPLEWOOD DR , TOWNSEND, MA 01469"
"$179,900","11 OLD MEETINGHOUSE RD , TOWNSEND, MA 01469"
"$285,000","5 CAPRICORN LN , TOWNSEND, MA 01469"
"$270,000","280 MAIN ST , TOWNSEND, MA 01469"
"$219,000","187 N END RD , TOWNSEND, MA 01469"
"$325,000","163 BARKER HILL RD , TOWNSEND, MA 01469"
"$237,500","37 MAPLEWOOD DR , TOWNSEND, MA 01469"
$183K,"266 WALLACE HILL RD , TOWNSEND, MA 01469"
"$1,490,000","1 JOHN BIRCH MEMORIAL DR , TOWNSEND, MA 01469"
"$130,000","153 WALLACE HILL RD , TOWNSEND, MA 01469"
$213K,"54 BARKER HILL RD , TOWNSEND, MA 01469"
"$391,000","69 FITCHBURG RD , TOWNSEND, MA 01469"
"$439,000"," Lois Ln Lot 37, Townsend, MA 01469"
