"$399,000","15 4TH ST , WINCHENDON, MA 01475"
"$90,000","93 WOODLAWN ST , WINCHENDON, MA 01475"
"$350,000","6 ISLAND RD , WINCHENDON, MA 01475"
"$199,900","83 PEARL ST , WINCHENDON, MA 01475"
"$165,900","81 Peggi Ln , Winchendon, MA 01475"
"$35,000","16 WINTER PL , WINCHENDON, MA 01475"
"$279,900","46 MONOMONAC RD E , WINCHENDON, MA 01475"
"$369,000","5 LOON RD , WINCHENDON, MA 01475"
"$189,900","99 WOODLAWN ST , WINCHENDON, MA 01475"
"$74,900","435 BEACHVIEW DR , WINCHENDON, MA 01475"
"$319,900","39 BALDWINVILLE RD , WINCHENDON, MA 01475"
$111K,"67 GROVE ST , WINCHENDON, MA 01475"
"$369,000","350 BENJAMIN ST , WINCHENDON, MA 01475"
"$180,000","314 SCHOOL ST , WINCHENDON, MA 01475"
"$149,000","433 CENTRAL ST , WINCHENDON, MA 01475"
"$799,000","224 GLENALLEN ST , WINCHENDON, MA 01475"
"$170,000","62 HILL ST , WINCHENDON, MA 01475"
"$98,500","8 Congress Rd , Winchendon, MA 01475"
"$130,000","3 Crescent Rd # DOUBLE-WID, Winchendon, MA 01475"
"$314,900","330 MAPLE ST , WINCHENDON, MA 01475"
"$197,900","41 Peggi Ln , Winchendon, MA 01475"
"$169,900","394 FRONT ST , WINCHENDON, MA 01475"
"$127,000","1 Cabot Rd , Winchendon, MA 01475"
"$258,000","210 BALDWINVILLE RD , WINCHENDON, MA 01475"
"$159,500","41 Beech St # 43, Winchendon, MA 01475"
