"$179,900","11 W MAIN ST , WESTMINSTER, MA 01473"
"$309,900","34 COLONY RD , WESTMINSTER, MA 01473"
"$174,900","25 FRED SMITH RD , WESTMINSTER, MA 01473"
"$499,900","240 MINOTT RD , WESTMINSTER, MA 01473"
"$299,900","90 MINOTT RD , WESTMINSTER, MA 01473"
"$83,200","241 ELLIS RD , WESTMINSTER, MA 01473"
"$359,900","6 PARK ST , WESTMINSTER, MA 01473"
"$259,900","112 SHADY AVE , WESTMINSTER, MA 01473"
"$344,500","62 WILLARD RD , WESTMINSTER, MA 01473"
"$915,000","75 W PRINCETON RD , WESTMINSTER, MA 01473"
"$224,999","65 STATE RD W , WESTMINSTER, MA 01473"
"$429,900","30 SOUTH ST , WESTMINSTER, MA 01473"
"$375,000","58 Lb2 Carter Rd , Westminster, MA 01473"
"$499,000","138 EAST RD , WESTMINSTER, MA 01473"
"$88,000","141 N Common Rd , Westminster, MA 01473"
"$299,970","59 LAKE DR E , WESTMINSTER, MA 01473"
"$498,000","21 HARRINGTON RD , WESTMINSTER, MA 01473"
"$380,000","15 SHADY AVE , WESTMINSTER, MA 01473"
"$279,900","126 N Common Rd , Westminster, MA 01473"
"$299,900","66 MINOTT RD , WESTMINSTER, MA 01473"
"$465,000","71B N Common Rd , Westminster, MA 01473"
"$350,000","71A N Common Rd , Westminster, MA 01473"
"$85,000","290 Minott Rd , Westminster, MA 01473"
