"$599,900","26 Louis W Farley Dr , Framingham, MA 01702"
"$319,900","463 Hollis St , Framingham, MA 01702"
"$530,000","145 Maple St , Framingham, MA 01702"
"$579,000","7 HICKORY HILL LN , FRAMINGHAM, MA 01702"
"$415,000","23 Bare Hill Rd , Framingham, MA 01702"
"$349,900","325 GRANT ST , FRAMINGHAM, MA 01702"
"$90,000","126 Beaver St Apt 71, Framingham, MA 01702"
"$359,000","46 Curtis Rd , Framingham, MA 01702"
"$244,897","50 Prescott St # 50, Framingham, MA 01702"
"$299,000","858 Waverly St , Framingham, MA 01702"
"$459,900","10 Leslie Rd , Framingham, MA 01702"
"$248,800","31 Larrabee Ave , Framingham, MA 01702"
"$350,000","4 Marian Rd # B, Framingham, MA 01702"
"$349,900","32 Bridges St , Framingham, MA 01702"
"$390,000","19 Trafton Rd , Framingham, MA 01702"
"$409,900","59 Waushakum St # 61, Framingham, MA 01702"
"$359,500","597 Hollis St , Framingham, MA 01702"
"$339,575","15 Foss Rd , Framingham, MA 01702"
"$185,000","26 Willis St Apt 16, Framingham, MA 01702"
"$135,000","26 Willis St Apt 7, Framingham, MA 01702"
"$389,900","139 Winter St Apt 5, Framingham, MA 01702"
"$144,800","17 Weld St Apt 33, Framingham, MA 01702"
"$1,088,000","781 Salem End Rd , Framingham, MA 01702"
"$599,000","357 Hollis St , Framingham, MA 01702"
"$555,000","38 Guild Rd , Framingham, MA 01702"
