"$519,000","18 Tower St # 18, Framingham, MA 01701"
"$320,000","120 Potter Rd , Framingham, MA 01701"
"$1,099,000","660 Grove St , Framingham, MA 01701"
"$374,900","6 August Dr , Framingham, MA 01701"
"$762,900+","1-5 Royal Meadow Ln # MBZRD6, Framingham, MA 01701"
"$689,900+","1-5 Royal Meadow Ln # 1G3NCS, Framingham, MA 01701"
"$664,900+","1-5 Royal Meadow Ln # RI0X1F, Framingham, MA 01701"
"$550,000","147 Maynard Rd , Framingham, MA 01701"
"$384,900","14 Leonard Rd , Framingham, MA 01701"
"$649,900","169 Pleasant St , Framingham, MA 01701"
"$425,900","4 Clara Rd , Framingham, MA 01701"
"$475,000","14 Nixon Rd , Framingham, MA 01701"
"$349,900","8 Lilian Road Ext , Framingham, MA 01701"
"$995,000","3 NIXON RD , FRAMINGHAM, MA 01701"
"$429,900","11 Brookfield Cir , Framingham, MA 01701"
"$550,000","21 Water St # 21, Framingham, MA 01701"
$313K,"20 Oakcrest Dr , Framingham, MA 01701"
"$442,000","5 CAVATORTA DR , FRAMINGHAM, MA 01701"
"$775,000","61 Carter Dr , Framingham, MA 01701"
"$919,000","65 Nixon Rd , Framingham, MA 01701"
"$227,000","1321 Worcester Rd Apt 506, Framingham, MA 01701"
"$375,000","16 Sandra Dr , Framingham, MA 01701"
"$975,000","7 Woodstock Dr , Framingham, MA 01701"
