"$369,975","526 TUMBLING HAWK , ACTON, MA 01718"
"$239,000","151 Butternut Holw # 151, Acton, MA 01718"
"$140,000","388B Great Rd Apt 21, Acton, MA 01720"
"$169,000","384B Great Rd Apt 202, Acton, MA 01720"
"$549,800","32 Boxwood Dr # 52, Littleton, MA 01460"
"$149,000","428 GREAT RD APT 5, ACTON, MA 01720"
"$475,000","12 Quail Run # 12, Acton, MA 01720"
"$848,000","809 OLD STONE BRK , ACTON, MA 01720"
"$895,000","16 Walnut St # 16, Acton, MA 01720"
$412K,"17 NASHOBA RD , LITTLETON, MA 01460"
