"$749,000","259 Picnic St , Boxboro, MA 01719"
"$119,000","101 Swanson Rd Apt 115, Boxboro, MA 01719"
"$129,900","32 Spencer Rd Apt 16M, Boxboro, MA 01719"
"$129,900","32 Spencer Rd Apt 14M, Boxboro, MA 01719"
"$739,900","62 Schoolhouse Ln , Boxboro, MA 01719"
"$519,000","215 Middle Rd , Boxboro, MA 01719"
"$1,995,000","310 Flagg Hill Rd , Boxboro, MA 01719"
"$695,000","674 Massachusetts Ave , Boxboro, MA 01719"
"$75,000","126 Massachusetts Ave , Boxborough, MA 01719"
"$1,049,000"," Taylor Farm Rd Lot 9, Boxborough, MA 01719"
"$550,000","1178 Hill Rd , Boxboro, MA 01719"
