"$274,900","151 Leland Farm Rd # 151, Ashland, MA 01721"
"$447,900","337 Cedar St , Ashland, MA 01721"
"$499,900","89 Warren Rd , Ashland, MA 01721"
"$589,000","2 New Castle Rd , Ashland, MA 01721"
"$300,000","216 Prospect St , Ashland, MA 01721"
"$299,900","228 Pond St , Ashland, MA 01721"
"$345,000","60 W Union St , Ashland, MA 01721"
"$459,900","22 Carl Ghilani Cir , Ashland, MA 01721"
"$389,900","212 Algonquin Trl # 212, Ashland, MA 01721"
"$459,900","19 PLEASANT ST , ASHLAND, MA 01721"
"$399,500","170-A Algonquin Trl # 170A, Ashland, MA 01721"
"$224,900","10 Nash Ave , Ashland, MA 01721"
"$520,000+","5 Fern Xing # LTKRZL, Ashland, MA 01721"
"$265,000","46 Mountain Gate Rd # 46, Ashland, MA 01721"
"$475,000+","5 Fern Xing # 756HRJ, Ashland, MA 01721"
"$414,900","237 America Blvd # 237, Ashland, MA 01721"
"$579,900","9 Strobus Ln , Ashland, MA 01721"
"$284,900","282 Trailside Way , Ashland, MA 01721"
"$469,900","41 Shadow Creek Ln # 17, Ashland, MA 01721"
"$529,900","101 Braeburn Ln # 101, Ashland, MA 01721"
"$585,000","20 HIGH STREET EXT , ASHLAND, MA 01721"
"$455,000","27 Shadow Creek Ln # 12, Ashland, MA 01721"
$506K,"39 Grover Rd , Ashland, MA 01721"
"$699,900","9 New Castle Rd , Ashland, MA 01721"
