"$695,000","23 DEACON HUNT DR , ACTON, MA 01720"
"$489,900","507 MAIN ST , ACTON, MA 01720"
"$567,000","16 AGAWAM RD , ACTON, MA 01720"
"$749,000","211 POPE RD , ACTON, MA 01720"
"$424,900","410 CENTRAL ST , ACTON, MA 01720"
"$169,000","384B Great Rd Apt 202, Acton, MA 01720"
"$499,900","56 MOHAWK DR , ACTON, MA 01720"
"$789,000","70 QUARRY RD , ACTON, MA 01720"
"$140,000","388B Great Rd Apt 21, Acton, MA 01720"
"$749,000","53 LEXINGTON DR , ACTON, MA 01720"
"$569,000","6 BAXTER RD , ACTON, MA 01720"
"$729,000","21 GRIST MILL RD , ACTON, MA 01720"
"$739,900","142 DAVIS RD , ACTON, MA 01720"
"$1,089,000","13 JACKSON DR , ACTON, MA 01720"
"$1,148,000","11 MONROE DR , ACTON, MA 01720"
"$714,900","3 DOWNEY RD , ACTON, MA 01720"
"$778,800","477 MASSACHUSETTS AVE , ACTON, MA 01720"
"$1,149,999","5 STONEYMEADE WAY , ACTON, MA 01720"
"$650,000","49 NEWTOWN RD , ACTON, MA 01720"
"$649,900","6 ROSE CT , ACTON, MA 01720"
"$848,000","809 OLD STONE BRK , ACTON, MA 01720"
"$775,000","5 Longmeadow Way # 5, Acton, MA 01720"
"$149,000","428 GREAT RD APT 5, ACTON, MA 01720"
"$585,000","139 PROSPECT ST APT 7, ACTON, MA 01720"
"$799,900","62 HARRIS ST , ACTON, MA 01720"
