"$828,000","110 OLD BURLINGTON RD , BEDFORD, MA 01730"
"$900,000","33 HAYDEN LN , BEDFORD, MA 01730"
"$290,000","38 Roberts Dr # 38, Bedford, MA 01730"
"$285,000","82 Roberts Dr # 82, Bedford, MA 01730"
"$829,000","16 REED LN , BEDFORD, MA 01730"
"$598,500","3 NOTRE DAME RD , BEDFORD, MA 01730"
"$1,575,000","8 CEDAR RIDGE DR , BEDFORD, MA 01730"
"$1,029,000","6 FOX RUN RD , BEDFORD, MA 01730"
"$1,149,900","36 GLENRIDGE DR , BEDFORD, MA 01730"
"$659,000","25 Pickman Dr # 25, Bedford, MA 01730"
"$538,000","389 CONCORD RD , BEDFORD, MA 01730"
"$320,000","32 Roberts Dr # 32, Bedford, MA 01730"
"$1,799,000","38 ROBINSON DR , BEDFORD, MA 01730"
"$1,699,000","112 NORTH RD , BEDFORD, MA 01730"
"$1,359,000","5 Hosmer Way , Bedford, MA 01730"
"$1,469,000","3 Willow Ln , Bedford, MA 01730"
"$499,900","28 Lewis Rd # 9, Bedford, MA 01730"
"$449,900","37 Pine Hill Rd # 7, Bedford, MA 01730"
"$469,900","23 Lewis Rd # 12, Bedford, MA 01730"
