"$1,775,000","119 Crescent Rd , Concord, MA 01742"
"$695,000","22 Fern St , Concord, MA 01742"
"$849,000","397 Hayward Mill Rd , Concord, MA 01742"
"$2,849,000","52 Simon Willard Rd , Concord, MA 01742"
"$4,280,000","680 Strawberry Hill Rd , Concord, MA 01742"
"$1,139,900+","39 Black Birch Ln # 2491RQ, Concord, MA 01742"
"$1,150,000","27 Potter St , Concord, MA 01742"
"$1,139,900+","39 Black Birch Ln # 84Q8HO, Concord, MA 01742"
"$1,329,900+","39 Black Birch Ln # YL0DR6, Concord, MA 01742"
"$1,295,000","70 7 Star Ln , Concord, MA 01742"
"$818,000","223 Border Rd , Concord, MA 01742"
"$889,000","325 Old Marlboro Rd , Concord, MA 01742"
"$869,900","110 Black Horse Pl # 19, Concord, MA 01742"
"$785,000","150 Hunters Ridge Rd , Concord, MA 01742"
"$1,950,000","210 Stone Root Ln , Concord, MA 01742"
"$1,599,000","43 Wright Rd , Concord, MA 01742"
"$1,329,900+","39 Black Birch Ln # EVZ1MV, Concord, MA 01742"
"$729,000","4 Greenfield Ln # 4, Concord, MA 01742"
"$1,549,000","357 Caterina Hts , Concord, MA 01742"
"$879,000","211 Southfield Rd , Concord, MA 01742"
"$1,425,000","50 Barnes Hill Rd , Concord, MA 01742"
"$1,339,000","909 Lowell Rd , Concord, MA 01742"
"$1,139,000","21 Sweet Birch Ln # 21, Concord, MA 01742"
"$1,325,000","154 Crescent Rd , Concord, MA 01742"
"$849,000","25 Spencer Brook Rd , Concord, MA 01742"
