"$399,000","92 FORT MEADOW DR , HUDSON, MA 01749"
"$299,900","11 HUNTER AVE , HUDSON, MA 01749"
"$549,900","53 FORT MEADOW DR , HUDSON, MA 01749"
"$409,900","73 BRIGHAM ST , HUDSON, MA 01749"
"$309,900","277 CENTRAL ST , HUDSON, MA 01749"
"$219,900","425 MAIN ST UNIT 10D, HUDSON, MA 01749"
"$595,900","38 Hummock Way # 38, Hudson, MA 01749"
"$449,900","111 BRIGHAM ST UNIT 6C, HUDSON, MA 01749"
"$249,000","250 MAIN ST UNIT 216, HUDSON, MA 01749"
"$375,000","12 DAVIS RD , HUDSON, MA 01749"
"$389,900","10 CHAMPLAIN DR , HUDSON, MA 01749"
"$314,900","595 MAIN ST , HUDSON, MA 01749"
"$338,500","14 Knotts St # 14, Hudson, MA 01749"
"$699,900","13 EXETER RD , HUDSON, MA 01749"
"$699,000","17 EXETER RD , HUDSON, MA 01749"
"$199,900","00 Coolidge St , Hudson, MA 01749"
"$309,000","111 BRIGHAM ST UNIT 18C, HUDSON, MA 01749"
"$309,900","111 BRIGHAM ST UNIT 14B, HUDSON, MA 01749"
"$499,500","12 Deer Path # 12, Hudson, MA 01749"
"$529,900","404 RIVER RD , HUDSON, MA 01749"
"$179,999","54 MURPHY RD , HUDSON, MA 01749"
"$165,000","21 LAKESIDE AVE , HUDSON, MA 01749"
"$309,900","278 MANNING ST UNIT 1001, HUDSON, MA 01749"
