"$659,900","50 JUNIPER RD , HOLLISTON, MA 01746"
"$409,900","63 BAKER ST , HOLLISTON, MA 01746"
"$429,900","102 HIGH ST , HOLLISTON, MA 01746"
"$342,900","120 UNION ST , HOLLISTON, MA 01746"
"$149,000","49 WINDSOR DR APT 208, HOLLISTON, MA 01746"
"$525,000","656 FISKE ST , HOLLISTON, MA 01746"
"$689,900","165 UNDERWOOD ST , HOLLISTON, MA 01746"
"$724,900","16 CONSTITUTION CIR , HOLLISTON, MA 01746"
"$569,900","191 HILL ST , HOLLISTON, MA 01746"
"$510,000+","415 Concord St # J3U27U, Holliston, MA 01746"
"$473,995+","415 Concord St # FD77Z, Holliston, MA 01746"
"$749,000","135 WILSON ST , HOLLISTON, MA 01746"
"$439,900","208 WASHINGTON ST , HOLLISTON, MA 01746"
"$579,000","83 ROBIN HILL RD , HOLLISTON, MA 01746"
"$1,299,900","16 KINGSBURY DR , HOLLISTON, MA 01746"
"$400,000","667 Highland St Lot A, Holliston, MA 01746"
"$740,000","18 NOEL DR , HOLLISTON, MA 01746"
"$875,000","63 MOHAWK PATH , HOLLISTON, MA 01746"
"$769,900","15 OLD SAWMILL RD , HOLLISTON, MA 01746"
"$699,900","25 WASHINGTON PATH , HOLLISTON, MA 01746"
"$469,000","45 SWEET GRASS LN , HOLLISTON, MA 01746"
"$700,000","36 PETER ST , HOLLISTON, MA 01746"
"$539,995+","1830 Washington St # Q33H0N, Holliston, MA 01746"
"$575,000","113 Cheryl Ln , Holliston, MA 01746"
"$929,000","775 CENTRAL ST , HOLLISTON, MA 01746"
