"$629,900","17 Walnut Dr , Southborough, MA 01745"
"$1,150,000","52 Oak Hill Rd , Southborough, MA 01745"
"$429,000","6 Fayville Ln # 12, Southborough, MA 01745"
"$675,000","6 VALLEY RD , SOUTHBOROUGH, MA 01772"
"$695,000","4 POWDERMILL LN , SOUTHBOROUGH, MA 01772"
"$699,900","197 CORDAVILLE RD , SOUTHBOROUGH, MA 01772"
"$865,000","42 E MAIN ST , SOUTHBOROUGH, MA 01772"
"$579,900","17 Oregon Rd # 4, Southborough, MA 01772"
"$935,000","14 Pine Hill Rd Lot 3B, Southborough, MA 01772"
"$629,000","22 OVERLOOK DR , SOUTHBOROUGH, MA 01772"
"$899,900","20 LATISQUAMA RD , SOUTHBOROUGH, MA 01772"
