"$759,900","8 HUCKLEBERRY RD , HOPKINTON, MA 01748"
"$1,350,000","5 GINA DR , HOPKINTON, MA 01748"
"$1,050,000","2 SINGLETARY WAY , HOPKINTON, MA 01748"
"$544,500","18 HIDDEN BRICK RD , HOPKINTON, MA 01748"
"$784,900","4 HEARTHSTONE RD , HOPKINTON, MA 01748"
"$699,995+","79 Spruce Street Gps: 88 East Main St # SQ5XKN, Hopkinton, MA 01748"
"$384,900","27 WALCOTT ST , HOPKINTON, MA 01748"
"$569,995+","79 Spruce Street Gps: 88 East Main St # JZ17FZ, Hopkinton, MA 01748"
"$580,995+","79 Spruce Street Gps: 88 East Main St # 1WVJ4K, Hopkinton, MA 01748"
"$517,905+","79 Spruce Street Gps: 88 East Main St # 91S5K, Hopkinton, MA 01748"
"$450,000","292 HAYDEN ROWE ST , HOPKINTON, MA 01748"
"$519,900","65 W ELM ST , HOPKINTON, MA 01748"
"$625,000","2 FRONT ST , HOPKINTON, MA 01748"
"$1,375,000","16 CONNELLY HILL RD , HOPKINTON, MA 01748"
"$679,900","16 Ryegrass Cir # 16, Hopkinton, MA 01748"
"$529,000","30 Crispwater Way # 182, Hopkinton, MA 01748"
"$615,000","2 Ryegrass Cir # 2, Hopkinton, MA 01748"
"$250,000","10 PARKER POINT RD , HOPKINTON, MA 01748"
"$1,149,000","21 S Mill St , Hopkinton, MA 01748"
"$1,139,000","11 S Mill St , Hopkinton, MA 01748"
"$596,135","46 Spruce St # 174, Hopkinton, MA 01748"
"$609,995+","79 Spruce Street Gps: 88 East Main St # MM4KW9, Hopkinton, MA 01748"
"$489,900","158 ASH ST , HOPKINTON, MA 01748"
"$1,199,000","4 OVERLOOK RD , HOPKINTON, MA 01748"
"$555,900","4 LINCOLN ST , HOPKINTON, MA 01748"
