"$568,000","102 QUAKER LN , BOLTON, MA 01740"
"$359,900","145 WATTAQUADOCK HILL RD , BOLTON, MA 01740"
"$349,900","437 S BOLTON RD , BOLTON, MA 01740"
"$435,000","545 WATTAQUADOCK HILL RD , BOLTON, MA 01740"
"$399,900","98 VAUGHN HILL RD , BOLTON, MA 01740"
"$1,070,000","26 OAK TRL , BOLTON, MA 01740"
"$750,000","208 FOX RUN RD , BOLTON, MA 01740"
"$699,900","150 KETTLE HOLE RD , BOLTON, MA 01740"
"$699,900","110 KETTLE HOLE RD , BOLTON, MA 01740"
"$1,150,000","302 HARVARD RD , BOLTON, MA 01740"
"$865,000","146 Fox Run Rd # 0, Bolton, MA 01740"
"$1,047,000","73 MILL POND RD , BOLTON, MA 01740"
"$695,900","40 Old Stone Cir , Bolton, MA 01740"
"$679,900","8 MEADOW RD , BOLTON, MA 01740"
"$790,000","20 FIELD STONE WAY , BOLTON, MA 01740"
"$949,000","44 WILDER RD , BOLTON, MA 01740"
"$650,000","32 HARVARD RD , BOLTON, MA 01740"
"$724,900","466 S BOLTON RD , BOLTON, MA 01740"
"$739,900","208 BERLIN RD , BOLTON, MA 01740"
"$799,000","20 AUTUMN LN , BOLTON, MA 01740"
"$1,295,000","47 HUDSON RD , BOLTON, MA 01740"
"$775,000","52 GREEN RD , BOLTON, MA 01740"
"$629,000","374 HARVARD RD , BOLTON, MA 01740"
"$765,000","105 VAUGHN HILL RD , BOLTON, MA 01740"
"$475,000","232 HARVARD RD , BOLTON, MA 01740"
