"$784,900","637 WESTFORD ST , CARLISLE, MA 01741"
"$585,000","51 BINGHAM RD , CARLISLE, MA 01741"
"$629,900","224 WOODRIDGE RD , CARLISLE, MA 01741"
"$959,900","70 TOPHET RD , CARLISLE, MA 01741"
"$1,675,000","51 GREAT BROOK PATH , CARLISLE, MA 01741"
"$599,000","9 LOWELL ST , CARLISLE, MA 01741"
"$1,525,000","601 SCHOOL ST , CARLISLE, MA 01741"
"$1,425,000","85 HIGHWOODS LN , CARLISLE, MA 01741"
"$945,000","50 SCHOOL ST , CARLISLE, MA 01741"
"$799,900","75 WESTFORD ST , CARLISLE, MA 01741"
"$1,100,000","352 E RIDING DR , CARLISLE, MA 01741"
"$649,000","125 CRAIGIE CIR , CARLISLE, MA 01741"
"$929,900","81 Garrison Way # 14, Carlisle, MA 01741"
"$929,900","81 Garrison Way # 10, Carlisle, MA 01741"
"$1,145,000","85 TOPHET RD , CARLISLE, MA 01741"
"$1,400,000","1420 CURVE ST , CARLISLE, MA 01741"
"$1,248,000","92 KIMBALL RD , CARLISLE, MA 01741"
"$1,299,900","86 HARTWELL RD , CARLISLE, MA 01741"
"$959,900","3 Rutland St , Carlisle, MA 01741"
"$1,100,000","48 BINGHAM RD , CARLISLE, MA 01741"
"$1,399,900","81 GREYSTONE LN , CARLISLE, MA 01741"
"$769,900","189 FISKE ST , CARLISLE, MA 01741"
"$1,275,000","41 ICE POND RD , CARLISLE, MA 01741"
"$1,388,888","240 HANOVER RD , CARLISLE, MA 01741"
"$1,299,000","65 HICKORY LN , CARLISLE, MA 01741"
