"$400,000","44 MILFORD ST , MENDON, MA 01756"
"$659,900","5 DUDLEY RD , MENDON, MA 01756"
"$335,900","59 UXBRIDGE RD , MENDON, MA 01756"
"$265,900","5 TAFT AVE , MENDON, MA 01756"
"$349,900","106 Millville Rd , Mendon, MA 01756"
"$349,900","20 GEORGE ST , MENDON, MA 01756"
"$589,900"," Rawson Farm Rd Lot 4, Mendon, MA 01756"
"$599,900","2 THAYER RD , MENDON, MA 01756"
"$139,900","25 KINSLEY LN , MENDON, MA 01756"
"$647,098","1 QUISSETT RD , MENDON, MA 01756"
"$544,900","51 Jewell Xing , Mendon, MA 01756"
"$544,900","15 Pond St , Bellingham, MA 01756"
"$610,000","12 Pond St , Bellingham, MA 01756"
"$610,000"," Lot 0 Daniels , Mendon, MA 01756"
