"$359,900","41 THOMPSON ST , MAYNARD, MA 01754"
"$219,900","2 ELM ST , MAYNARD, MA 01754"
"$579,000","3 CARRIAGE LN , MAYNARD, MA 01754"
"$464,999","40 SUMMER HILL RD , MAYNARD, MA 01754"
"$415,000","36 GLENDALE ST , MAYNARD, MA 01754"
"$272,000","59 ACTON ST , MAYNARD, MA 01754"
$290K,"15 PARKER ST , MAYNARD, MA 01754"
"$315,000","3 Deer Path Apt 1, Maynard, MA 01754"
"$259,900","35 Glendale St # 35, Maynard, MA 01754"
"$310,000","6 GLENVIEW TER , MAYNARD, MA 01754"
"$414,900","46B Waltham St # 46B, Maynard, MA 01754"
"$459,000","16 DETTLING RD , MAYNARD, MA 01754"
"$424,900","173 Main St # 4, Maynard, MA 01754"
"$459,000","46A Waltham St # 46A, Maynard, MA 01754"
"$459,000","173 Main St # 3, Maynard, MA 01754"
"$459,000","5 HARRIMAN CT # B, MAYNARD, MA 01754"
"$459,000","173 Main St # 5, Maynard, MA 01754"
