"$254,900","40 PEARL ST , MILFORD, MA 01757"
"$319,900","2 Dewey Cir # 2, Milford, MA 01757"
"$275,000","48 E WALNUT ST , MILFORD, MA 01757"
"$344,900","7 FORDHAM DR , MILFORD, MA 01757"
"$625,000","77 CAMP ST , MILFORD, MA 01757"
"$274,900","83 PURCHASE ST , MILFORD, MA 01757"
"$250,000","78 HIGH ST , MILFORD, MA 01757"
"$429,000","1 JOAN CIR , MILFORD, MA 01757"
"$419,900","2 CAROLINE DR , MILFORD, MA 01757"
"$524,900","23 FIELD POND RD , MILFORD, MA 01757"
"$149,900","36 Howard St Lot 2, Milford, MA 01757"
"$544,900","22 FIELD POND RD , MILFORD, MA 01757"
"$419,900","84 W Street St , Milford, MA 01757"
"$419,900","84 WEST ST , MILFORD, MA 01757"
"$524,900","52 FIELD POND RD , MILFORD, MA 01757"
"$369,900","23 TAFT ST , MILFORD, MA 01757"
"$414,900","22 DEPOT ST , MILFORD, MA 01757"
"$524,900","52 Field Pond Rd Lot 28, Milford, MA 01757"
"$199,900","17 EMMONS ST , MILFORD, MA 01757"
"$299,900","40 PROSPECT ST , MILFORD, MA 01757"
"$549,900","155 BEAVER ST , MILFORD, MA 01757"
"$190,000","32 FOUNTAIN ST , MILFORD, MA 01757"
"$175,000","54 LAWRENCE ST , MILFORD, MA 01757"
"$535,000","9 ROLAND WAY , MILFORD, MA 01757"
"$279,900","4 WATERFALL LN , MILFORD, MA 01757"
