"$424,900","190 ELM ST , MARLBOROUGH, MA 01752"
"$599,900","221 STEARNS RD , MARLBOROUGH, MA 01752"
"$525,000","22 LAFAYETTE DR , MARLBOROUGH, MA 01752"
"$379,900","127 NAUGLER AVE , MARLBOROUGH, MA 01752"
"$485,000","56 DANJOU DR , MARLBOROUGH, MA 01752"
"$384,900","443 PLEASANT ST , MARLBOROUGH, MA 01752"
"$320,000","115 LINDA CIR , MARLBOROUGH, MA 01752"
"$479,900","77 STACEY RD , MARLBOROUGH, MA 01752"
"$350,000","23 HURLEY CIR , MARLBOROUGH, MA 01752"
"$259,900","10 AMES PL , MARLBOROUGH, MA 01752"
"$159,900","116 BOSTON POST RD E APT 101, MARLBOROUGH, MA 01752"
"$294,900","206 W Main St Unit D, Marlborough, MA 01752"
"$234,999","198 Elm St # 198, Marlborough, MA 01752"
"$175,000","688 BOSTON POST RD E APT 105, MARLBOROUGH, MA 01752"
"$175,000","688 BOSTON POST RD E APT 203, MARLBOROUGH, MA 01752"
"$302,000","38 MOUNT PLEASANT ST , MARLBOROUGH, MA 01752"
"$48,500","33 Eldorado Dr , Marlborough, MA 01752"
"$100,000","0 Robin Hill St , Marlborough, MA 01752"
"$678,900","281 STEARNS RD , MARLBOROUGH, MA 01752"
"$389,000","55 VIOLETWOOD CIR , MARLBOROUGH, MA 01752"
"$75,000","24 Kevork Ave , Marlborough, MA 01752"
"$135,000","33 Virginia Ave , Marlborough, MA 01752"
"$629,900","257 FOREST ST , MARLBOROUGH, MA 01752"
"$169,900","273 W MAIN ST APT A9, MARLBOROUGH, MA 01752"
"$389,900","119 MAPLEWOOD AVE , MARLBOROUGH, MA 01752"
