"$1,399,000","3 AZALEA CIR , NATICK, MA 01760"
"$424,900","245 SPEEN ST , NATICK, MA 01760"
"$1,050,000","1 Franconia Ave , Natick, MA 01760"
"$896,000","8 ALDEN ST , NATICK, MA 01760"
"$479,000","142 HOWE ST , NATICK, MA 01760"
"$815,000","10 FIELDSTONE LN , NATICK, MA 01760"
"$754,000","12 FOX HILL DR , NATICK, MA 01760"
"$479,900","78 WASHINGTON AVE , NATICK, MA 01760"
"$524,999","39 HARTFORD ST , NATICK, MA 01760"
"$699,999","17 EUCLID AVE , NATICK, MA 01760"
"$849,000","7 WORONOCO DR , NATICK, MA 01760"
"$689,500","58 N MAIN ST APT 405, NATICK, MA 01760"
"$530,000","5 ARLINGTON RD , NATICK, MA 01760"
"$519,000","175 UNION ST , NATICK, MA 01760"
"$859,900","10 MANOR AVE , NATICK, MA 01760"
"$759,000","43 WESTLAKE RD , NATICK, MA 01760"
"$1,100,000","7 Parsons Way # 0, Natick, MA 01760"
"$219,900","48 SILVER HILL LN APT 17, NATICK, MA 01760"
"$749,000","0 Sypress Rd , Natick, MA 01760"
"$859,999","18 RICHMOND RD , NATICK, MA 01760"
"$509,900","19 Oak Hill Rd , Natick, MA 01760"
"$100,000","184 N MAIN ST , NATICK, MA 01760"
"$719,900","9 OAK KNOLL RD , NATICK, MA 01760"
"$879,000","13 FIELDSTONE LN , NATICK, MA 01760"
"$879,900","10 CARLSON CIR , NATICK, MA 01760"
