"$1,825,000","20 LEWIS PATH , WAYLAND, MA 01778"
"$489,000","21 BAYFIELD RD , WAYLAND, MA 01778"
"$550,000","15 KEITH RD , WAYLAND, MA 01778"
"$915,000","1 KNOLLWOOD LN , WAYLAND, MA 01778"
"$624,900","3 TIMBER LN , WAYLAND, MA 01778"
"$725,000","9 BROOKS RD , WAYLAND, MA 01778"
"$519,900","10 SUNSET RD , WAYLAND, MA 01778"
"$799,900","7 GRIFFIN CIR , WAYLAND, MA 01778"
"$850,000","23 CAMPBELL RD , WAYLAND, MA 01778"
"$150,000","265 CONCORD RD , WAYLAND, MA 01778"
"$989,000","9 HICKORY HILL RD , WAYLAND, MA 01778"
"$600,000","146 Concord Rd , Wayland, MA 01778"
"$2,199,000","14 HIDDEN SPRINGS LN , WAYLAND, MA 01778"
"$1,150,000","15 TRAINING FIELD RD , WAYLAND, MA 01778"
"$767,000","21 ALDEN RD , WAYLAND, MA 01778"
"$488,000","8 HAVEN LN , WAYLAND, MA 01778"
"$2,380,000","87 Lincoln Rd , Wayland, MA 01778"
"$2,350,000","180 OXBOW RD , WAYLAND, MA 01778"
"$670,000","37 AQUEDUCT RD , WAYLAND, MA 01778"
"$2,225,000","4 SADDLE LN , WAYLAND, MA 01778"
"$869,000","10 HICKORY HILL RD , WAYLAND, MA 01778"
"$575,000","107 Willow Brook Dr # 107, Wayland, MA 01778"
"$1,025,000","88 HIGHLAND CIR , WAYLAND, MA 01778"
"$575,000","45 W Plain St # 1, Wayland, MA 01778"
"$1,499,000","4 YEAGER WAY , WAYLAND, MA 01778"
