"$1,225,000","202 CONCORD RD , LINCOLN, MA 01773"
"$1,095,000","62 BEAVER POND RD , LINCOLN, MA 01773"
"$1,495,000","75 WESTON RD , LINCOLN, MA 01773"
"$2,495,000","27 TABOR HILL RD , LINCOLN, MA 01773"
"$419,000","82 VIRGINIA RD UNIT 411, LINCOLN, MA 01773"
"$1,650,000","37 BEDFORD RD , LINCOLN, MA 01773"
"$2,495,000","19 BEDFORD RD , LINCOLN, MA 01773"
"$1,590,000","84 DAVISON DR , LINCOLN, MA 01773"
"$819,000","270 LINCOLN RD , LINCOLN, MA 01773"
"$834,900","9 HIDDENWOOD PATH , LINCOLN, MA 01773"
"$3,950,000","33 TABOR HILL RD , LINCOLN, MA 01773"
"$1,845,000","5 SANDY POND RD , LINCOLN, MA 01773"
"$695,000","233 Concord Rd , Lincoln, MA 01773"
"$3,199,000","22 WARBLER SPRINGS RD , LINCOLN, MA 01773"
"$1,450,000","11 WOODCOCK LN , LINCOLN, MA 01773"
"$1,679,000","38 ROUND HILL RD , LINCOLN, MA 01773"
"$2,925,000","16 STRATFORD WAY , LINCOLN, MA 01773"
"$2,350,000","203 SANDY POND RD , LINCOLN, MA 01773"
"$1,685,000","94 MILL ST , LINCOLN, MA 01773"
"$2,990,000","8 REILING POND RD , LINCOLN, MA 01773"
"$899,000","136 WESTON RD , LINCOLN, MA 01773"
"$3,890,000","0 Old County Rd , Lincoln, MA 01773"
"$1,049,900","136 & 132 Weston Rd , Lincoln, MA 01773"
