"$1,395,000","1 KENNEDY LN , SOUTHBOROUGH, MA 01772"
"$880,000","1 METACOMET LN , SOUTHBOROUGH, MA 01772"
"$599,900","134 MIDDLE RD , SOUTHBOROUGH, MA 01772"
"$699,000","7 CANDLEWOOD LN , SOUTHBOROUGH, MA 01772"
"$569,900","13 WARD RD , SOUTHBOROUGH, MA 01772"
"$675,000","6 VALLEY RD , SOUTHBOROUGH, MA 01772"
"$1,450,000","2 NIPMUC LN , SOUTHBOROUGH, MA 01772"
"$695,000","4 POWDERMILL LN , SOUTHBOROUGH, MA 01772"
"$1,198,800","2 WOLFPEN LN , SOUTHBOROUGH, MA 01772"
"$899,900","20 LATISQUAMA RD , SOUTHBOROUGH, MA 01772"
"$1,079,900+","136 Middle Rd # 57CWKH, Southborough, MA 01772"
"$699,900","197 CORDAVILLE RD , SOUTHBOROUGH, MA 01772"
"$339,900","18 VALLEY RD , SOUTHBOROUGH, MA 01772"
"$849,900","8 HIGHLAND ST , SOUTHBOROUGH, MA 01772"
"$299,900","179 CORDAVILLE RD , SOUTHBOROUGH, MA 01772"
"$629,000","22 OVERLOOK DR , SOUTHBOROUGH, MA 01772"
"$1,140,000+","136 Middle Rd # H6DAW6, Southborough, MA 01772"
"$865,000","42 E MAIN ST , SOUTHBOROUGH, MA 01772"
"$4,250,000","3 GLENWOOD RD , SOUTHBOROUGH, MA 01772"
"$849,000","19 HIGH ST , SOUTHBOROUGH, MA 01772"
"$579,900","3 Stonebrook Ct # 2, Southborough, MA 01772"
"$940,000","2 JACOBS LN , SOUTHBOROUGH, MA 01772"
"$405,000","15 Wildwood Dr # 15, Southborough, MA 01772"
"$699,900","25 E MAIN ST , SOUTHBOROUGH, MA 01772"
"$959,900","1 KIDDER LN , SOUTHBOROUGH, MA 01772"
