"$949,000","65 IVY LN , SHERBORN, MA 01770"
"$949,000","86 HUNTING LN , SHERBORN, MA 01770"
"$1,098,000","51 BOGASTOW BROOK RD , SHERBORN, MA 01770"
"$720,000","53 ELIOT ST , SHERBORN, MA 01770"
"$785,000","123 N MAIN ST , SHERBORN, MA 01770"
"$918,000","24 IVY LN , SHERBORN, MA 01770"
"$899,900","5 SPEEN ST , SHERBORN, MA 01770"
"$865,000","39 GREEN LN , SHERBORN, MA 01770"
"$849,000","22 WOOD RD , SHERBORN, MA 01770"
"$750,000","52 GREEN LN , SHERBORN, MA 01770"
"$840,000","55 PAGE FARM RD , SHERBORN, MA 01770"
"$799,000","111 GOULDING ST W , SHERBORN, MA 01770"
"$985,000","91 N MAIN ST , SHERBORN, MA 01770"
"$875,000","30 ASH LN , SHERBORN, MA 01770"
"$949,000","34 MCGREGOR DR , SHERBORN, MA 01770"
"$1,499,999","2 KNOLLCREST FARM LN , SHERBORN, MA 01770"
"$835,000","84 ELIOT ST , SHERBORN, MA 01770"
"$1,065,000","21 GREENWOOD ST , SHERBORN, MA 01770"
"$1,895,000","116 FARM RD , SHERBORN, MA 01770"
"$2,300,000","89 WOODLAND ST , SHERBORN, MA 01770"
"$1,395,000","200 LAKE ST , SHERBORN, MA 01770"
"$1,995,000","127 FARM RD , SHERBORN, MA 01770"
"$2,095,000","92 HOLLIS ST , SHERBORN, MA 01770"
"$879,000","38 PAGE FARM RD , SHERBORN, MA 01770"
"$1,499,000","56 S MAIN ST , SHERBORN, MA 01770"
