"$1,050,000","67 WITHERELL DR , SUDBURY, MA 01776"
"$559,900","18 STONEBROOK RD , SUDBURY, MA 01776"
"$875,000","41 FORD RD , SUDBURY, MA 01776"
"$499,000","5 LONGFELLOW RD , SUDBURY, MA 01776"
"$1,599,000","81 CUDWORTH LN , SUDBURY, MA 01776"
"$1,195,000","120 RUDDOCK RD , SUDBURY, MA 01776"
"$875,000","7 HAMMOND CIR , SUDBURY, MA 01776"
"$1,599,000","43 MEACHEN LN , SUDBURY, MA 01776"
"$789,900","79 BENT RD , SUDBURY, MA 01776"
"$3,495,000","193 DUTTON RD , SUDBURY, MA 01776"
"$742,000","4 RAYNOR RD , SUDBURY, MA 01776"
"$2,195,000","86 KATO DR , SUDBURY, MA 01776"
"$599,900","54 BLACKMER RD , SUDBURY, MA 01776"
"$822,485","9 Farmstead Ln # 14, Sudbury, MA 01776"
"$402,995","22 Farmstead Ln # 307, Sudbury, MA 01776"
"$2,399,000","59 WIDOW RITES LN , SUDBURY, MA 01776"
"$880,000","931 CONCORD RD , SUDBURY, MA 01776"
"$655,000","50 MAYNARD RD , SUDBURY, MA 01776"
"$985,000","128 LINCOLN RD , SUDBURY, MA 01776"
"$869,000","225 WILLIS RD , SUDBURY, MA 01776"
"$1,149,000","789 BOSTON POST RD , SUDBURY, MA 01776"
"$1,000,000","179 MOSSMAN RD , SUDBURY, MA 01776"
"$869,000","18 SUFFOLK RD , SUDBURY, MA 01776"
"$629,000","204 HAYNES RD , SUDBURY, MA 01776"
"$700,000","67 DAKIN RD , SUDBURY, MA 01776"
