"$415,000","198 Boxborough Rd , Stow, MA 01775"
"$650,000","76 TREATY ELM LN , STOW, MA 01775"
"$479,500","53 CRESCENT ST , STOW, MA 01775"
"$449,000","93 RED ACRE RD , STOW, MA 01775"
"$191,900","16 HASTINGS ST , STOW, MA 01775"
"$649,000","51 HARVARD RD , STOW, MA 01775"
"$503,995+","242 Boxboro Rd # IR5E34, Stow, MA 01775"
"$385,000","170 N SHORE DR , STOW, MA 01775"
"$595,500","115 W ACTON RD , STOW, MA 01775"
"$439,900","10 PINE POINT RD , STOW, MA 01775"
"$425,000","36 Cortland Dr # 36, Stow, MA 01775"
"$749,900","577 GREAT RD , STOW, MA 01775"
"$689,000","27 WHITNEY RD , STOW, MA 01775"
"$550,000","416 TAYLOR RD , STOW, MA 01775"
"$628,995+","242 Boxboro Rd # KT6FMU, Stow, MA 01775"
"$425,000","473 Gleasondale Rd # 475, Stow, MA 01775"
"$849,000","16 BARTON RD , STOW, MA 01775"
"$799,900","76 DUNSTER DR , STOW, MA 01775"
"$649,900","116 S ACTON RD , STOW, MA 01775"
"$969,000","158 WALCOTT ST , STOW, MA 01775"
"$899,900","10 WHITNEY RD , STOW, MA 01775"
"$602,145","45 ORCHARD DR , STOW, MA 01775"
"$759,000","59 Ridgewood Dr , Stow, MA 01775"
"$545,645","40 BRADLEY LN , STOW, MA 01775"
