"$468,500","30 WHISPER DR , WORCESTER, MA 01609"
"$363,500","12 KANES XING , WORCESTER, MA 01609"
"$60,000","3 BREWER ST , WORCESTER, MA 01609"
"$95,000","5 Bancroft Tower Rd , Worcester, MA 01609"
"$181,000","130 BRIGHAM RD , WORCESTER, MA 01609"
"$599,900","389 SALISBURY ST , WORCESTER, MA 01609"
"$169,900","9 N ASHLAND ST , WORCESTER, MA 01609"
"$149,900","8 ASHLAND ST APT 2R, WORCESTER, MA 01609"
"$70,000","29 WILLIAM ST APT 22, WORCESTER, MA 01609"
"$229,000","128 AUSTIN ST , WORCESTER, MA 01609"
"$208,900","41 BELLEVUE ST , WORCESTER, MA 01609"
"$379,000","38 SEVER ST , WORCESTER, MA 01609"
"$569,000","23 LANTERN LN , WORCESTER, MA 01609"
"$299,900","601 Browning Ln # 601, Worcester, MA 01609"
"$359,000","94 MORELAND GREEN DR , WORCESTER, MA 01609"
"$409,000","7 Newington Ln # 7, Worcester, MA 01609"
"$399,000","8 LEYTON RD , WORCESTER, MA 01609"
"$699,900","38 AYLESBURY RD , WORCESTER, MA 01609"
"$579,900","6 SURREY LN , WORCESTER, MA 01609"
"$668,500","7 Walter St , Worcester, MA 01609"
"$1,300,000","64 WHISPER DR , WORCESTER, MA 01609"
"$294,000","8 W HILL TER , WORCESTER, MA 01609"
