"$250,000","5 LYNDALE RD , WORCESTER, MA 01606"
"$209,900","26 INDIAN HILL RD , WORCESTER, MA 01606"
"$339,900","12 SUMMERHILL AVE , WORCESTER, MA 01606"
"$350,000","2 NAUMAAN LN , WORCESTER, MA 01606"
"$229,900","86 LANESBORO RD , WORCESTER, MA 01606"
"$249,900","6 STONELEIGH RD , WORCESTER, MA 01606"
"$129,500","65 E MOUNTAIN ST , WORCESTER, MA 01606"
"$225,000","35 SEARS ISLAND DR , WORCESTER, MA 01606"
"$214,900","12 DODGE AVE , WORCESTER, MA 01606"
"$88,000","27 SHERBURNE AVE , WORCESTER, MA 01606"
"$88,000","27 Sherburne Ave # 29, Worcester, MA 01606"
"$319,900","6 GOTHIC AVE , WORCESTER, MA 01606"
$132K,"23 BOURNE ST , WORCESTER, MA 01606"
"$168,900","1 Mountainshire Dr # 1, Worcester, MA 01606"
"$269,900","18 CHRISTINE ST , WORCESTER, MA 01606"
"$309,000","24 BROOKS ST , WORCESTER, MA 01606"
$178K,"27 KING PHILIP RD , WORCESTER, MA 01606"
"$239,900","110 TOWER ST , WORCESTER, MA 01606"
"$425,000","29 CHEVY CHASE RD , WORCESTER, MA 01606"
"$279,000","13 ROCKDALE ST , WORCESTER, MA 01606"
"$150,000","156 UNCATENA AVE , WORCESTER, MA 01606"
"$194,900","6 WOODRIDGE RD , WORCESTER, MA 01606"
