"$132,500","270 SUNDERLAND RD APT 64, WORCESTER, MA 01604"
"$125,000","95 KENBERMA RD , WORCESTER, MA 01604"
"$239,900","96 WARNER AVE , WORCESTER, MA 01604"
"$279,900","7 BOWKER ST , WORCESTER, MA 01604"
"$274,900","65 LAKE AVE APT 530, WORCESTER, MA 01604"
"$254,900","16 Pointe Rok Dr # 16, Worcester, MA 01604"
"$249,000","417 MASSASOIT RD , WORCESTER, MA 01604"
"$95,000","143 PROVIDENCE ST APT 4, WORCESTER, MA 01604"
"$126,000","41 ALVARADO AVE , WORCESTER, MA 01604"
"$169,900","10 RUTLEDGE ST APT 2A, WORCESTER, MA 01604"
"$214,900","1 Pointe Rok Dr # 1, Worcester, MA 01604"
"$199,900","5 VIKING TER , WORCESTER, MA 01604"
"$288,000","19 Pineland Ave- Shrewsbury Line , Worcester, MA 01604"
"$214,999","23 MONTEFORTE ST , WORCESTER, MA 01604"
"$219,900","31 BLITHEWOOD AVE APT 104, WORCESTER, MA 01604"
"$249,900","375 LAKE AVE , WORCESTER, MA 01604"
"$289,865","3 Corrine St # B, Worcester, MA 01604"
"$248,000","221 WEATHERSTONE DR , WORCESTER, MA 01604"
"$129,900","344 BRIDLE PATH , WORCESTER, MA 01604"
"$239,900","1 ENVELOPE TER UNIT 104, WORCESTER, MA 01604"
"$339,000","15 ALAMO ST , WORCESTER, MA 01604"
"$294,900","3 ARLINGTON ST , WORCESTER, MA 01604"
"$289,900","49 Pine Hill Rd # A, Worcester, MA 01604"
"$399,000","3 WOODCLIFFE AVE , WORCESTER, MA 01604"
"$284,900","137D Commonwealth Ave # 137, Worcester, MA 01604"
