"$214,900","61 COLBY AVE , WORCESTER, MA 01605"
"$89,900","176 LINCOLN ST APT 2, WORCESTER, MA 01605"
"$215,000","43 DENMARK ST , WORCESTER, MA 01605"
"$149,900","39 SHELBY ST UNIT 8, WORCESTER, MA 01605"
"$114,900","80 STANTON ST APT 20, WORCESTER, MA 01605"
"$219,900","50 KNAPP AVE , WORCESTER, MA 01605"
"$270,000","70 VENUS DR , WORCESTER, MA 01605"
"$269,900","120 EASTERN AVE , WORCESTER, MA 01605"
$110K,"8 PHOEBE WAY , WORCESTER, MA 01605"
"$115,000","86 ANDREWS AVE , WORCESTER, MA 01605"
"$335,000","0 Cherry Blossom Cir # 48, Worcester, MA 01605"
"$219,900","30 PAINE ST , WORCESTER, MA 01605"
"$219,900","17 GOUCHER AVE , WORCESTER, MA 01605"
"$279,900","88 PAINE ST , WORCESTER, MA 01605"
"$279,900","89 PROSPECT ST , WORCESTER, MA 01605"
"$449,900","15 NIZAM DR , WORCESTER, MA 01605"
"$1,299,000","57 EVERARD ST , WORCESTER, MA 01605"
"$132,900","32 RODNEY ST , WORCESTER, MA 01605"
"$700,000","5 PICKWIC CIR , WORCESTER, MA 01605"
"$299,900","665 GROVE ST , WORCESTER, MA 01605"
