"$297,300","126 BEACONSFIELD RD , WORCESTER, MA 01602"
"$259,900","9 MOORE AVE , WORCESTER, MA 01602"
"$217,000","7 WALNUT HILL DR , WORCESTER, MA 01602"
"$189,900","2 TATNUCK TER , WORCESTER, MA 01602"
"$244,999","78 4TH ST , WORCESTER, MA 01602"
"$275,000","1 FARM ST , WORCESTER, MA 01602"
"$459,900","70 BERWICK ST , WORCESTER, MA 01602"
"$219,000","1305 PLEASANT ST , WORCESTER, MA 01602"
"$215,000","342 MILL ST , WORCESTER, MA 01602"
"$300,000","58 HOWLAND TER , WORCESTER, MA 01602"
"$119,900","20 MAPLEWOOD RD , WORCESTER, MA 01602"
"$309,000","3 S LENOX ST , WORCESTER, MA 01602"
"$299,900","23 FIRGLADE ST , WORCESTER, MA 01602"
"$319,900","760 PLEASANT ST , WORCESTER, MA 01602"
"$229,900","76 MOORE AVE , WORCESTER, MA 01602"
"$385,000","29 DREXEL ST , WORCESTER, MA 01602"
"$229,900","1293 PLEASANT ST , WORCESTER, MA 01602"
"$285,900","43 AMHERST ST , WORCESTER, MA 01602"
"$320,000","42 1ST ST , WORCESTER, MA 01602"
"$345,000","84 LONGFELLOW RD , WORCESTER, MA 01602"
"$232,500","1337 PLEASANT ST , WORCESTER, MA 01602"
"$224,900","5 WRENTHAM RD , WORCESTER, MA 01602"
"$309,500","293 MOWER ST , WORCESTER, MA 01602"
"$279,000","320 HIGHLAND ST , WORCESTER, MA 01602"
"$229,100","10 BEACONSFIELD RD , WORCESTER, MA 01602"
