"$220,000","39 BLAINE AVE , WORCESTER, MA 01603"
"$254,900","37 CIRCUIT AVE E , WORCESTER, MA 01603"
"$184,500","11 WILLOW ST , WORCESTER, MA 01603"
"$159,900","17 FORKEY AVE , WORCESTER, MA 01603"
"$197,900","3 S EDLIN ST , WORCESTER, MA 01603"
"$225,000","15 WYOLA DR , WORCESTER, MA 01603"
$152K,"12 VINCENT AVE , WORCESTER, MA 01603"
"$147,900","189 GATES LN , WORCESTER, MA 01603"
"$220,000","2 FALCON ST , WORCESTER, MA 01603"
"$229,000","10 S EDLIN ST , WORCESTER, MA 01603"
"$79,800","11 Merrimac Ave , Worcester, MA 01603"
"$250,000","280 WEBSTER ST , WORCESTER, MA 01603"
"$229,000","10 EDLIN ST , WORCESTER, MA 01603"
"$850,000","161 Grand St , Worcester, MA 01603"
"$595,000","1404 Main St & 33 Apricot , Worcester, MA 01603"
"$200,000","9 Thayer St , Worcester, MA 01603"
"$135,500","20 SHERER TRL , WORCESTER, MA 01603"
"$136,900","9A Gates Rd , Worcester, MA 01603"
"$130,000","71 SYLVAN ST , WORCESTER, MA 01603"
