"$339,900","15 5TH AVE , WORCESTER, MA 01607"
"$224,900","15 Steele St # A, Worcester, MA 01607"
"$274,900","31 LOUISE ST , WORCESTER, MA 01607"
"$259,000","35 FALMOUTH ST , WORCESTER, MA 01607"
"$259,800","31 SOPHIA DR , WORCESTER, MA 01607"
"$75,000","198 Svenson Ave , Worcester, MA 01607"
"$169,900","1295 MILLBURY ST # A, WORCESTER, MA 01607"
"$169,900","47 GRAMMONT RD , WORCESTER, MA 01607"
"$45,000","189 SVENSON AVE , WORCESTER, MA 01607"
"$55,000","196 SVENSON AVE , WORCESTER, MA 01607"
"$209,900","76 BLACKSTONE RIVER RD , WORCESTER, MA 01607"
"$165,000","15 CARLSTAD ST # 2, WORCESTER, MA 01607"
"$60,000","8 NYLAND ST , WORCESTER, MA 01607"
"$345,900","5 Aurora St , Worcester, MA 01607"
"$349,900","1 Aurora St , Worcester, MA 01607"
"$249,000","5 S Maxwell Ct , Worcester, MA 01607"
