"$358,000","5 BEL ARBOR DR , PAXTON, MA 01612"
"$349,900","14 KNOLLWOOD RD , PAXTON, MA 01612"
"$429,000","6 ARROWHEAD DR , PAXTON, MA 01612"
"$125,000"," Richards Ave Lot 0, Paxton, MA 01612"
"$549,900","11 WINTER ST , PAXTON, MA 01612"
"$395,000","12 LANCELOT DR , PAXTON, MA 01612"
"$450,000","347 MARSHALL ST , PAXTON, MA 01612"
$310K,"172 SUOMI ST , PAXTON, MA 01612"
"$435,000","252 RICHARDS AVE , PAXTON, MA 01612"
"$305,000","5 SQUANTUM RD , PAXTON, MA 01612"
"$419,900","1 Richards Ave , Paxton, MA 01612"
"$1,390,000","489 WEST ST , PAXTON, MA 01612"
"$149,900","9 FORESTDALE RD , PAXTON, MA 01612"
"$1,000,000","82 DAVIS HILL RD , PAXTON, MA 01612"
"$449,900","263 WEST ST , PAXTON, MA 01612"
"$439,900","115 WEST ST , PAXTON, MA 01612"
$208K,"13 HOLBROOK LN , PAXTON, MA 01612"
"$439,900","17 TANGLEWOOD RD , PAXTON, MA 01612"
"$89,000","3 Richards Ave , Paxton, MA 01612"
"$185,100","143 WEST ST , PAXTON, MA 01612"
"$68,000","0 Grove , Paxton, MA 01612"
"$68,000","2 West St , Paxton, MA 01612"
"$595,000","1 West St , Paxton, MA 01612"
"$549,900"," Lot South St , Paxton, MA 01612"
