"$260,000","15 Perry Ave # 17, Worcester, MA 01610"
"$149,900","10 STERLING ST , WORCESTER, MA 01610"
"$160,000","155 MILLBURY ST , WORCESTER, MA 01610"
"$239,900","8 DORCHESTER ST , WORCESTER, MA 01610"
"$23,000","7 GLADE ST , WORCESTER, MA 01610"
"$35,000","158 BEACON ST , WORCESTER, MA 01610"
"$329,900","36 KING ST , WORCESTER, MA 01610"
"$515,000","130 MILLBURY ST , WORCESTER, MA 01610"
"$124,900","129 ENDICOTT ST , WORCESTER, MA 01610"
"$229,000","58 QUEEN ST , WORCESTER, MA 01610"
$122K,"21 ELECTRIC ST , WORCESTER, MA 01610"
"$52,500","55 BENEFIT ST , WORCESTER, MA 01610"
"$450,000","21 HOLLYWOOD ST , WORCESTER, MA 01610"
"$415,000","439-2 Park Ave/W.Oberlin , Worcester, MA 01610"
"$59,900","158 VERNON ST , WORCESTER, MA 01610"
"$220,000","611 CAMBRIDGE ST , WORCESTER, MA 01610"
"$249,865","10-12 Preston St , Worcester, MA 01610"
"$489,900","51 EPWORTH ST , WORCESTER, MA 01610"
"$289,999","23 Sigel St , Worcester, MA 01610"
"$339,999","3 GLADSTONE ST , WORCESTER, MA 01610"
"$259,865","138 MILLBURY ST , WORCESTER, MA 01610"
