"$699,900","9 HERITAGE WAY , BURLINGTON, MA 01803"
"$749,900","25 WHEATLAND ST , BURLINGTON, MA 01803"
"$639,800","9 SEPTEMBER LN , BURLINGTON, MA 01803"
"$479,900","119 BEDFORD ST , BURLINGTON, MA 01803"
"$449,900","11 HARRIETT AVE , BURLINGTON, MA 01803"
"$799,000","8 SHELDON ST , BURLINGTON, MA 01803"
"$995,900","20 TINKHAM AVE , BURLINGTON, MA 01803"
"$929,900","60 BEDFORD ST , BURLINGTON, MA 01803"
"$479,900","7 CROWLEY RD , BURLINGTON, MA 01803"
"$1,100,000","30 PAULSON DR , BURLINGTON, MA 01803"
"$985,000","1 LEE AVE , BURLINGTON, MA 01803"
"$799,900","249 FOX HILL RD , BURLINGTON, MA 01803"
"$1,080,000","11 CAROL AVE , BURLINGTON, MA 01803"
"$599,900","30 Richardson Rd # 30, Burlington, MA 01803"
"$860,000","6 IRENE ST , BURLINGTON, MA 01803"
"$649,900","26 PRINCETON RD , BURLINGTON, MA 01803"
"$249,900","8 JEFFERSON AVE , BURLINGTON, MA 01803"
"$769,000","184 MILL ST , BURLINGTON, MA 01803"
"$489,900","3-7 Lawn Ave , Burlington, MA 01803"
"$1,299,000","65 MULLER RD , BURLINGTON, MA 01803"
"$1,390,000","20 HUMBOLDT AVE , BURLINGTON, MA 01803"
