"$529,900","51 VERNON ST , WOBURN, MA 01801"
"$439,900","12 BLUEBERRY HILL RD , WOBURN, MA 01801"
"$549,900","175 WASHINGTON ST , WOBURN, MA 01801"
"$415,000","47 BEDFORD RD , WOBURN, MA 01801"
"$479,900","93 Lowell St , Woburn, MA 01801"
"$669,900","89 Pearl St # 91, Woburn, MA 01801"
"$605,000","47 REVERE RD , WOBURN, MA 01801"
"$489,000","11 MELO RD , WOBURN, MA 01801"
"$479,900","58 EASTERN AVE , WOBURN, MA 01801"
"$539,900","193 SALEM ST , WOBURN, MA 01801"
"$875,000","19 GRANNY SMITH LN , WOBURN, MA 01801"
"$649,900","31 BRIARWOOD RD , WOBURN, MA 01801"
"$559,900","18 BLUEBERRY HILL RD , WOBURN, MA 01801"
"$522,500","45 SAMOSET RD , WOBURN, MA 01801"
"$699,900","10 FLOYD ST , WOBURN, MA 01801"
"$424,900","166 Place Ln # 166, Woburn, MA 01801"
"$439,900","386 Place Ln # 386, Woburn, MA 01801"
"$489,000","7 PARKER ST , WOBURN, MA 01801"
"$489,000","2 Inwood Dr # 3002, Woburn, MA 01801"
"$399,900","431 Place Ln Unit 431, Woburn, MA 01801"
"$399,900","431 Place Ln # 431, Woburn, MA 01801"
"$449,900","653 MAIN ST , WOBURN, MA 01801"
"$879,900","167 Winn St , Woburn, MA 01801"
"$615,000","31 Dragon Ct # 15, Woburn, MA 01801"
"$649,900","22 Garfield Ave # 22, Woburn, MA 01801"
