"$1,369,900","5 AVELLA CIR , ANDOVER, MA 01810"
"$699,900","22 NOEL RD , ANDOVER, MA 01810"
"$309,900","98 MAIN ST APT B, ANDOVER, MA 01810"
"$760,000","52 JENKINS RD , ANDOVER, MA 01810"
"$488,000","16 SAMOS LN , ANDOVER, MA 01810"
"$419,900","181 HIGH ST UNIT 4, ANDOVER, MA 01810"
"$560,000","34 RUTGERS RD , ANDOVER, MA 01810"
"$319,900","3 Binney St # 3, Andover, MA 01810"
"$649,999","110 CHESTNUT ST , ANDOVER, MA 01810"
"$575,000","6 PILGRIM DR , ANDOVER, MA 01810"
"$669,900","6 REGIS RD , ANDOVER, MA 01810"
"$729,900","362 SALEM ST , ANDOVER, MA 01810"
"$745,000","99 ELM ST , ANDOVER, MA 01810"
"$579,900","29 Michael Way # 0, Andover, MA 01810"
"$450,000","332 S MAIN ST , ANDOVER, MA 01810"
"$1,269,900","99 SPRING GROVE RD , ANDOVER, MA 01810"
"$539,000","158 SHAWSHEEN RD , ANDOVER, MA 01810"
"$219,900","237 N MAIN ST APT 6, ANDOVER, MA 01810"
"$699,900","276 HIGHLAND RD , ANDOVER, MA 01810"
"$950,000","14 APACHE AVE , ANDOVER, MA 01810"
"$878,000","7 HIGH PLAIN RD , ANDOVER, MA 01810"
"$739,900","9 W KNOLL RD , ANDOVER, MA 01810"
"$399,900","8 LAUREL LN , ANDOVER, MA 01810"
"$999,900","6 SPENCER CT , ANDOVER, MA 01810"
"$425,340+","459 River Rd # E7P2XH, Andover, MA 01810"
