"$474,900","88 NORTH RD , CHELMSFORD, MA 01824"
"$519,900","80 ROBIN HILL RD , CHELMSFORD, MA 01824"
"$599,900","46 ABBOTT LN , CHELMSFORD, MA 01824"
"$539,900","177 CONCORD RD , CHELMSFORD, MA 01824"
"$389,000","9 PLEASANT ST , CHELMSFORD, MA 01824"
"$429,000","11 DAKOTA DR , CHELMSFORD, MA 01824"
"$157,250","360 LITTLETON RD UNIT E20, CHELMSFORD, MA 01824"
"$749,900","52 WESTVIEW AVE , CHELMSFORD, MA 01824"
"$429,900","12 WALNUT RD , CHELMSFORD, MA 01824"
"$799,999","29 HIGATE RD , CHELMSFORD, MA 01824"
"$524,900","5 BLAISDELL RD , CHELMSFORD, MA 01824"
"$399,900","255 NORTH RD UNIT 130, CHELMSFORD, MA 01824"
"$799,900","36 WESTVIEW AVE , CHELMSFORD, MA 01824"
"$555,000","3 PEDERS PL , CHELMSFORD, MA 01824"
"$539,900","134 Old Westford Rd , Chelmsford, MA 01824"
"$479,900","19 LONGVIEW DR , CHELMSFORD, MA 01824"
"$299,000","3 MINUTEMAN DR , CHELMSFORD, MA 01824"
"$209,000","181 LITTLETON RD UNIT 127, CHELMSFORD, MA 01824"
"$734,900","8 NEWTOWNE WAY , CHELMSFORD, MA 01824"
"$439,900","76 BRICK KILN RD , CHELMSFORD, MA 01824"
"$489,900","13 GARY RD , CHELMSFORD, MA 01824"
"$679,900","7 JERRIDGE LN , CHELMSFORD, MA 01824"
"$550,000","10 CLIFF RD , CHELMSFORD, MA 01824"
"$899,900","3 LOCKE RD , CHELMSFORD, MA 01824"
"$425,000","147 ROBIN HILL RD , CHELMSFORD, MA 01824"
