"$498,999","121 ANDOVER RD , BILLERICA, MA 01821"
"$389,900","44 BRIARWOOD AVE , BILLERICA, MA 01821"
"$299,900","38 RIVERHURST RD , BILLERICA, MA 01821"
"$539,900","4 PORTER ST , BILLERICA, MA 01821"
"$459,000","24 BUCKINGHAM DR , BILLERICA, MA 01821"
"$399,900","4 CARSON ST , BILLERICA, MA 01821"
$427K,"10 GREEN ACRE DR , BILLERICA, MA 01821"
"$399,900","5 KERN DR , BILLERICA, MA 01821"
"$599,000","48 ELLINGWOOD AVE , BILLERICA, MA 01821"
"$499,000","53 BALDWIN RD UNIT 903, BILLERICA, MA 01821"
"$479,000","10 CHARNSTAFF LN UNIT 304, BILLERICA, MA 01821"
"$719,900","7 Lilac Rd , Billerica, MA 01821"
"$400,000","10 HARJEAN RD , BILLERICA, MA 01821"
"$279,900","12 SEMINOLE RD , BILLERICA, MA 01821"
"$699,900","56 BRIDGE ST , BILLERICA, MA 01821"
"$699,900","3 LEDGELAWN AVE , BILLERICA, MA 01821"
"$564,900","75 BALDWIN RD , BILLERICA, MA 01821"
"$729,900","23 PEACE ST , BILLERICA, MA 01821"
"$495,000","25 BLACKWOOD AVE , BILLERICA, MA 01821"
"$450,000","20 LAKE ST , BILLERICA, MA 01821"
"$649,900","918 BOSTON RD , BILLERICA, MA 01821"
