"$339,900","124 LONG POND DR , DRACUT, MA 01826"
"$349,900","615 NASHUA RD UNIT 3, DRACUT, MA 01826"
"$299,900","149 MYRON ST , DRACUT, MA 01826"
"$319,900","99 MALWOOD AVE , DRACUT, MA 01826"
"$200,000","795 MERRIMACK AVE , DRACUT, MA 01826"
"$569,000","12 HANSON LN , DRACUT, MA 01826"
"$260,000","32 CROSBY RD , DRACUT, MA 01826"
"$489,900","16 MONTE RD , DRACUT, MA 01826"
"$489,900","1018 METHUEN ST , DRACUT, MA 01826"
"$142,500","16 HAZELWOOD AVE UNIT 17, DRACUT, MA 01826"
"$230,000","94 TENNIS PLAZA RD UNIT 15, DRACUT, MA 01826"
"$549,900","6 BAILEY RD , DRACUT, MA 01826"
"$97,900","100 PEMBERTON ST APT 3, DRACUT, MA 01826"
"$429,900","21 HAMPSON ST , DRACUT, MA 01826"
"$219,900","95 TENNIS PLAZA RD UNIT 14, DRACUT, MA 01826"
"$111,000","15 Wildwood St # B1, Dracut, MA 01826"
"$430,000","35 Gilmore St # 37, Dracut, MA 01826"
"$479,900","324 Broadway Rd # 33, Dracut, MA 01826"
"$479,900","324 Broadway Rd # 32, Dracut, MA 01826"
"$479,900","324 Broadway Rd # 27, Dracut, MA 01826"
"$899,000","8 PRESIDENTIAL CIR , DRACUT, MA 01826"
"$755,000","20 SYCAMORE DR , DRACUT, MA 01826"
"$499,000","419 AIKEN AVE , DRACUT, MA 01826"
"$559,900","10 QUAIL DR , DRACUT, MA 01826"
"$730,000","6 SYCAMORE DR , DRACUT, MA 01826"
