"$515,000","235 RIVER ST , DUNSTABLE, MA 01827"
"$599,900","50 SKY TOP LN , DUNSTABLE, MA 01827"
"$899,900","112 THORNDIKE ST , DUNSTABLE, MA 01827"
"$549,900","503 MAIN ST , DUNSTABLE, MA 01827"
"$489,900","18 MILL ST , DUNSTABLE, MA 01827"
"$524,900","647 HOLLIS ST , DUNSTABLE, MA 01827"
"$604,900","56 CHAPMAN ST , DUNSTABLE, MA 01827"
"$579,900","33 CHAPMAN ST , DUNSTABLE, MA 01827"
"$1,350,000","519 MAIN ST , DUNSTABLE, MA 01827"
"$634,900","32 CHAPMAN ST , DUNSTABLE, MA 01827"
"$185,000","380 Westford St , Dunstable, MA 01827"
"$175,000","274 POND ST , DUNSTABLE, MA 01827"
"$659,900"," Bear Hill Rd Lot 2, Dunstable, MA 01827"
