"$279,000","64 LAKESHORE DR , GEORGETOWN, MA 01833"
"$594,900","10 VILLAGE LN , GEORGETOWN, MA 01833"
"$464,900","494 NORTH ST , GEORGETOWN, MA 01833"
"$679,900","22 LONG HILL RD , GEORGETOWN, MA 01833"
"$699,000","13 HILLSIDE DR , GEORGETOWN, MA 01833"
"$499,000","111 W MAIN ST , GEORGETOWN, MA 01833"
"$850,000","223 E MAIN ST , GEORGETOWN, MA 01833"
"$319,900","41 PROSPECT ST , GEORGETOWN, MA 01833"
"$169,000","121 Jewett St , Georgetown, MA 01833"
"$500,000","26 WEB RD , GEORGETOWN, MA 01833"
"$571,000","54 LAKESHORE DR , GEORGETOWN, MA 01833"
"$1,325,000","99 107 Tenney St , Georgetown, MA 01833"
"$109,900","1 UNION ST , GEORGETOWN, MA 01833"
