"$315,000","97 PILLING ST , HAVERHILL, MA 01832"
"$309,900","178 PILGRIM RD , HAVERHILL, MA 01832"
"$350,000","695 HILLDALE AVE , HAVERHILL, MA 01832"
"$369,900","140 BROOK ST , HAVERHILL, MA 01832"
"$125,000","20 HIGH ST , HAVERHILL, MA 01832"
"$599,900","10 GATES FARM CIR , HAVERHILL, MA 01832"
"$354,999","1253 RIVER ST , HAVERHILL, MA 01832"
"$227,900","26 Steeplechase Ct # 26, Haverhill, MA 01832"
"$272,500","579 Washington St # 579, Haverhill, MA 01832"
"$315,000","25 BLAISDELL ST , HAVERHILL, MA 01832"
"$389,900","59 W ROCHAMBAULT ST , HAVERHILL, MA 01832"
"$322,900","628 Washington St # 628, Haverhill, MA 01832"
"$272,500","579 WASHINGTON ST , HAVERHILL, MA 01832"
"$549,900","16 KRISTINE LN , HAVERHILL, MA 01832"
"$239,000","7 DODGE ST , HAVERHILL, MA 01832"
"$589,900","14 GATES FARM CIR , HAVERHILL, MA 01832"
$223K,"257 LOWELL AVE , HAVERHILL, MA 01832"
"$474,000","7 SHELBY CIR , HAVERHILL, MA 01832"
"$364,900","14 JUNIPER WOOD DR , HAVERHILL, MA 01832"
"$199,000","54 Morgan Dr # 54, Haverhill, MA 01832"
"$375,000","1091 BROADWAY , HAVERHILL, MA 01832"
"$419,900","43 FOREST ST , HAVERHILL, MA 01832"
"$590,000","23 LAFAYETTE ST , HAVERHILL, MA 01832"
"$359,900","5 Mackenzie Way # 5, Haverhill, MA 01832"
"$359,900","7 Mackenzie Way # 7, Haverhill, MA 01832"
