"$409,900","58 LOIS ST , HAVERHILL, MA 01830"
"$264,000","67 MOORE ST , HAVERHILL, MA 01830"
"$325,000","254 LINCOLN AVE , HAVERHILL, MA 01830"
"$343,500","3 DEBBIE TER , HAVERHILL, MA 01830"
"$244,000","175 SUMMER ST , HAVERHILL, MA 01830"
"$299,900","39 LAWRENCE ST , HAVERHILL, MA 01830"
"$179,900","619 PRIMROSE ST # 2, HAVERHILL, MA 01830"
"$364,900","10 LAKE AVE , HAVERHILL, MA 01830"
"$499,900","56 PARK ST , HAVERHILL, MA 01830"
"$147,500","440 NORTH AVE APT 269, HAVERHILL, MA 01830"
"$349,900","39 Green St # 41, Haverhill, MA 01830"
"$399,900","4 SOLITAIRE DR , HAVERHILL, MA 01830"
"$449,900","27 WELLINGTON AVE , HAVERHILL, MA 01830"
"$334,900","55 POWDERMILL RD , HAVERHILL, MA 01830"
"$392,000","310 KENOZA AVE , HAVERHILL, MA 01830"
"$324,900","3 HOMER ST , HAVERHILL, MA 01830"
"$1,195,000","459 East Broadway , Haverhill, MA 01830"
"$375,000","20 Newcomb St , Haverhill, MA 01830"
"$397,500","175 KENOZA ST , HAVERHILL, MA 01830"
"$299,900","37 HOWARD ST , HAVERHILL, MA 01830"
"$530,000","146 CROSBY STREET EXT , HAVERHILL, MA 01830"
"$269,900","70 BRICKETT HILL CIR , HAVERHILL, MA 01830"
"$149,900","768 Main St , Haverhill, MA 01830"
"$522,400","57 PEAR TREE RD , HAVERHILL, MA 01830"
"$503,900","17 GRANT ST , HAVERHILL, MA 01830"
