"$364,900","109 VALLEY VIEW AVE , HAVERHILL, MA 01835"
"$259,900","205 Ferry Rd # 205, Haverhill, MA 01835"
"$529,900","109 OLD GROVELAND RD , HAVERHILL, MA 01835"
"$269,000","117 S Riverview St # 117, Haverhill, MA 01835"
"$489,900","50 BRADFORD ST , HAVERHILL, MA 01835"
"$374,900","380 Salem St # 380, Haverhill, MA 01835"
"$239,900","183 Farrwood Dr # 183, Haverhill, MA 01835"
"$410,000","50 GERMAIN AVE , HAVERHILL, MA 01835"
"$339,900","123 LAUREL AVE , HAVERHILL, MA 01835"
"$164,900","8 MYLES STANDISH DR UNIT 3, HAVERHILL, MA 01835"
"$449,000","178 KINGSBURY AVE , HAVERHILL, MA 01835"
"$159,900","64 REGENT AVE , HAVERHILL, MA 01835"
"$465,000","23 WAYNE ST , HAVERHILL, MA 01835"
