"$579,000","265 SALEM ST , NORTH ANDOVER, MA 01845"
"$539,900","145 FOREST ST , NORTH ANDOVER, MA 01845"
"$594,000","405 CHESTNUT ST , NORTH ANDOVER, MA 01845"
"$789,900","96 SUGARCANE LN , NORTH ANDOVER, MA 01845"
"$849,000","12 CARRIAGE CHASE RD , NORTH ANDOVER, MA 01845"
"$535,000","55 CAMDEN ST , NORTH ANDOVER, MA 01845"
"$324,000","32 Union St # 32, North Andover, MA 01845"
"$675,000","65 BLUE RIDGE RD , NORTH ANDOVER, MA 01845"
"$215,900","148 MAIN ST APT S128, NORTH ANDOVER, MA 01845"
"$299,899","2 HARVEST DR # 108, NORTH ANDOVER, MA 01845"
"$450,000","105 AUTRAN AVE , NORTH ANDOVER, MA 01845"
"$739,900","1439 GREAT POND RD , NORTH ANDOVER, MA 01845"
"$410,000","46 CAMDEN ST , NORTH ANDOVER, MA 01845"
"$669,900","70 PINE RIDGE RD , NORTH ANDOVER, MA 01845"
"$300,000","118 Kingston St # 118, North Andover, MA 01845"
"$339,000","4 HARVEST DR # 304, NORTH ANDOVER, MA 01845"
"$469,900","131 APPLETON ST , NORTH ANDOVER, MA 01845"
"$799,000","1087 Salem St , North Andover, MA 01845"
"$234,900","31 Village Green Dr # 31, North Andover, MA 01845"
"$725,000","240 MARBLERIDGE RD , NORTH ANDOVER, MA 01845"
"$749,900","858 JOHNSON ST , NORTH ANDOVER, MA 01845"
"$719,900","174 WEYLAND CIR , NORTH ANDOVER, MA 01845"
"$689,900","43 VEST WAY , NORTH ANDOVER, MA 01845"
"$540,000","2701 Tupelo Cir # 2701, North Andover, MA 01845"
"$525,000","703 MIDDLETON RD , NORTH ANDOVER, MA 01845"
