"$25,000","29 SUMMER ST , LAWRENCE, MA 01840"
"$299,900","403 HAVERHILL ST , LAWRENCE, MA 01840"
"$324,900","6 JACKSON TER , LAWRENCE, MA 01840"
"$420,000","380 Haverhill St Lawrence Ma , Lawrence, MA 01840"
"$399,900","1 Debbie Ln # 3, Lawrence, MA 01843"
"$439,900","89-91 OAKLAND AVE , METHUEN, MA 01844"
"$429,900","27-29 YALE ST , LAWRENCE, MA 01841"
"$215,900","148 MAIN ST APT S128, NORTH ANDOVER, MA 01845"
"$360,000","6 HORNE ST , METHUEN, MA 01844"
"$249,900","148 MAIN ST APT B433, NORTH ANDOVER, MA 01845"
"$329,900","11 FLORENCE AVE , LAWRENCE, MA 01841"
"$319,900","3 Binney St # 3, Andover, MA 01810"
