"$355,000","204 OAK ST , METHUEN, MA 01844"
"$369,900","9 MARJORIE ST , METHUEN, MA 01844"
"$375,000","35 MEMORIAL DR , METHUEN, MA 01844"
"$179,900","49 MERILINE AVE , METHUEN, MA 01844"
"$585,995+","28 Pine Tree Dr # E42IR6, Methuen, MA 01844"
"$551,995+","28 Pine Tree Dr # 0RIBHA, Methuen, MA 01844"
"$439,900","89-91 OAKLAND AVE , METHUEN, MA 01844"
"$618,995+","28 Pine Tree Dr # CPHG3E, Methuen, MA 01844"
"$159,900","945 RIVERSIDE DR APT 7B, METHUEN, MA 01844"
"$360,000","6 HORNE ST , METHUEN, MA 01844"
"$369,900","69 OAK ST , METHUEN, MA 01844"
"$338,000","159 TYLER ST , METHUEN, MA 01844"
"$619,900","5 COACHMAN LN , METHUEN, MA 01844"
"$399,900","12 HERITAGE LN , METHUEN, MA 01844"
"$399,900","79 CHIPPY LN , METHUEN, MA 01844"
"$50,000","00 Booth Rd , Methuen, MA 01844"
"$489,900","10 CRESTSHIRE LN , METHUEN, MA 01844"
"$379,000","3 DOUGLAS AVE , METHUEN, MA 01844"
"$389,900","18 LORENZO CIR , METHUEN, MA 01844"
"$512,000","148 OLD FERRY RD , METHUEN, MA 01844"
"$409,900","1 CLINTON ST , METHUEN, MA 01844"
"$189,900","131 WEYBOSSETT ST , METHUEN, MA 01844"
"$50,000","00 Booth , Methuen, MA 01844"
"$629,995+","28 Pine Tree Dr # 0S242O, Methuen, MA 01844"
"$349,900","11 RUSSELL ST , METHUEN, MA 01844"
