"$229,900","168 Water St # B, Lawrence, MA 01841"
"$419,900","64-66 KENDALL ST , LAWRENCE, MA 01841"
"$280,000","96 PEARL ST , LAWRENCE, MA 01841"
"$429,900","27-29 YALE ST , LAWRENCE, MA 01841"
"$199,000","8 LEXINGTON ST , LAWRENCE, MA 01841"
"$309,900","20 NORRIS ST , LAWRENCE, MA 01841"
"$129,900","19 BELLEVUE ST APT 4, LAWRENCE, MA 01841"
"$290,000","21-23 HILLTOP AVE , LAWRENCE, MA 01841"
"$194,900","15 DARTMOUTH ST , LAWRENCE, MA 01841"
"$299,999","21 BUNKERHILL ST , LAWRENCE, MA 01841"
"$229,400","13 NORRIS ST , LAWRENCE, MA 01841"
"$269,900","7 LINCOLN CT # A, LAWRENCE, MA 01841"
"$304,900","22 SARGENT ST , LAWRENCE, MA 01841"
"$305,000","78 Park St , Lawrence, MA 01841"
"$290,000","1110 ESSEX ST , LAWRENCE, MA 01841"
"$285,000","68 THORNTON ST , LAWRENCE, MA 01841"
"$225,000","308 WATER ST , LAWRENCE, MA 01841"
"$119,000","3 FULTON ST , LAWRENCE, MA 01841"
"$390,000","260 E HAVERHILL ST APT 19, LAWRENCE, MA 01841"
"$129,900","126 CROSS ST , LAWRENCE, MA 01841"
"$629,900","312 WATER ST APT 25, LAWRENCE, MA 01841"
$188K,"8 Green St , Lawrence, MA 01841"
"$270,000","6 LEXINGTON ST , LAWRENCE, MA 01841"
"$459,900","101 E HAVERHILL ST , LAWRENCE, MA 01841"
