"$399,900","1 Debbie Ln # 3, Lawrence, MA 01843"
"$379,900","189-191 ABBOTT ST , LAWRENCE, MA 01843"
"$480,000","104-106 CHESTER ST , LAWRENCE, MA 01843"
"$275,000","1 HAMLET ST , LAWRENCE, MA 01843"
"$409,900","36 Springfield St # 38, Lawrence, MA 01843"
"$299,900","6 DORCHESTER ST , LAWRENCE, MA 01843"
"$339,000","86 ANDOVER ST , LAWRENCE, MA 01843"
"$335,900","68 HAWLEY ST , LAWRENCE, MA 01843"
"$349,000","192 BOXFORD ST , LAWRENCE, MA 01843"
"$329,800","28 STEVENS ST , LAWRENCE, MA 01843"
"$279,900","119 WEARE ST , LAWRENCE, MA 01843"
"$349,900","98 FOSTER ST , LAWRENCE, MA 01843"
"$439,000","29 CRESTWOOD CIR , LAWRENCE, MA 01843"
"$330,000","206 South Broadway , Lawrence, MA 01843"
"$279,900","22 SPRINGFIELD ST , LAWRENCE, MA 01843"
"$229,000","159 ANDOVER ST # D, LAWRENCE, MA 01843"
"$424,900","164 Abbott St # 166, Lawrence, MA 01843"
"$409,900","475 Andover St , Lawrence, MA 01843"
"$299,900","19 RIDGEWOOD CIR , LAWRENCE, MA 01843"
"$625,000","57 EXETER ST , LAWRENCE, MA 01843"
