"$259,900","42 BOSTON RD , LOWELL, MA 01852"
"$239,900","240 JACKSON ST APT 612, LOWELL, MA 01852"
"$249,900","300 ROGERS ST , LOWELL, MA 01852"
"$184,990","32A Rockingham St Stop 32A, Lowell, MA 01852"
"$240,000","200R Market St # 509, Lowell, MA 01852"
"$184,990","32A Rockingham St # 32A, Lowell, MA 01852"
"$299,900","186 BURNHAM RD , LOWELL, MA 01852"
"$559,900","91 MANSUR ST , LOWELL, MA 01852"
"$365,000","17 DEVINE AVE , LOWELL, MA 01852"
"$459,900","10 DANCAUSE RD , LOWELL, MA 01852"
"$659,900","25 FAIRMOUNT ST , LOWELL, MA 01852"
"$184,900","1506 GORHAM ST APT 202, LOWELL, MA 01852"
"$475,000","256 Andover St , Lowell, MA 01852"
"$136,900","16 MERRIMACK ST APT 4C, LOWELL, MA 01852"
"$349,900","1400 Gorham St # 8, Lowell, MA 01852"
"$179,999","126 Felton St # 2, Lowell, MA 01852"
"$499,900","18 Appleton St , Lowell, MA 01852"
"$359,900","200 Market St Apt 111, Lowell, MA 01852"
"$280,000","8 RUSSELL ST , LOWELL, MA 01852"
"$249,900","23-33 Middle St # 7, Lowell, MA 01852"
"$299,000","19-21 Wamesit St , Lowell, MA 01852"
"$199,900","160 MERRIMACK ST APT C, LOWELL, MA 01852"
"$389,900","169 BURNHAM RD , LOWELL, MA 01852"
"$259,900","200 ROGERS ST # 12, LOWELL, MA 01852"
"$169,900","23-33 Middle St # 9, Lowell, MA 01852"
