"$299,900","14 10TH ST , LOWELL, MA 01850"
"$389,900","50 WHITNEY AVE , LOWELL, MA 01850"
"$169,900","375 AIKEN AVE APT 3, LOWELL, MA 01850"
"$329,900","50 Hampshire St # 52, Lowell, MA 01850"
"$233,100","25 By St Unit 25, Lowell, MA 01850"
"$254,400","136 JEWETT ST , LOWELL, MA 01850"
"$314,900","14 BUNKER HILL AVE , LOWELL, MA 01850"
"$229,900","23 DANA ST , LOWELL, MA 01850"
"$259,900","87 LUDLAM ST , LOWELL, MA 01850"
"$649,900","75 Fremont St # 81, Lowell, MA 01850"
"$454,000","128 6TH ST , LOWELL, MA 01850"
"$35,000","240 1st St , Lowell, MA 01850"
"$490,000","241 HILDRETH ST , LOWELL, MA 01850"
$218K,"1090 BRIDGE ST , LOWELL, MA 01850"
"$269,900","58 DELARD ST , LOWELL, MA 01850"
"$319,900","7 ALBION ST , LOWELL, MA 01850"
"$469,900","43 5th St , Lowell, MA 01850"
"$299,900","136R Jewett St , Lowell, MA 01850"
"$339,999","9 MAY ST , LOWELL, MA 01850"
"$424,900","183 W 6th St # 185, Lowell, MA 01850"
"$134,900","120 FULTON ST , LOWELL, MA 01850"
