"$273,000","74 Lisa Ln , Lowell, MA 01854"
"$315,000","220 Fletcher St , Lowell, MA 01854"
"$289,000","19 PAWTUCKET DR , LOWELL, MA 01854"
"$184,900","22 CLARE ST APT 1, LOWELL, MA 01854"
"$171,900","35 RIVERWALK WAY UNIT 313, LOWELL, MA 01854"
"$329,000","1304 Varnum Ave , Lowell, MA 01854"
"$230,000","67 HALLEY RD , LOWELL, MA 01854"
"$235,000","21 ORCHARD ST , LOWELL, MA 01854"
"$299,800","120 MOUNT VERNON ST , LOWELL, MA 01854"
"$324,000","41 FARRAGUT ST , LOWELL, MA 01854"
"$199,900","220 UNIVERSITY AVE , LOWELL, MA 01854"
"$189,900","19 SARGENT ST , LOWELL, MA 01854"
"$125,900","48 MOUNT HOPE ST APT 4, LOWELL, MA 01854"
"$249,900","75 TOWNSEND AVE , LOWELL, MA 01854"
$265K,"46 MOUNT HOPE ST APT 4, LOWELL, MA 01854"
"$189,900","339 PAWTUCKET BLVD UNIT 3, LOWELL, MA 01854"
"$479,900","1 S FRANKLIN CT , LOWELL, MA 01854"
"$359,900","123 MARTIN ST , LOWELL, MA 01854"
"$498,900","46 MOUNT HOPE ST APT 3, LOWELL, MA 01854"
"$560,000","414 BROADWAY ST , LOWELL, MA 01854"
"$480,900","28 MOUNT GROVE ST , LOWELL, MA 01854"
