"$280,000","903 WESTFORD ST , LOWELL, MA 01851"
"$249,900","30 E ALDEA ST , LOWELL, MA 01851"
"$329,000","122 HIGHLAND AVE , LOWELL, MA 01851"
"$169,900","80 SMITH ST UNIT A5, LOWELL, MA 01851"
"$409,000","124 CASHIN ST , LOWELL, MA 01851"
"$379,999","26 Caddell Ave , Lowell, MA 01851"
"$274,900","195 WESTFORD ST , LOWELL, MA 01851"
"$299,999","712 WILDER ST , LOWELL, MA 01851"
"$389,900","185 FLORENCE RD , LOWELL, MA 01851"
"$279,900","59 WARWICK ST , LOWELL, MA 01851"
"$239,900","737 SCHOOL ST , LOWELL, MA 01851"
"$465,000","23 Bertram St , Lowell, MA 01851"
"$418,828","108 LIVINGSTON AVE , LOWELL, MA 01851"
"$165,500","44 LIBERTY ST UNIT 3, LOWELL, MA 01851"
"$379,900","60 CANTON ST , LOWELL, MA 01851"
"$359,900","616 618 Stevens St , Lowell, MA 01851"
"$267,000","30 RHODORA ST , LOWELL, MA 01851"
$131K,"54 GATES ST APT 5, LOWELL, MA 01851"
$238K,"82 S WALKER ST , LOWELL, MA 01851"
"$250,000","142 Liberty St , Lowell, MA 01851"
"$300,000","503 SCHOOL ST , LOWELL, MA 01851"
"$294,900","111 S LORING ST , LOWELL, MA 01851"
"$244,900","606 STEVENS ST APT B, LOWELL, MA 01851"
"$299,900","8 B ST , LOWELL, MA 01851"
"$335,000","153 Westford St , Lowell, MA 01851"
