"$424,900","218 WEST ST , READING, MA 01867"
"$319,900","4 Summit Dr Apt 202, Reading, MA 01867"
"$659,900","175 SUMMER AVE , READING, MA 01867"
"$595,000","16 BEVERLY RD , READING, MA 01867"
"$999,900","450 SUMMER AVE , READING, MA 01867"
"$619,900","4 Palmer Hill Ave , Reading, MA 01867"
"$849,900","434 HAVERHILL ST , READING, MA 01867"
"$864,900","5 DUCK RD , READING, MA 01867"
"$1,399,900","61 ROMA LN , READING, MA 01867"
$537K,"41 PURITAN RD , READING, MA 01867"
"$499,900","246 Ash St , Reading, MA 01867"
"$539,900","7 ORDWAY TER , READING, MA 01867"
"$1,100,000"," Lot # 3 Veterans Way , Reading, MA 01867"
"$929,000","565 FRANKLIN ST , READING, MA 01867"
"$899,900","176 SUMMER AVE , READING, MA 01867"
"$199,900","0 Charles St , Reading, MA 01867"
"$639,900","447 GROVE ST , READING, MA 01867"
"$525,000","188 WAKEFIELD ST , READING, MA 01867"
"$869,900","23 LIBBY AVE , READING, MA 01867"
"$609,900","443 HAVERHILL ST , READING, MA 01867"
"$979,000","25 LIBBY AVE , READING, MA 01867"
"$254,900","214 West St # 214, Reading, MA 01867"
"$815,000","116 Van Norden Rd , Reading, MA 01867"
"$789,000","60-62 King St , Reading, MA 01867"
"$724,900"," Lot 6 Veterans Way # 2, Reading, MA 01867"
