"$549,000","4 JUDITH DR , NORTH READING, MA 01864"
"$224,900","7 GREENBRIAR DR APT 310, NORTH READING, MA 01864"
"$329,000","191 NORTH ST , NORTH READING, MA 01864"
$375K,"7 LOCUST ST , NORTH READING, MA 01864"
"$824,900","6 LILLIAN DR , NORTH READING, MA 01864"
"$224,900","4 GREENBRIAR DR APT 204, NORTH READING, MA 01864"
"$949,900","18 PARK ST , NORTH READING, MA 01864"
"$427,995","200 Martins Lndg # 309, North Reading, MA 01864"
"$949,000","31 FREEDOM DR , NORTH READING, MA 01864"
"$599,000","14 Cleek Ct # 14, North Reading, MA 01864"
"$879,000","68 ELM ST , NORTH READING, MA 01864"
"$714,900","5 SHIRLEY AVE , NORTH READING, MA 01864"
"$849,900","16 STEWART RD , NORTH READING, MA 01864"
"$999,900"," Shay Ln Lot 9, North Reading, MA 01864"
"$859,000","318 HAVERHILL ST , NORTH READING, MA 01864"
"$770,000","6 ASPEN RD , NORTH READING, MA 01864"
"$899,500","18 FRANCIS ST , NORTH READING, MA 01864"
"$334,995","200 Martins Lndg # 103, North Reading, MA 01864"
"$412,995","200 Martins Lndg # 405, North Reading, MA 01864"
"$779,900","13 Plymouth St , North Reading, MA 01864"
"$354,995","16 LOWELL RD , NORTH READING, MA 01864"
"$487,995","200 Martins Lndg # 210, North Reading, MA 01864"
"$352,995","200 Martins Lndg # 401, North Reading, MA 01864"
