"$164,900","183 Lakeview St , North Billerica, MA 01862"
"$290,000","34 SPRAGUE ST , NORTH BILLERICA, MA 01862"
"$301,500","40 WATERVIEW AVE , NORTH BILLERICA, MA 01862"
"$549,900","15 Jaclyns Way , North Billerica, MA 01862"
"$399,900","46 McKenna Dr # 46, North Billerica, MA 01862"
"$469,000","216 RANGEWAY RD UNIT 1101, NORTH BILLERICA, MA 01862"
"$439,880","2 Billerica Ave , North Billerica, MA 01862"
"$549,900","15 Jaclyns Way # 15, North Billerica, MA 01862"
"$449,900","39 PEQUOT ST , NORTH BILLERICA, MA 01862"
"$729,900","7 EDISON LN , NORTH BILLERICA, MA 01862"
"$734,900+"," Hemlock Ln # V4489O, Billerica, MA 01862"
"$849,900+"," Hemlock Ln # 242J8L, Billerica, MA 01862"
$378K,"15 CORTHELL RD , NORTH BILLERICA, MA 01862"
"$780,000","70 RANGEWAY RD , NORTH BILLERICA, MA 01862"
"$734,900","4 Hemlock Ln , Billerica, MA 01862"
"$774,900+"," Hemlock Ln # FUDXV7, Billerica, MA 01862"
"$794,900+"," Hemlock Ln # KEV1ZB, Billerica, MA 01862"
"$759,900+"," Hemlock Ln # 9S6JTT, Billerica, MA 01862"
"$2,000,000","24 HIGH ST , NORTH BILLERICA, MA 01862"
"$794,900+"," Hemlock Ln # 785PPG, Billerica, MA 01862"
"$849,900","14 Hemlock Ln , Billerica, MA 01862"
"$1,200,000","96 Boston Rd , North Billerica, MA 01862"
"$774,900","1 Hemlock Ln , Billerica, MA 01862"
"$750,000","37 OAK ST , NORTH BILLERICA, MA 01862"
"$784,900+"," Hemlock Ln # JXYBU, Billerica, MA 01862"
