"$150,000","180 Tyngsboro Rd Apt 38F, North Chelmsford, MA 01863"
"$399,900","4 RADCLIFFE RD , NORTH CHELMSFORD, MA 01863"
"$240,000","15 CEDAR ST , NORTH CHELMSFORD, MA 01863"
"$579,900","5 CEMETERY LN , NORTH CHELMSFORD, MA 01863"
"$494,900","35 Saint Andrews Way # 35, North Chelmsford, MA 01863"
"$259,900","2 Mount Pleasant # 2, Chelmsford, MA 01863"
"$539,000","3 HARLECH WAY , NORTH CHELMSFORD, MA 01863"
"$619,900","151 DUNSTABLE RD , NORTH CHELMSFORD, MA 01863"
"$344,900","366 NORTH RD , NORTH CHELMSFORD, MA 01863"
"$689,000","65 SCHOOL ST , NORTH CHELMSFORD, MA 01863"
"$369,900","27 LEDGE RD , NORTH CHELMSFORD, MA 01863"
"$289,900","25 ARBOR RD , NORTH CHELMSFORD, MA 01863"
"$294,900","83 PRESCOTT DR , NORTH CHELMSFORD, MA 01863"
"$299,000","179 GROTON RD , NORTH CHELMSFORD, MA 01863"
"$301,900","4 Fairview St # 10, North Chelmsford, MA 01863"
"$374,900","71 PRINCETON ST APT 213, NORTH CHELMSFORD, MA 01863"
"$374,900","70 Middlesex St St , Chelmsford, MA 01863"
