"$594,900","18 LANE TEN ACRES RD , MERRIMAC, MA 01860"
"$450,000","7 S PLEASANT ST , MERRIMAC, MA 01860"
"$499,900","35 W Main St # 37, Merrimac, MA 01860"
"$299,000","13 CENTRAL ST , MERRIMAC, MA 01860"
"$599,900","48 ORCHARD ST , MERRIMAC, MA 01860"
"$569,900","28 CHURCH ST , MERRIMAC, MA 01860"
"$699,000","28 SPRING HILL RD , MERRIMAC, MA 01860"
"$644,000","31 HIGHLAND RD , MERRIMAC, MA 01860"
"$190,000","8 Lancaster Ct # 2, Merrimac, MA 01860"
"$339,000","1 3 5 Church St , Merrimac, MA 01860"
"$579,900","6 ABBEY RD , MERRIMAC, MA 01860"
"$355,000","85 E MAIN ST , MERRIMAC, MA 01860"
$285K,"21 BROAD ST , MERRIMAC, MA 01860"
"$399,900","33 SCHOOL ST , MERRIMAC, MA 01860"
"$199,900","1 Abbey Rd , Merrimac, MA 01860"
"$375,000","4 FERN AVE , MERRIMAC, MA 01860"
"$2,500,000","8 CHURCH ST , MERRIMAC, MA 01860"
"$314,900","6 Mill St # 6, Merrimac, MA 01860"
"$609,900","8 Abbey Rd , Merrimac, MA 01860"
