"$299,900","22 Merrimack Meadows Ln # 22, Tewksbury, MA 01876"
"$499,000","191 PATTEN RD , TEWKSBURY, MA 01876"
"$289,900","22 DIRLAM CIR , TEWKSBURY, MA 01876"
"$559,900","70 EVERGREEN RD , TEWKSBURY, MA 01876"
"$484,900","41 BABICZ RD , TEWKSBURY, MA 01876"
"$339,900","75 Heritage Dr # 75, Tewksbury, MA 01876"
"$519,900","25 Dolores Dr # 0, Tewksbury, MA 01876"
"$469,900","3 PILLSBURY AVE , TEWKSBURY, MA 01876"
"$329,900","42 Villa Roma Dr # 42, Tewksbury, MA 01876"
"$559,800","8 CHARME RD , TEWKSBURY, MA 01876"
"$360,000","320 OLD MAIN ST , TEWKSBURY, MA 01876"
"$718,900","81 MOUNT JOY DR , TEWKSBURY, MA 01876"
$318K,"18 PRINGLE ST , TEWKSBURY, MA 01876"
"$500,000","1428 ANDOVER ST , TEWKSBURY, MA 01876"
"$479,900","39 COLONIAL DR , TEWKSBURY, MA 01876"
"$500,000","1420 ANDOVER ST , TEWKSBURY, MA 01876"
"$329,900","74 KERNWOOD AVE , TEWKSBURY, MA 01876"
"$299,974","23 Decarolis Dr # 23, Tewksbury, MA 01876"
"$295,500","1238 WHIPPLE RD , TEWKSBURY, MA 01876"
"$449,999","18 AMOS ST , TEWKSBURY, MA 01876"
"$299,999","23 DECAROLIS DR , TEWKSBURY, MA 01876"
"$270,000","207 Apache Way # 207, Tewksbury, MA 01876"
"$535,900","32 EMERALD CT , TEWKSBURY, MA 01876"
"$535,900","32 Emerald Ct # 32, Tewksbury, MA 01876"
"$290,000","57 Decarolis Dr # 57, Tewksbury, MA 01876"
