"$549,900","9 Wyndbrook Ln # 9, Tyngsboro, MA 01879"
"$488,000","76 SEQUOIA RD , TYNGSBORO, MA 01879"
"$449,900","1 NOTTINGHAM RD , TYNGSBORO, MA 01879"
"$419,000","10 SEQUOIA RD , TYNGSBORO, MA 01879"
"$474,900","14 Derby Ln # 14, Tyngsboro, MA 01879"
"$599,900","1 Davis Rd , Tyngsboro, MA 01879"
"$769,900","3 SKYLINE DR , TYNGSBORO, MA 01879"
"$459,900","10 OLD TYNG RD , TYNGSBORO, MA 01879"
"$60,000","4 Pine St , Tyngsboro, MA 01879"
"$189,900","302 Pondview Pl # 302, Tyngsboro, MA 01879"
"$425,000","48 Derby Ln # 48, Tyngsboro, MA 01879"
"$850,000","116 Kendall Rd , Tyngsboro, MA 01879"
"$298,400","3 Caroline Way # 54, Tyngsborough, MA 01879"
"$529,900","1 DAVIS ST , TYNGSBORO, MA 01879"
$138K,"12 VILLAGE LN APT 31, TYNGSBORO, MA 01879"
"$244,900","15 CANNONGATE RD APT 41, TYNGSBORO, MA 01879"
"$529,900","15 Windemere Cir # 36, Tyngsboro, MA 01879"
"$414,000","39 WOODLAWN ST , TYNGSBORO, MA 01879"
"$225,000","63 WILLOWDALE RD , TYNGSBORO, MA 01879"
"$1,450,000","34 BRIDLE PATH WAY , TYNGSBORO, MA 01879"
"$549,900","218 SHERBURNE AVE , TYNGSBORO, MA 01879"
$340K,"26 SUMMER ST , TYNGSBORO, MA 01879"
"$289,900","88 WILLOWDALE RD , TYNGSBORO, MA 01879"
"$340,000","40 MIDDLESEX RD , TYNGSBORO, MA 01879"
