"$499,900","30 LAWRENCE ST , WAKEFIELD, MA 01880"
"$669,000","8 NEWELL RD , WAKEFIELD, MA 01880"
"$689,000","5 CRESCENT HL , WAKEFIELD, MA 01880"
"$698,000","24 MORRISON AVE , WAKEFIELD, MA 01880"
"$1,075,000","22 PARKER RD , WAKEFIELD, MA 01880"
"$649,999","19 APPLETON RD , WAKEFIELD, MA 01880"
"$589,000","22R Line Rd # 1, Wakefield, MA 01880"
"$439,900","3 BENNETT ST , WAKEFIELD, MA 01880"
"$459,900","529 WATER ST , WAKEFIELD, MA 01880"
"$569,900","72 CHESTNUT ST , WAKEFIELD, MA 01880"
"$795,900","148 PROSPECT ST , WAKEFIELD, MA 01880"
"$449,000","93 SPRING ST , WAKEFIELD, MA 01880"
"$589,000","22R Line Rd # 2, Wakefield, MA 01880"
"$549,900","3 STONE WAY , WAKEFIELD, MA 01880"
"$849,888","7 EVERGREEN ST , WAKEFIELD, MA 01880"
"$585,000","20 BRYANT ST , WAKEFIELD, MA 01880"
"$585,000","74 OLD NAHANT RD , WAKEFIELD, MA 01880"
"$499,900","7 Wiley Pl , Wakefield, MA 01880"
"$579,000","95 PRESTON ST , WAKEFIELD, MA 01880"
$459K,"1094 MAIN ST , WAKEFIELD, MA 01880"
"$569,000","8 GATES LN # B, WAKEFIELD, MA 01880"
"$1,895,000","330-336 Salem St , Wakefield, MA 01880"
"$989,900","67 HOLLAND RD , WAKEFIELD, MA 01880"
"$1,800,000","2 LONGMEADOW DR , WAKEFIELD, MA 01880"
"$619,000","95A Preston St , Wakefield, MA 01880"
