"$624,900","9 RHODE ISLAND RD , WILMINGTON, MA 01887"
"$719,900","2 CHEYENNE DR , WILMINGTON, MA 01887"
"$599,900","10 OAKRIDGE CIR , WILMINGTON, MA 01887"
"$669,900","32 ASHWOOD AVE , WILMINGTON, MA 01887"
"$439,900","9 COCHRANE RD , WILMINGTON, MA 01887"
"$615,000","4 RING AVE , WILMINGTON, MA 01887"
"$549,900","4 AVERY ST , WILMINGTON, MA 01887"
"$649,900","5 VALYN LN , WILMINGTON, MA 01887"
"$799,900","17 Green Meadow Dr , Wilmington, MA 01887"
"$349,900","36 HANOVER ST , WILMINGTON, MA 01887"
"$549,000","3 WIGHTMAN RD , WILMINGTON, MA 01887"
"$449,900","44 CUNNINGHAM ST , WILMINGTON, MA 01887"
"$629,900","3 AMHERST RD , WILMINGTON, MA 01887"
"$485,000","24 MORSE AVE , WILMINGTON, MA 01887"
"$469,900","2 Rustic Ln , Wilmington, MA 01887"
"$535,000","37 BRAND AVE , WILMINGTON, MA 01887"
"$629,900","20 CLARK ST , WILMINGTON, MA 01887"
"$719,900","21 BURT RD , WILMINGTON, MA 01887"
"$774,900","401 Woburn St , Wilmington, MA 01887"
"$479,000","24 DORCHESTER ST , WILMINGTON, MA 01887"
"$799,900","4 LEDGEWOOD RD , WILMINGTON, MA 01887"
