"$1,075,000","8 ALDRICH LN , WESTFORD, MA 01886"
"$675,000","18 FORGE VILLAGE RD , WESTFORD, MA 01886"
"$300,000","176 GROTON RD , WESTFORD, MA 01886"
"$775,000","13 WOODBURY DR , WESTFORD, MA 01886"
"$259,000","39 PINE RD , WESTFORD, MA 01886"
"$645,000","7 TIMBERLEE LN , WESTFORD, MA 01886"
"$489,000","46 PATTEN RD , WESTFORD, MA 01886"
"$439,900","67 CONCORD RD UNIT 6, WESTFORD, MA 01886"
"$830,000","30R North St , Westford, MA 01886"
"$189,000","2 Acorn Ln # 2, Westford, MA 01886"
"$210,000","16 Big Rock Trl # 16, Westford, MA 01886"
"$687,500","39 KIRSI CIR , WESTFORD, MA 01886"
"$635,000","13 VINE BROOK RD , WESTFORD, MA 01886"
"$329,900","99 FORGE VILLAGE RD , WESTFORD, MA 01886"
"$1,089,000","6 TRAILSIDE WAY , WESTFORD, MA 01886"
"$614,900","85 PROVIDENCE RD , WESTFORD, MA 01886"
"$170,000","10 Whispering Pines Rd # 10, Westford, MA 01886"
"$315,000","8 GROVE ST , WESTFORD, MA 01886"
"$190,000","5 LINCOLN AVE # A, WESTFORD, MA 01886"
"$354,900","1 SUMMER VILLAGE RD , WESTFORD, MA 01886"
"$234,900","3 Starlight Ln # 3, Westford, MA 01886"
"$449,000","27 OAK HILL RD , WESTFORD, MA 01886"
"$194,900","8 Courtview Ln # 8, Westford, MA 01886"
"$194,000","4 Whispering Pines Rd # 4, Westford, MA 01886"
"$1,150,000","77 CARLISLE RD , WESTFORD, MA 01886"
