"$1,629,000","170 FOREST ST , WINCHESTER, MA 01890"
"$1,299,000","1 SOCRATES WAY , WINCHESTER, MA 01890"
"$1,049,000","17 HILLSIDE AVE , WINCHESTER, MA 01890"
"$949,000","15 BONAD RD , WINCHESTER, MA 01890"
"$1,049,000","51 BACON ST , WINCHESTER, MA 01890"
"$1,349,000","10 BELLEVUE AVE , WINCHESTER, MA 01890"
"$1,349,000","7 WAINWRIGHT RD UNIT 1, WINCHESTER, MA 01890"
"$925,000","6 CRESCENT RD , WINCHESTER, MA 01890"
"$1,189,000","4 SIMONDS RD , WINCHESTER, MA 01890"
"$1,899,000","8 LAGRANGE ST , WINCHESTER, MA 01890"
"$1,399,000","211 HIGHLAND AVE , WINCHESTER, MA 01890"
"$799,000","4 VALLEYWOOD CIR , WINCHESTER, MA 01890"
"$899,000","16 Westley St , Winchester, MA 01890"
"$3,300,000","6 ROBINSON PARK , WINCHESTER, MA 01890"
"$699,000","38 PICKERING ST # A, WINCHESTER, MA 01890"
"$1,299,000","62 EMERSON RD , WINCHESTER, MA 01890"
$586K,"10 HILL ST , WINCHESTER, MA 01890"
"$1,299,900","12 WOODSIDE RD , WINCHESTER, MA 01890"
"$2,499,000","17 CENTRAL ST , WINCHESTER, MA 01890"
"$599,000","9 GOVERNORS AVE # 2, WINCHESTER, MA 01890"
"$899,000","16 Westley St # 16, Winchester, MA 01890"
"$419,000","247 WASHINGTON ST UNIT 1, WINCHESTER, MA 01890"
"$795,000","13 ROCK AVE , WINCHESTER, MA 01890"
"$879,000","83 CHURCH ST APT 14, WINCHESTER, MA 01890"
"$339,000","200 SWANTON ST APT 735, WINCHESTER, MA 01890"
